"PLAYER_NAME","FGM_LT_10_10FT","FGA_LT_10_10FT","LT_10_PCT_10FT","NS_LT_10_PCT_10FT","PLUSMINUS_10FT","FGM_GT_15_15FT","FGA_GT_15_15FT","NS_GT_15_PCT_15FT","PLUSMINUS_15FT","FG2M_2P","FG2A_2P","FG2_PCT_2P","NS_FG2_PCT_2P","PLUSMINUS_2P","FGM_LT_06_6FT","FGA_LT_06_6FT","LT_06_PCT_6FT","NS_LT_06_PCT_6FT","PLUSMINUS_6FT","FG3M_3P","FG3A_3P","FG3_PCT_3P","NS_FG3_PCT_3P","PLUSMINUS_3P","D_FGM_OVERALL","D_FGA_OVERALL","D_FG_PCT_OVERALL","NORMAL_FG_PCT_OVERALL","PCT_PLUSMINUS_OVERALL"
"Brook Lopez",4.99,10.27,0.485,0.553,-0.068,1.53,3.74,0.38,0.03,6.38,13.79,0.463,0.505,-0.042,4.11,7.89,0.521,0.603,-0.082,0.52,1.33,0.392,0.337,0.055,6.9,15.12,0.457,0.479,-0.023
"Hassan Whiteside",5.03,10.11,0.497,0.55,-0.053,1.01,3.07,0.386,-0.056,6.44,13.6,0.473,0.503,-0.029,3.89,7.63,0.51,0.597,-0.087,0.25,0.86,0.286,0.351,-0.066,6.68,14.47,0.462,0.478,-0.016
"Pau Gasol",4.43,9.6,0.462,0.557,-0.096,1.44,3.42,0.381,0.042,6.03,13.26,0.454,0.508,-0.053,3.71,7.42,0.5,0.608,-0.108,0.31,0.97,0.314,0.336,-0.021,6.33,14.24,0.445,0.484,-0.039
"DeMarcus Cousins",4.83,9.56,0.505,0.544,-0.039,2.39,5.91,0.379,0.025,6.55,13.95,0.469,0.496,-0.027,3.86,7.14,0.54,0.595,-0.054,1.14,2.89,0.395,0.352,0.043,7.69,16.84,0.456,0.464,-0.008
"Marcin Gortat",4.51,9,0.501,0.554,-0.053,1.67,4.41,0.38,-0.003,6.35,13.33,0.476,0.502,-0.026,3.63,6.6,0.549,0.603,-0.053,0.67,1.76,0.379,0.354,0.025,7.01,15.09,0.465,0.474,-0.009
"Karl-Anthony Towns",4.65,8.87,0.524,0.551,-0.026,1.43,3.68,0.382,0.005,5.63,11.49,0.49,0.505,-0.014,3.84,6.83,0.563,0.601,-0.039,0.74,1.91,0.389,0.362,0.026,6.38,13.4,0.476,0.474,0.002
"Andre Drummond",4.62,8.64,0.534,0.555,-0.02,1.73,3.69,0.39,0.078,6.37,12.54,0.508,0.508,0,3.79,6.7,0.565,0.602,-0.037,0.52,1.17,0.442,0.34,0.102,6.89,13.72,0.502,0.486,0.016
"DeAndre Jordan",4.09,8.47,0.483,0.545,-0.061,1.81,5.04,0.382,-0.024,5.68,12.86,0.441,0.497,-0.056,3.25,6.26,0.519,0.592,-0.073,0.64,1.95,0.327,0.354,-0.028,6.31,14.81,0.426,0.47,-0.044
"Al Horford",4.17,8.45,0.494,0.547,-0.053,1.6,4.32,0.382,-0.012,5.6,12.05,0.465,0.497,-0.033,3.37,6.33,0.532,0.595,-0.063,0.61,1.79,0.34,0.353,-0.012,6.21,13.84,0.448,0.469,-0.021
"Nikola Vučević",4.36,8.42,0.518,0.552,-0.034,1.08,2.92,0.388,-0.019,5.53,11.59,0.477,0.501,-0.024,3.56,6.17,0.577,0.6,-0.023,0.27,0.89,0.298,0.354,-0.056,5.8,12.48,0.464,0.479,-0.015
"Serge Ibaka",4.31,8.4,0.513,0.544,-0.031,2.29,6.27,0.37,-0.004,5.74,12.06,0.476,0.495,-0.019,3.73,6.91,0.54,0.593,-0.053,1.21,3.36,0.359,0.349,0.01,6.95,15.42,0.451,0.46,-0.009
"Jahlil Okafor",4.28,8.4,0.51,0.551,-0.041,1.87,4.49,0.388,0.028,6.09,12.17,0.501,0.504,-0.003,3.57,6.51,0.548,0.597,-0.049,0.62,1.7,0.367,0.338,0.029,6.72,13.87,0.484,0.479,0.006
"Robin Lopez",3.93,8.22,0.478,0.55,-0.072,1.73,3.67,0.379,0.093,5.74,11.94,0.481,0.501,-0.02,3.16,6.44,0.491,0.599,-0.109,0.43,1.12,0.38,0.342,0.039,6.17,13.06,0.472,0.478,-0.006
"Rudy Gobert",3.79,8.07,0.47,0.549,-0.08,1.18,3.18,0.377,-0.006,4.85,10.8,0.449,0.501,-0.052,3.03,6.18,0.491,0.595,-0.104,0.49,1.36,0.361,0.35,0.011,5.34,12.16,0.439,0.474,-0.035
"Derrick Favors",3.79,8.06,0.47,0.554,-0.084,2.1,4.97,0.376,0.046,5.24,11.34,0.462,0.503,-0.041,3.06,6.06,0.505,0.602,-0.097,0.97,2.45,0.395,0.347,0.048,6.21,13.79,0.45,0.472,-0.022
"Marc Gasol",3.65,7.69,0.475,0.55,-0.075,1.23,3.35,0.376,-0.008,4.88,10.75,0.454,0.505,-0.05,3.23,6.12,0.528,0.601,-0.073,0.42,1.31,0.324,0.342,-0.018,5.31,12.06,0.44,0.478,-0.037
"Draymond Green",3.54,7.59,0.467,0.548,-0.082,2.52,7.31,0.365,-0.021,5.27,12.17,0.433,0.491,-0.058,2.89,5.62,0.514,0.597,-0.083,1.25,4.26,0.293,0.345,-0.053,6.52,16.43,0.397,0.455,-0.058
"Nerlens Noel",3.85,7.55,0.51,0.557,-0.047,1.67,4.09,0.375,0.034,5.1,10.48,0.487,0.505,-0.018,3.33,6.43,0.517,0.603,-0.086,0.79,1.97,0.402,0.352,0.05,5.9,12.45,0.474,0.475,-0.001
"Jonas Valančiūnas",3.9,7.53,0.518,0.551,-0.033,1.31,3.29,0.381,0.016,5.14,10.64,0.482,0.499,-0.017,3.25,5.83,0.558,0.598,-0.04,0.47,1.15,0.412,0.352,0.06,5.61,11.8,0.476,0.474,0.002
"Greg Monroe",4.05,7.49,0.541,0.552,-0.011,1.18,3.06,0.381,0.003,5.16,10.19,0.507,0.502,0.005,3.53,5.99,0.59,0.6,-0.01,0.46,1.15,0.396,0.349,0.046,5.62,11.34,0.496,0.474,0.021
"Mason Plumlee",4.04,7.49,0.539,0.557,-0.018,1.1,2.62,0.384,0.035,5.23,9.98,0.524,0.51,0.015,3.22,5.85,0.55,0.605,-0.055,0.24,0.87,0.282,0.342,-0.06,5.48,10.84,0.505,0.485,0.02
"Kristaps Porziņģis",3.61,7.47,0.483,0.55,-0.067,1.89,5.5,0.375,-0.032,4.85,10.83,0.447,0.5,-0.052,3.08,6.07,0.508,0.6,-0.091,0.83,2.74,0.305,0.353,-0.049,5.68,13.57,0.419,0.465,-0.046
"Anthony Davis",3.87,7.46,0.519,0.553,-0.035,2.21,6.41,0.38,-0.034,5.2,11.26,0.461,0.501,-0.04,3,5.38,0.558,0.597,-0.039,1.21,3.56,0.341,0.356,-0.015,6.41,14.82,0.433,0.466,-0.034
"Kevin Love",4.27,7.42,0.576,0.549,0.028,1.99,4.86,0.376,0.033,5.77,10.92,0.528,0.496,0.031,3.21,5.08,0.632,0.599,0.032,0.91,2.43,0.374,0.358,0.017,6.68,13.35,0.5,0.465,0.035
"Steven Adams",3.48,7.35,0.473,0.549,-0.077,1.65,4.93,0.379,-0.044,4.85,11.13,0.436,0.502,-0.066,2.93,5.4,0.542,0.601,-0.059,0.68,2.08,0.325,0.355,-0.03,5.53,13.2,0.419,0.472,-0.053
"Myles Turner",3.75,7.35,0.51,0.545,-0.035,1.17,3.47,0.375,-0.038,4.47,9.48,0.471,0.496,-0.025,3.07,5.9,0.52,0.594,-0.074,0.7,2.02,0.347,0.346,0.002,5.17,11.5,0.449,0.464,-0.014
"Zaza Pachulia",4.08,7.32,0.558,0.546,0.012,1.18,3.38,0.382,-0.032,5.43,10.55,0.515,0.5,0.015,3.39,5.66,0.6,0.593,0.007,0.28,1.07,0.259,0.343,-0.084,5.71,11.62,0.492,0.477,0.015
"Paul Millsap",3.81,7.3,0.523,0.553,-0.03,2.11,5.49,0.371,0.013,5.07,10.32,0.492,0.498,-0.006,3.2,5.84,0.548,0.603,-0.055,1.19,3.28,0.361,0.353,0.008,6.26,13.6,0.46,0.463,-0.003
"Dwight Howard",3.91,7.14,0.548,0.546,0.002,1.36,3.57,0.383,-0.003,5.3,10.73,0.494,0.494,0,3.26,5.53,0.589,0.596,-0.007,0.44,1.36,0.326,0.352,-0.025,5.74,12.09,0.475,0.467,0.008
"Roy Hibbert",3.74,7.07,0.529,0.556,-0.027,1.28,3.09,0.386,0.03,5.02,9.89,0.508,0.505,0.003,3.1,5.28,0.586,0.603,-0.017,0.49,1.27,0.388,0.361,0.028,5.52,11.16,0.494,0.477,0.017
"Tristan Thompson",3.59,7.06,0.509,0.543,-0.034,1.57,4.25,0.373,-0.004,5.05,10.43,0.484,0.492,-0.008,2.86,5.1,0.562,0.594,-0.032,0.65,2.1,0.312,0.351,-0.039,5.7,12.53,0.455,0.462,-0.007
"Tim Duncan",3.2,7,0.457,0.543,-0.087,1.16,3.05,0.373,0.009,4.57,10.51,0.435,0.499,-0.064,2.61,5.26,0.495,0.593,-0.097,0.3,0.75,0.391,0.347,0.044,4.87,11.26,0.432,0.474,-0.041
"Gorgui Dieng",3.76,6.72,0.559,0.549,0.01,1.27,3.2,0.382,0.015,4.8,9.21,0.522,0.501,0.021,3.18,5.34,0.596,0.598,-0.002,0.5,1.44,0.347,0.349,-0.001,5.3,10.65,0.498,0.471,0.027
"Ian Mahinmi",3.51,6.69,0.524,0.546,-0.022,1.18,2.99,0.389,0.007,4.68,9.42,0.496,0.495,0.001,2.9,5.11,0.567,0.598,-0.031,0.49,1.28,0.385,0.348,0.037,5.17,10.7,0.483,0.467,0.016
"Bismack Biyombo",2.99,6.63,0.451,0.544,-0.093,0.99,2.42,0.374,0.034,3.86,8.69,0.445,0.493,-0.049,2.48,5.16,0.481,0.591,-0.111,0.38,1.15,0.333,0.346,-0.013,4.25,9.84,0.432,0.464,-0.032
"Dirk Nowitzki",3.45,6.61,0.522,0.544,-0.022,2.27,5.72,0.373,0.023,5.07,10.08,0.503,0.496,0.007,2.93,5.24,0.56,0.593,-0.034,1.13,3.31,0.343,0.354,-0.011,6.2,13.39,0.463,0.46,0.003
"Alex Len",3.35,6.55,0.512,0.55,-0.039,1.22,3.27,0.372,0.001,4.49,9.27,0.485,0.502,-0.017,2.74,4.78,0.573,0.597,-0.024,0.43,1.31,0.327,0.329,-0.002,4.92,10.58,0.465,0.472,-0.007
"Jordan Hill",3.44,6.38,0.539,0.548,-0.009,1.22,3.04,0.377,0.024,4.53,8.73,0.52,0.501,0.019,2.67,4.6,0.58,0.594,-0.014,0.49,1.48,0.333,0.348,-0.015,5.03,10.21,0.493,0.47,0.023
"Andrew Bogut",3.04,6.34,0.48,0.548,-0.068,1,2.64,0.377,0.001,4.11,9.17,0.449,0.499,-0.051,2.5,4.9,0.51,0.6,-0.09,0.27,0.81,0.333,0.339,-0.005,4.39,9.99,0.439,0.472,-0.033
"Clint Capela",3.09,6.27,0.493,0.543,-0.05,1.08,3.13,0.374,-0.029,3.94,8.43,0.467,0.495,-0.028,2.61,4.88,0.535,0.592,-0.057,0.52,1.65,0.315,0.349,-0.035,4.45,10.08,0.442,0.466,-0.024
"Festus Ezeli",2.98,6.26,0.476,0.543,-0.067,0.74,2.28,0.375,-0.051,3.78,8.48,0.446,0.494,-0.047,2.37,4.61,0.514,0.59,-0.076,0.17,0.65,0.267,0.35,-0.084,3.96,9.13,0.433,0.471,-0.037
"LaMarcus Aldridge",3.15,6.18,0.51,0.548,-0.038,2.03,5.38,0.369,0.008,4.78,10.3,0.465,0.493,-0.029,2.55,4.42,0.578,0.596,-0.018,0.86,2.42,0.358,0.348,0.01,5.65,12.72,0.444,0.462,-0.018
"Jared Sullinger",3.3,6.16,0.535,0.552,-0.016,1.09,2.99,0.37,-0.006,4.35,9.06,0.48,0.502,-0.022,2.49,4.35,0.572,0.6,-0.028,0.43,1.08,0.395,0.339,0.057,4.78,10.14,0.471,0.476,-0.005
"Amir Johnson",2.91,6.1,0.477,0.547,-0.07,1.56,3.53,0.374,0.07,4.12,8.81,0.467,0.497,-0.03,2.47,4.68,0.529,0.596,-0.068,0.76,1.79,0.421,0.355,0.066,4.87,10.6,0.459,0.465,-0.006
"Giannis Antetokounmpo",3.01,6.03,0.5,0.55,-0.05,2.21,5.61,0.371,0.023,3.96,8.36,0.474,0.497,-0.023,2.61,4.86,0.537,0.6,-0.063,1.59,4.05,0.392,0.354,0.038,5.55,12.41,0.447,0.455,-0.008
"Thaddeus Young",3.49,5.86,0.596,0.55,0.045,1.84,5.38,0.371,-0.03,4.78,8.86,0.539,0.497,0.043,2.9,4.63,0.627,0.599,0.028,1.08,3.48,0.311,0.354,-0.043,5.86,12.34,0.475,0.459,0.016
"Cody Zeller",2.93,5.85,0.501,0.553,-0.052,1.05,2.67,0.385,0.01,3.85,8.08,0.476,0.504,-0.028,2.38,4.3,0.554,0.6,-0.046,0.45,1.18,0.384,0.347,0.037,4.3,9.26,0.464,0.477,-0.012
"Enes Freedom",3.04,5.85,0.519,0.547,-0.028,1.12,2.85,0.377,0.016,3.96,8.3,0.477,0.496,-0.019,2.41,4.23,0.571,0.597,-0.026,0.44,1.15,0.383,0.357,0.026,4.4,9.45,0.466,0.467,-0.001
"Nikola Jokić",2.9,5.84,0.497,0.553,-0.056,1.28,3.19,0.382,0.019,4.04,8.46,0.478,0.504,-0.027,2.47,4.7,0.526,0.601,-0.075,0.49,1.23,0.402,0.344,0.058,4.53,9.68,0.468,0.476,-0.008
"Kosta Koufos",2.84,5.84,0.487,0.545,-0.059,1.27,2.82,0.381,0.071,3.9,8.06,0.483,0.498,-0.015,2.19,4.13,0.531,0.598,-0.066,0.55,1.35,0.404,0.357,0.047,4.44,9.42,0.472,0.466,0.006
"Julius Randle",3.57,5.83,0.612,0.547,0.065,1.7,4.67,0.374,-0.009,4.48,8.23,0.544,0.497,0.047,2.91,4.46,0.654,0.599,0.054,1.11,3.04,0.366,0.354,0.012,5.59,11.27,0.496,0.461,0.035
"Ryan Anderson",3.15,5.71,0.552,0.543,0.009,1.64,4.76,0.369,-0.025,4.14,8.52,0.486,0.489,-0.003,2.53,4.12,0.614,0.593,0.021,0.98,2.8,0.351,0.361,-0.009,5.12,11.32,0.452,0.452,0.001
"Timofey Mozgov",2.8,5.68,0.493,0.55,-0.057,0.91,2.76,0.373,-0.045,3.86,8.36,0.461,0.5,-0.039,2.13,4.08,0.523,0.602,-0.079,0.26,0.92,0.286,0.348,-0.062,4.12,9.28,0.444,0.476,-0.032
"Blake Griffin",3.34,5.66,0.591,0.543,0.048,2.4,6.11,0.369,0.023,5.06,9.91,0.51,0.494,0.016,2.71,4.54,0.597,0.594,0.004,1.17,3.03,0.387,0.351,0.036,6.23,12.94,0.481,0.462,0.019
"Chris Bosh",2.94,5.58,0.527,0.547,-0.02,2.11,5.55,0.375,0.006,4.53,9.58,0.472,0.491,-0.018,2.38,4,0.594,0.6,-0.006,1.02,2.6,0.391,0.355,0.036,5.55,12.19,0.455,0.455,0.001
"Zach Randolph",3.32,5.49,0.606,0.551,0.055,1.4,4,0.379,-0.03,4.41,8.21,0.538,0.503,0.035,2.96,4.47,0.661,0.596,0.065,0.56,1.91,0.292,0.358,-0.065,4.97,10.12,0.491,0.473,0.018
"Ed Davis",2.6,5.43,0.48,0.546,-0.066,0.94,2.62,0.375,-0.017,3.4,7.46,0.455,0.499,-0.044,2.22,4.46,0.499,0.594,-0.096,0.35,1.16,0.298,0.339,-0.041,3.74,8.62,0.434,0.471,-0.037
"Tyson Chandler",3.09,5.42,0.57,0.559,0.011,1.42,3.42,0.384,0.032,4.26,7.65,0.556,0.508,0.048,2.68,4.36,0.615,0.61,0.005,0.58,1.77,0.325,0.353,-0.029,4.83,9.42,0.513,0.475,0.038
"Kenneth Faried",3.16,5.39,0.587,0.547,0.04,1.7,3.94,0.374,0.058,4.37,8.1,0.54,0.497,0.043,2.67,4.21,0.635,0.595,0.039,0.78,1.85,0.419,0.348,0.071,5.15,9.96,0.517,0.465,0.052
"Al Jefferson",2.85,5.13,0.556,0.548,0.008,1.09,2.72,0.397,0.001,4.17,8.13,0.513,0.498,0.015,2.17,3.4,0.638,0.599,0.038,0.13,0.62,0.207,0.332,-0.125,4.3,8.74,0.491,0.477,0.015
"John Henson",2.33,5.12,0.455,0.545,-0.089,1.02,2.74,0.375,-0.003,2.88,6.72,0.428,0.492,-0.064,2.05,4.44,0.462,0.594,-0.132,0.58,1.51,0.384,0.357,0.027,3.46,8.23,0.42,0.459,-0.038
"Jon Leuer",2.77,5.12,0.541,0.538,0.003,1.02,2.48,0.373,0.036,3.39,6.59,0.515,0.491,0.024,2.26,3.85,0.587,0.591,-0.004,0.55,1.52,0.36,0.354,0.006,3.94,8.11,0.486,0.453,0.033
"Aron Baynes",2.63,5.11,0.513,0.545,-0.031,0.83,1.81,0.382,0.074,3.49,6.81,0.512,0.498,0.014,2.01,3.7,0.544,0.591,-0.047,0.23,0.65,0.346,0.344,0.002,3.71,7.46,0.497,0.473,0.024
"Taj Gibson",2.53,5.04,0.503,0.551,-0.048,1.88,5.03,0.375,-0.002,3.78,8.08,0.468,0.495,-0.027,2.1,4.03,0.52,0.599,-0.079,0.92,2.67,0.344,0.363,-0.019,4.7,10.75,0.437,0.46,-0.024
"Luol Deng",2.91,5.03,0.578,0.548,0.03,1.81,4.88,0.375,-0.003,4.31,8.43,0.511,0.491,0.02,2.36,3.65,0.648,0.6,0.048,0.93,2.7,0.345,0.357,-0.012,5.24,11.14,0.471,0.452,0.018
"Jusuf Nurkić",2.77,5.03,0.551,0.541,0.01,0.9,2.48,0.372,-0.009,3.52,6.81,0.517,0.497,0.02,2.39,3.77,0.632,0.59,0.042,0.39,1.13,0.343,0.347,-0.004,3.9,7.94,0.492,0.466,0.025
"James Harden",3.02,5.01,0.603,0.55,0.053,2.88,7.54,0.371,0.01,4.12,7.68,0.537,0.492,0.044,2.61,3.85,0.677,0.601,0.076,2.12,5.61,0.378,0.358,0.02,6.24,13.29,0.47,0.446,0.024
"Jerami Grant",2.44,4.99,0.49,0.549,-0.059,1.87,5.19,0.369,-0.009,3.49,7.7,0.454,0.493,-0.039,2.16,3.97,0.542,0.599,-0.057,1.04,3.1,0.335,0.351,-0.016,4.53,10.81,0.419,0.453,-0.034
"Rudy Gay",2.81,4.9,0.574,0.549,0.025,2.25,6.42,0.375,-0.025,3.9,7.74,0.504,0.493,0.011,2.39,3.61,0.663,0.602,0.061,1.54,4.41,0.349,0.358,-0.009,5.43,12.14,0.447,0.452,-0.004
"Marvin Williams",2.52,4.89,0.515,0.548,-0.033,1.94,4.99,0.371,0.018,3.69,7.47,0.494,0.493,0.001,2.22,4,0.556,0.6,-0.045,1.07,3.1,0.347,0.353,-0.006,4.77,10.57,0.451,0.452,-0.002
"Jared Dudley",2.6,4.86,0.536,0.541,-0.005,1.38,3.95,0.37,-0.02,3.6,7.33,0.492,0.488,0.004,2.15,3.51,0.613,0.595,0.018,0.73,2.25,0.324,0.352,-0.028,4.33,9.58,0.452,0.45,0.002
"Nene",2.66,4.86,0.548,0.542,0.006,0.95,2.2,0.38,0.051,3.5,6.88,0.509,0.496,0.013,2.16,3.66,0.59,0.588,0.002,0.38,0.89,0.42,0.351,0.069,3.88,7.77,0.499,0.467,0.032
"Jeff Withey",2.23,4.85,0.459,0.544,-0.085,0.67,1.79,0.372,0,2.79,6.31,0.442,0.499,-0.056,1.79,3.85,0.465,0.594,-0.129,0.17,0.63,0.267,0.334,-0.068,2.96,6.94,0.426,0.47,-0.044
"Omer Asik",2.73,4.84,0.565,0.56,0.005,0.97,2.54,0.378,0.005,3.78,7.31,0.516,0.508,0.009,2.24,3.91,0.573,0.604,-0.032,0.15,0.6,0.25,0.352,-0.102,3.93,7.91,0.496,0.486,0.01
"Ersan Ilyasova",2.78,4.82,0.577,0.547,0.03,1.59,3.8,0.376,0.044,3.92,7.19,0.545,0.491,0.054,2.32,3.69,0.63,0.594,0.036,0.77,2.04,0.377,0.362,0.015,4.69,9.23,0.508,0.457,0.051
"Nikola Mirotic",2.74,4.8,0.571,0.544,0.027,1.77,4.83,0.37,-0.004,3.77,7.64,0.494,0.492,0.002,2.24,3.53,0.635,0.598,0.038,1.05,2.92,0.358,0.352,0.005,4.82,10.56,0.456,0.451,0.005
"Miles Plumlee",2.46,4.79,0.515,0.556,-0.041,0.63,1.86,0.379,-0.043,3.02,6.29,0.48,0.507,-0.027,2.13,3.88,0.548,0.611,-0.063,0.25,0.75,0.333,0.367,-0.033,3.27,7.04,0.464,0.478,-0.013
"Kelly Olynyk",2.57,4.79,0.537,0.541,-0.004,1.43,4.35,0.369,-0.041,3.56,7.63,0.466,0.489,-0.023,2.04,3.37,0.607,0.589,0.018,0.82,2.4,0.344,0.346,-0.003,4.38,10.03,0.437,0.454,-0.017
"Joakim Noah",2.55,4.79,0.532,0.542,-0.009,1.66,4.48,0.368,0.001,3.79,8.38,0.453,0.491,-0.038,2.21,3.48,0.634,0.585,0.048,0.79,2.03,0.39,0.338,0.052,4.59,10.41,0.44,0.458,-0.018
"Cole Aldrich",2.62,4.79,0.547,0.546,0.001,0.69,2.1,0.363,-0.036,3.34,6.45,0.519,0.496,0.022,2.33,4.02,0.579,0.59,-0.01,0.24,0.91,0.264,0.344,-0.08,3.59,7.36,0.487,0.46,0.027
"Meyers Leonard",2.57,4.73,0.542,0.55,-0.008,2.07,5.47,0.376,0.002,3.98,8.33,0.478,0.496,-0.018,1.92,3.3,0.581,0.603,-0.022,1,2.65,0.377,0.344,0.034,4.98,10.98,0.454,0.461,-0.007
"Darrell Arthur",2.44,4.71,0.518,0.549,-0.031,1.33,3.7,0.373,-0.014,3.23,7.04,0.458,0.495,-0.037,1.91,3.4,0.563,0.603,-0.04,0.73,1.99,0.367,0.351,0.016,3.96,9.03,0.438,0.459,-0.021
"Andrew Wiggins",2.6,4.67,0.558,0.545,0.013,2.86,7.44,0.368,0.017,3.98,7.77,0.512,0.49,0.021,2.17,3.51,0.62,0.595,0.024,1.8,5.06,0.356,0.35,0.006,5.78,12.83,0.45,0.444,0.006
"Terrence Jones",2.57,4.65,0.553,0.545,0.008,1.63,3.65,0.365,0.082,3.47,6.37,0.545,0.492,0.053,2.1,3.59,0.585,0.59,-0.004,1.04,2.45,0.425,0.347,0.078,4.51,8.82,0.512,0.454,0.058
"Spencer Hawes",2.46,4.61,0.532,0.544,-0.012,0.88,2.37,0.388,-0.017,3.28,6.77,0.484,0.492,-0.007,1.81,3.12,0.579,0.588,-0.009,0.23,0.68,0.333,0.34,-0.007,3.51,7.46,0.471,0.467,0.004
"Jimmy Butler III",2.49,4.61,0.54,0.548,-0.007,2.75,6.55,0.373,0.046,4.15,8.3,0.5,0.491,0.009,2.1,3.48,0.605,0.6,0.005,1.7,4.22,0.403,0.354,0.049,5.85,12.52,0.467,0.448,0.02
"Eric Bledsoe",2.52,4.58,0.549,0.531,0.019,2.48,7.35,0.365,-0.027,3.77,7.97,0.474,0.473,0.001,1.97,3.03,0.649,0.584,0.065,1.55,5.1,0.304,0.351,-0.047,5.32,13.06,0.407,0.431,-0.024
"Mirza Teletovic",2.64,4.54,0.582,0.541,0.041,1.47,3.76,0.367,0.025,3.41,6.64,0.514,0.488,0.025,2.15,3.27,0.659,0.594,0.065,0.91,2.23,0.408,0.35,0.058,4.32,8.87,0.487,0.449,0.038
"Tobias Harris",2.49,4.49,0.555,0.55,0.005,2.25,5.65,0.369,0.03,3.93,7.8,0.504,0.492,0.013,1.97,3.25,0.607,0.601,0.006,1.31,3.32,0.394,0.353,0.04,5.24,11.12,0.471,0.45,0.021
"Brandon Bass",2.59,4.48,0.578,0.543,0.035,0.88,2.56,0.378,-0.037,3.33,6.56,0.507,0.495,0.012,2.05,3.22,0.636,0.589,0.047,0.39,1.16,0.338,0.343,-0.005,3.72,7.72,0.482,0.461,0.02
"Jabari Parker",2.91,4.46,0.652,0.552,0.1,2.67,6.63,0.37,0.033,3.97,6.93,0.573,0.498,0.075,2.59,3.78,0.686,0.599,0.088,1.97,4.91,0.402,0.357,0.045,5.95,11.84,0.502,0.45,0.052
"David Lee",2.33,4.4,0.528,0.546,-0.018,1.13,2.85,0.376,0.022,3.04,6.31,0.482,0.497,-0.015,1.81,3.1,0.584,0.586,-0.002,0.56,1.38,0.403,0.36,0.042,3.6,7.69,0.468,0.466,0.002
"Markieff Morris",2.45,4.38,0.561,0.548,0.013,1.63,4.58,0.376,-0.021,3.38,7.17,0.471,0.495,-0.025,2.02,3.33,0.606,0.601,0.005,0.94,2.59,0.361,0.358,0.003,4.31,9.77,0.442,0.457,-0.015
"Frank Kaminsky",2.33,4.34,0.536,0.544,-0.008,1.71,4.29,0.374,0.026,3.23,6.64,0.486,0.492,-0.006,1.89,3.29,0.574,0.591,-0.016,1.03,2.6,0.394,0.352,0.042,4.25,9.24,0.46,0.454,0.006
"Nemanja Bjelica",2.45,4.32,0.568,0.537,0.031,1.22,3.37,0.368,-0.007,3.07,5.87,0.523,0.491,0.032,2,3.25,0.615,0.587,0.029,0.73,2.27,0.324,0.345,-0.022,3.8,8.13,0.467,0.45,0.017
"Harrison Barnes",2.41,4.3,0.56,0.556,0.004,1.88,4.64,0.367,0.039,3.56,7.36,0.484,0.491,-0.008,1.67,2.74,0.608,0.611,-0.003,1,2.52,0.398,0.347,0.051,4.56,9.88,0.462,0.45,0.011
"David West",2.32,4.29,0.54,0.544,-0.004,1.17,3.12,0.365,0.01,3.32,6.88,0.482,0.493,-0.01,1.83,3.28,0.559,0.588,-0.03,0.4,1.21,0.33,0.34,-0.01,3.72,8.09,0.46,0.463,-0.003
"Kevin Durant",2.25,4.26,0.528,0.55,-0.022,1.86,6.42,0.364,-0.074,3.38,7.44,0.453,0.493,-0.039,1.9,3.26,0.583,0.601,-0.018,1.1,4.1,0.268,0.348,-0.08,4.47,11.54,0.387,0.448,-0.061
"Willie Cauley-Stein",2.28,4.25,0.536,0.543,-0.007,1.86,4.8,0.37,0.018,3.32,6.66,0.499,0.493,0.006,1.82,3.17,0.573,0.591,-0.018,1.03,2.83,0.364,0.345,0.019,4.35,9.49,0.459,0.456,0.003
"Joffrey Lauvergne",2.36,4.22,0.559,0.542,0.018,0.84,2.36,0.374,-0.016,3.22,6.21,0.519,0.491,0.028,1.72,2.95,0.585,0.592,-0.008,0.22,0.98,0.228,0.345,-0.117,3.45,7.19,0.48,0.46,0.019
"Tiago Splitter",2.17,4.22,0.513,0.546,-0.033,1.06,2.53,0.369,0.049,3.11,6.25,0.498,0.498,-0.001,1.61,2.86,0.563,0.593,-0.03,0.36,1.14,0.317,0.33,-0.012,3.47,7.39,0.47,0.471,-0.001
"Dewayne Dedmon",2.12,4.2,0.505,0.547,-0.042,0.42,1.34,0.378,-0.065,2.46,5.34,0.461,0.499,-0.038,1.74,3.24,0.537,0.6,-0.063,0.22,0.56,0.393,0.36,0.033,2.68,5.9,0.454,0.471,-0.017
"Amar'e Stoudemire",2.02,4.18,0.483,0.547,-0.064,0.72,1.76,0.386,0.023,2.72,5.88,0.463,0.502,-0.039,1.64,3.1,0.529,0.588,-0.059,0.2,0.6,0.333,0.333,0,2.92,6.48,0.451,0.477,-0.026
"Alexis Ajinca",2.16,4.18,0.517,0.549,-0.032,0.96,2.16,0.382,0.064,2.89,6,0.482,0.5,-0.018,1.73,3.09,0.561,0.595,-0.035,0.41,0.8,0.511,0.353,0.159,3.3,6.8,0.486,0.472,0.013
"Reggie Jackson",2.63,4.16,0.632,0.538,0.095,2.11,5.78,0.375,-0.009,4.22,7.76,0.543,0.479,0.064,1.97,2.76,0.716,0.588,0.127,1.13,3.38,0.333,0.359,-0.025,5.34,11.14,0.48,0.444,0.036
"Kyle Korver",2.29,4.1,0.558,0.54,0.018,1.98,5.41,0.364,0.001,3.33,7.04,0.472,0.482,-0.009,1.98,3.15,0.627,0.595,0.032,1.23,3.53,0.348,0.351,-0.004,4.55,10.56,0.431,0.44,-0.009
"Ish Smith",2.48,4.1,0.605,0.532,0.073,2.3,5.79,0.375,0.022,4.05,7.78,0.521,0.478,0.043,2.07,3.01,0.686,0.588,0.099,1.33,3.41,0.39,0.366,0.024,5.38,11.19,0.481,0.44,0.041
"Tyler Zeller",2,4.09,0.489,0.549,-0.06,0.55,1.53,0.371,-0.011,2.67,5.66,0.473,0.5,-0.028,1.57,2.93,0.535,0.594,-0.059,0.22,0.53,0.419,0.339,0.08,2.9,6.19,0.468,0.471,-0.003
"Jason Smith",2.09,4.07,0.515,0.544,-0.029,0.93,2.08,0.374,0.075,2.69,5.33,0.505,0.496,0.009,1.68,3.11,0.541,0.593,-0.052,0.45,1.15,0.395,0.364,0.032,3.15,6.48,0.486,0.465,0.021
"Danny Green",2.05,4.05,0.506,0.54,-0.034,1.82,4.54,0.372,0.029,3.27,6.8,0.48,0.488,-0.007,1.59,2.87,0.555,0.592,-0.037,0.96,2.66,0.362,0.352,0.01,4.23,9.46,0.447,0.443,0.004
"Jeff Green",2.16,4.04,0.536,0.542,-0.006,2.29,5.36,0.369,0.058,3.26,6.58,0.496,0.491,0.005,1.75,3.06,0.571,0.589,-0.017,1.41,3.53,0.401,0.353,0.048,4.68,10.1,0.463,0.447,0.016
"Victor Oladipo",2.17,3.97,0.546,0.545,0.001,2.62,6.77,0.369,0.018,3.52,7.06,0.499,0.481,0.018,1.92,3.01,0.636,0.598,0.037,1.63,4.65,0.352,0.356,-0.004,5.15,11.7,0.44,0.438,0.002
"Klay Thompson",2.21,3.95,0.56,0.545,0.015,1.71,5.11,0.372,-0.037,3.36,7.01,0.48,0.484,-0.004,1.85,2.91,0.635,0.6,0.035,1,3.19,0.314,0.353,-0.039,4.36,10.2,0.428,0.443,-0.015
"Paul George",2.28,3.95,0.578,0.552,0.027,2.1,6.64,0.368,-0.052,3.33,6.84,0.487,0.487,0,1.98,3.1,0.637,0.601,0.037,1.32,4.46,0.296,0.351,-0.055,4.65,11.3,0.412,0.445,-0.033
"Rondae Hollis-Jefferson",2,3.93,0.509,0.559,-0.051,1.76,4.34,0.368,0.037,2.79,5.93,0.471,0.492,-0.021,1.83,3.21,0.57,0.614,-0.044,1.24,2.97,0.419,0.347,0.072,4.03,8.9,0.453,0.448,0.006
"Josh Smith",1.96,3.93,0.5,0.556,-0.056,1.11,3.05,0.373,-0.01,2.6,5.95,0.437,0.5,-0.062,1.58,2.95,0.537,0.605,-0.067,0.64,1.56,0.407,0.36,0.047,3.24,7.51,0.431,0.466,-0.035
"Michael Carter-Williams",2.22,3.91,0.569,0.541,0.028,1.83,5.3,0.372,-0.026,3.11,6.41,0.486,0.486,0,1.72,2.83,0.608,0.595,0.013,1.24,3.56,0.349,0.354,-0.005,4.35,9.96,0.437,0.443,-0.006
"Kyle O'Quinn",1.92,3.89,0.494,0.541,-0.048,0.74,1.87,0.378,0.016,2.61,5.62,0.464,0.496,-0.032,1.69,3.25,0.52,0.585,-0.065,0.31,0.79,0.396,0.348,0.047,2.92,6.41,0.455,0.465,-0.01
"Lavoy Allen",2.05,3.89,0.528,0.546,-0.018,1.27,3.37,0.366,0.01,2.85,5.92,0.481,0.494,-0.014,1.62,2.84,0.571,0.598,-0.027,0.68,1.87,0.365,0.347,0.018,3.53,7.8,0.453,0.46,-0.007
"Justise Winslow",1.96,3.86,0.508,0.54,-0.032,1.9,5.31,0.371,-0.014,3.12,6.76,0.461,0.483,-0.022,1.64,2.78,0.59,0.591,-0.002,1.04,3.19,0.325,0.356,-0.03,4.15,9.95,0.418,0.441,-0.024
"Omri Casspi",2.38,3.84,0.621,0.553,0.068,1.65,4.5,0.369,-0.003,3.24,5.82,0.556,0.492,0.063,2.1,3.09,0.681,0.603,0.078,0.99,3.09,0.319,0.355,-0.036,4.22,8.91,0.474,0.446,0.028
"Salah Mejri",1.65,3.84,0.429,0.544,-0.115,0.68,1.77,0.373,0.009,2.29,5.29,0.433,0.498,-0.065,1.45,3.39,0.429,0.597,-0.169,0.32,0.94,0.345,0.353,-0.008,2.61,6.23,0.42,0.466,-0.046
"Al-Farouq Aminu",2.06,3.83,0.538,0.559,-0.02,1.72,4.52,0.371,0.009,3.18,6.32,0.504,0.497,0.007,1.68,2.9,0.58,0.607,-0.027,0.95,2.85,0.333,0.356,-0.023,4.13,9.17,0.451,0.455,-0.005
"D'Angelo Russell",2.51,3.82,0.656,0.541,0.115,1.96,5.43,0.369,-0.007,3.63,6.57,0.553,0.478,0.075,2.16,2.94,0.737,0.595,0.142,1.2,3.54,0.339,0.353,-0.014,4.84,10.11,0.478,0.438,0.04
"Will Barton",2.2,3.82,0.575,0.541,0.034,1.52,4.37,0.363,-0.014,3.04,5.89,0.516,0.483,0.033,1.79,3,0.598,0.596,0.001,0.96,3.07,0.313,0.353,-0.04,4,8.96,0.446,0.436,0.01
"Mike Muscala",2.06,3.81,0.54,0.545,-0.005,0.46,1.13,0.376,0.03,2.42,4.65,0.521,0.494,0.027,1.54,2.9,0.53,0.598,-0.068,0.27,0.6,0.452,0.343,0.108,2.69,5.25,0.513,0.463,0.05
"Chris Andersen",2.15,3.81,0.566,0.545,0.021,0.77,1.65,0.394,0.071,2.81,5.27,0.533,0.497,0.036,1.81,2.88,0.627,0.594,0.033,0.23,0.62,0.375,0.359,0.016,3.04,5.88,0.516,0.469,0.048
"Kris Humphries",1.92,3.79,0.507,0.553,-0.046,1.08,2.3,0.363,0.104,2.87,5.51,0.521,0.501,0.02,1.53,2.75,0.555,0.602,-0.047,0.42,1.21,0.344,0.349,-0.005,3.28,6.72,0.489,0.467,0.022
"Evan Turner",2.1,3.79,0.554,0.55,0.005,1.76,5.33,0.369,-0.038,3.05,6.48,0.471,0.487,-0.016,1.75,2.76,0.633,0.602,0.032,1.03,3.46,0.296,0.349,-0.053,4.08,9.94,0.41,0.443,-0.032
"Robert Covington",2.21,3.79,0.583,0.55,0.033,1.63,4.69,0.371,-0.023,2.88,6.15,0.468,0.488,-0.02,1.82,2.84,0.642,0.605,0.037,1.21,3.22,0.375,0.353,0.022,4.09,9.37,0.436,0.445,-0.009
"Jordan Clarkson",2.43,3.77,0.644,0.544,0.101,2.46,6.25,0.377,0.015,3.91,7.23,0.541,0.485,0.056,1.96,2.71,0.724,0.6,0.125,1.42,3.72,0.381,0.366,0.015,5.33,10.95,0.487,0.445,0.042
"Carl Landry",2.18,3.76,0.578,0.546,0.033,1.35,2.65,0.364,0.147,2.94,5.68,0.518,0.497,0.021,1.85,3,0.618,0.593,0.024,0.74,1.35,0.543,0.338,0.205,3.68,7.03,0.523,0.464,0.059
"Aaron Gordon",1.96,3.74,0.524,0.541,-0.016,1.38,3.74,0.369,-0.001,2.6,5.36,0.484,0.491,-0.007,1.66,2.96,0.561,0.59,-0.029,0.92,2.6,0.355,0.353,0.002,3.52,7.96,0.442,0.453,-0.011
"Kawhi Leonard",1.69,3.71,0.457,0.547,-0.09,1.74,5.01,0.37,-0.024,2.69,6.56,0.411,0.489,-0.078,1.39,2.72,0.51,0.598,-0.087,0.94,2.9,0.325,0.35,-0.024,3.64,9.46,0.385,0.449,-0.064
"Kyle Lowry",2.26,3.7,0.612,0.545,0.067,2.12,5.88,0.369,-0.009,3.37,6.57,0.513,0.481,0.032,1.88,2.72,0.691,0.597,0.094,1.33,3.92,0.339,0.357,-0.018,4.7,10.49,0.448,0.44,0.008
"Bobby Portis",1.97,3.69,0.533,0.541,-0.007,1,3.56,0.372,-0.091,2.66,5.84,0.455,0.488,-0.033,1.56,2.67,0.583,0.591,-0.008,0.49,1.82,0.27,0.34,-0.07,3.15,7.66,0.411,0.453,-0.042
"Robert Sacre",1.95,3.68,0.531,0.556,-0.025,0.86,1.82,0.395,0.08,2.95,5.73,0.516,0.511,0.005,1.68,3.05,0.552,0.6,-0.048,0.27,0.55,0.5,0.36,0.14,3.23,6.27,0.514,0.483,0.031
"Jae Crowder",2.19,3.67,0.598,0.548,0.051,2.17,6.19,0.367,-0.017,3.56,6.85,0.519,0.489,0.03,1.76,2.6,0.679,0.595,0.084,1.22,3.96,0.309,0.35,-0.042,4.78,10.81,0.442,0.447,-0.005
"Luis Scola",2.05,3.65,0.562,0.555,0.007,1.41,3.31,0.371,0.056,2.95,5.71,0.516,0.498,0.019,1.39,2.37,0.584,0.606,-0.021,0.77,1.88,0.411,0.351,0.061,3.72,7.59,0.49,0.46,0.03
"Marcus Morris Sr.",2.05,3.64,0.564,0.546,0.017,1.86,5.6,0.365,-0.032,3.26,6.81,0.479,0.489,-0.011,1.64,2.56,0.639,0.599,0.04,1.15,3.54,0.325,0.35,-0.025,4.41,10.35,0.426,0.446,-0.019
"Patrick Patterson",1.82,3.63,0.502,0.542,-0.04,1.65,4.58,0.367,-0.005,2.6,5.65,0.46,0.489,-0.028,1.51,2.68,0.565,0.588,-0.023,1.06,3.06,0.347,0.352,-0.004,3.67,8.72,0.421,0.448,-0.027
"Dwight Powell",1.91,3.63,0.525,0.542,-0.016,0.78,2.46,0.371,-0.052,2.43,5.2,0.467,0.489,-0.021,1.55,2.77,0.561,0.598,-0.037,0.37,1.43,0.258,0.342,-0.084,2.8,6.63,0.422,0.453,-0.03
"Emmanuel Mudiay",2.21,3.62,0.61,0.539,0.07,2.44,6.72,0.373,-0.01,3.07,6.22,0.494,0.482,0.012,1.82,2.88,0.633,0.595,0.037,1.88,4.84,0.389,0.358,0.031,4.96,11.06,0.448,0.439,0.01
"Kemba Walker",2.17,3.62,0.601,0.537,0.064,2.88,7.54,0.373,0.008,3.74,7.38,0.507,0.476,0.03,1.63,2.36,0.691,0.592,0.099,1.7,4.86,0.35,0.357,-0.007,5.44,12.25,0.445,0.439,0.006
"Luke Babbitt",2.21,3.62,0.612,0.545,0.067,1.64,4.1,0.362,0.039,3.17,5.76,0.55,0.485,0.064,1.67,2.45,0.68,0.598,0.082,0.93,2.55,0.364,0.348,0.017,4.1,8.31,0.493,0.443,0.05
"Donatas Motiejunas",1.92,3.61,0.531,0.55,-0.019,0.89,2.69,0.372,-0.042,2.33,5.17,0.452,0.495,-0.044,1.72,2.64,0.653,0.598,0.055,0.53,1.56,0.339,0.351,-0.012,2.86,6.72,0.426,0.462,-0.036
"Elfrid Payton",2.18,3.57,0.611,0.532,0.079,2.1,5.71,0.373,-0.006,3.39,6.32,0.536,0.478,0.059,1.79,2.72,0.658,0.589,0.069,1.35,3.86,0.349,0.358,-0.009,4.74,10.18,0.465,0.438,0.027
"Derrick Rose",2.14,3.56,0.6,0.536,0.064,1.85,4.95,0.371,0.002,3.56,7.09,0.502,0.482,0.02,1.59,2.26,0.705,0.591,0.114,0.89,2.67,0.335,0.352,-0.016,4.45,9.76,0.457,0.444,0.013
"Lucas Nogueira",1.64,3.56,0.461,0.536,-0.075,0.8,1.68,0.372,0.104,1.96,4.72,0.415,0.486,-0.07,1.2,2.6,0.462,0.589,-0.127,0.6,1,0.6,0.377,0.223,2.56,5.72,0.448,0.454,-0.006
"Goran Dragic",1.9,3.5,0.544,0.537,0.007,1.79,5.43,0.377,-0.047,3.14,7.14,0.44,0.476,-0.037,1.44,2.33,0.619,0.596,0.023,0.94,2.85,0.332,0.361,-0.03,4.08,9.99,0.409,0.44,-0.031
"Wesley Johnson",1.9,3.49,0.545,0.545,-0.001,1.31,3.59,0.371,-0.005,2.59,5.36,0.483,0.493,-0.011,1.48,2.53,0.584,0.592,-0.008,0.85,2.33,0.366,0.348,0.018,3.44,7.69,0.447,0.452,-0.004
"Channing Frye",1.88,3.49,0.54,0.553,-0.013,1.26,3.13,0.368,0.036,2.72,5.26,0.517,0.5,0.017,1.68,2.88,0.582,0.601,-0.019,0.66,1.84,0.36,0.347,0.013,3.38,7.1,0.476,0.461,0.016
"Damian Lillard",1.97,3.47,0.569,0.531,0.038,2.68,6.79,0.376,0.019,3.73,7.8,0.479,0.474,0.004,1.45,2.19,0.665,0.591,0.074,1.55,3.92,0.395,0.365,0.029,5.28,11.72,0.451,0.438,0.012
"Ryan Hollins",1.74,3.47,0.5,0.554,-0.054,0.85,1.56,0.369,0.179,2.5,5,0.5,0.501,-0.001,1.35,2.56,0.529,0.605,-0.076,0.38,0.74,0.52,0.316,0.204,2.88,5.74,0.503,0.473,0.03
"Jose Calderon",2.17,3.44,0.629,0.539,0.09,1.76,5.11,0.365,-0.02,3.57,6.89,0.518,0.477,0.041,1.83,2.53,0.725,0.598,0.127,0.96,2.89,0.332,0.349,-0.018,4.53,9.78,0.463,0.44,0.023
"Kevin Seraphin",1.52,3.43,0.443,0.548,-0.105,0.72,1.65,0.378,0.057,1.98,4.48,0.442,0.503,-0.062,1.3,2.63,0.496,0.597,-0.101,0.33,0.87,0.375,0.362,0.013,2.3,5.35,0.431,0.468,-0.037
"Marreese Speights",1.83,3.42,0.535,0.548,-0.013,0.83,2.27,0.364,0.002,2.58,5.34,0.483,0.493,-0.01,1.54,2.68,0.574,0.598,-0.024,0.32,1,0.324,0.341,-0.017,2.9,6.34,0.458,0.458,-0.001
"Boris Diaw",1.86,3.42,0.542,0.539,0.003,0.93,2.79,0.362,-0.027,2.43,5.26,0.463,0.489,-0.026,1.54,2.66,0.579,0.59,-0.011,0.53,1.55,0.339,0.344,-0.005,2.96,6.82,0.434,0.45,-0.016
"Bojan Bogdanovic",2.39,3.42,0.7,0.55,0.15,1.84,4.81,0.367,0.015,3.44,5.78,0.595,0.487,0.108,2,2.61,0.767,0.606,0.161,1.11,3.2,0.348,0.354,-0.006,4.56,8.99,0.507,0.44,0.067
"DeMarre Carroll",2.19,3.42,0.64,0.553,0.087,2.23,6.31,0.38,-0.026,3.42,6.69,0.511,0.497,0.015,1.65,2.42,0.683,0.602,0.081,1.31,3.77,0.347,0.367,-0.02,4.73,10.46,0.452,0.451,0.002
"Kendrick Perkins",1.92,3.41,0.563,0.559,0.004,1.27,2.59,0.383,0.106,2.92,5.59,0.522,0.506,0.016,1.59,2.51,0.634,0.609,0.026,0.54,1,0.541,0.355,0.185,3.46,6.59,0.525,0.478,0.047
"Willie Reed",1.84,3.41,0.54,0.538,0.001,0.84,1.54,0.391,0.153,2.41,4.62,0.52,0.495,0.026,1.59,2.73,0.584,0.589,-0.005,0.43,0.7,0.615,0.328,0.288,2.84,5.32,0.533,0.464,0.069
"Devin Booker",1.99,3.38,0.587,0.538,0.049,2.25,5.37,0.369,0.049,3.01,5.9,0.51,0.482,0.029,1.66,2.6,0.637,0.591,0.046,1.49,3.51,0.426,0.363,0.063,4.51,9.41,0.479,0.437,0.041
"Hollis Thompson",1.92,3.38,0.569,0.548,0.021,1.6,4.34,0.365,0.003,3.06,5.95,0.515,0.487,0.029,1.55,2.38,0.65,0.601,0.049,0.82,2.6,0.315,0.352,-0.037,3.88,8.55,0.454,0.441,0.013
"Trey Lyles",1.87,3.36,0.557,0.536,0.021,1.12,3.18,0.376,-0.025,2.62,5.05,0.518,0.488,0.03,1.45,2.41,0.601,0.586,0.015,0.61,1.86,0.326,0.356,-0.03,3.22,6.91,0.467,0.453,0.014
"Thomas Robinson",1.7,3.36,0.507,0.545,-0.039,0.78,1.78,0.369,0.067,2.01,4.25,0.474,0.499,-0.026,1.58,2.91,0.544,0.596,-0.052,0.55,1.12,0.493,0.34,0.153,2.57,5.37,0.478,0.466,0.012
"Tyreke Evans",2.08,3.36,0.619,0.545,0.074,2.76,5.92,0.366,0.1,3.32,5.84,0.568,0.487,0.082,1.76,2.68,0.657,0.602,0.055,1.76,4.04,0.436,0.351,0.085,5.08,9.88,0.514,0.438,0.076
"Andrew Nicholson",1.85,3.35,0.552,0.544,0.008,0.73,2.29,0.378,-0.059,2.35,4.69,0.5,0.49,0.01,1.5,2.54,0.591,0.596,-0.005,0.37,1.27,0.288,0.37,-0.082,2.71,5.96,0.455,0.453,0.001
"Tyler Johnson",1.58,3.33,0.475,0.525,-0.05,1.56,4.22,0.368,0.001,2.86,5.94,0.481,0.472,0.009,1.19,2.28,0.524,0.584,-0.06,0.83,2.44,0.341,0.36,-0.019,3.69,8.39,0.44,0.434,0.006
"Tarik Black",1.68,3.32,0.508,0.555,-0.047,0.76,2.26,0.378,-0.041,2.34,4.92,0.476,0.503,-0.027,1.53,2.66,0.574,0.608,-0.034,0.32,1.11,0.286,0.337,-0.051,2.66,6.03,0.441,0.469,-0.028
"Patrick Beverley",1.87,3.32,0.564,0.544,0.02,1.77,5.04,0.366,-0.014,2.72,5.7,0.477,0.483,-0.007,1.49,2.48,0.602,0.6,0.002,1.18,3.51,0.337,0.349,-0.012,3.9,9.21,0.424,0.44,-0.017
"Chris McCullough",1.91,3.3,0.579,0.538,0.041,1.09,3.22,0.379,-0.041,2.43,4.52,0.538,0.483,0.056,1.65,2.61,0.633,0.603,0.03,0.61,2.17,0.28,0.356,-0.076,3.04,6.7,0.455,0.443,0.011
"Langston Galloway",1.7,3.29,0.515,0.53,-0.015,1.76,4.82,0.371,-0.006,2.98,6.43,0.463,0.473,-0.01,1.27,2.1,0.605,0.58,0.025,0.93,2.72,0.341,0.351,-0.01,3.9,9.15,0.427,0.435,-0.009
"Richaun Holmes",1.8,3.26,0.552,0.542,0.01,0.8,2.12,0.373,0.004,2.68,5.1,0.525,0.492,0.034,1.38,2.58,0.535,0.593,-0.058,0.26,0.82,0.317,0.354,-0.037,2.94,5.92,0.497,0.459,0.037
"Danilo Gallinari",1.98,3.25,0.61,0.545,0.065,2.32,5.79,0.372,0.028,3.06,5.66,0.54,0.494,0.046,1.64,2.45,0.669,0.598,0.071,1.53,4,0.382,0.357,0.026,4.58,9.66,0.475,0.447,0.027
"Kyrie Irving",1.87,3.25,0.576,0.534,0.042,1.64,4.45,0.365,0.004,2.79,5.58,0.5,0.478,0.022,1.51,2.3,0.656,0.586,0.07,1.06,3,0.352,0.353,-0.001,3.85,8.58,0.448,0.438,0.01
"Matt Barnes",2,3.24,0.618,0.548,0.07,2.43,6,0.366,0.04,2.99,5.64,0.529,0.489,0.041,1.72,2.62,0.658,0.596,0.063,1.76,4.29,0.411,0.354,0.057,4.75,9.93,0.478,0.444,0.034
"CJ McCollum",1.84,3.24,0.568,0.535,0.033,2.76,6.9,0.372,0.028,3.64,7.54,0.483,0.478,0.005,1.3,2.08,0.627,0.592,0.034,1.51,3.86,0.392,0.356,0.036,5.15,11.4,0.452,0.437,0.015
"John Wall",1.82,3.23,0.562,0.537,0.026,2.18,5.96,0.37,-0.004,2.99,6.6,0.453,0.479,-0.027,1.53,2.45,0.624,0.594,0.03,1.35,3.74,0.361,0.354,0.007,4.34,10.34,0.42,0.441,-0.021
"Jarrett Jack",1.94,3.22,0.602,0.544,0.058,2.72,6.81,0.37,0.029,3.47,6.13,0.566,0.486,0.08,1.53,2.41,0.636,0.601,0.036,1.66,4.69,0.353,0.354,0,5.13,10.81,0.474,0.443,0.031
"Paul Pierce",1.75,3.22,0.543,0.547,-0.004,1.13,3.12,0.37,-0.006,2.41,4.9,0.492,0.494,-0.001,1.34,2.24,0.599,0.6,-0.001,0.62,1.82,0.339,0.358,-0.019,3.03,6.72,0.451,0.451,0
"Ricky Rubio",2.05,3.22,0.637,0.539,0.097,2.09,5.67,0.367,0.001,3.21,6.01,0.534,0.48,0.053,1.74,2.38,0.729,0.597,0.132,1.32,3.75,0.351,0.354,-0.003,4.53,9.76,0.464,0.438,0.025
"Larry Nance Jr.",1.94,3.21,0.604,0.558,0.046,1.03,2.97,0.37,-0.023,2.56,4.86,0.526,0.502,0.024,1.57,2.48,0.635,0.61,0.024,0.63,1.86,0.342,0.35,-0.009,3.19,6.71,0.475,0.462,0.013
"JaVale McGee",1.82,3.18,0.571,0.535,0.037,0.39,1.12,0.396,-0.044,2.24,4.21,0.532,0.497,0.035,1.58,2.61,0.605,0.587,0.018,0.21,0.36,0.583,0.351,0.233,2.45,4.58,0.536,0.474,0.062
"Trevor Booker",1.82,3.18,0.571,0.546,0.026,1.12,3.44,0.376,-0.051,2.38,5.05,0.47,0.494,-0.023,1.51,2.35,0.641,0.596,0.045,0.7,2.12,0.331,0.353,-0.022,3.08,7.17,0.429,0.455,-0.025
"Nik Stauskas",1.63,3.18,0.511,0.536,-0.025,1.54,3.94,0.369,0.022,2.75,5.69,0.483,0.473,0.01,1.32,2.25,0.586,0.592,-0.006,0.75,2.19,0.342,0.357,-0.016,3.5,7.89,0.444,0.434,0.01
"Dante Cunningham",1.95,3.17,0.615,0.554,0.062,1.49,4.05,0.365,0.002,2.79,5.21,0.537,0.491,0.046,1.62,2.45,0.66,0.606,0.054,0.94,2.78,0.336,0.349,-0.012,3.73,7.99,0.467,0.445,0.022
"Anthony Tolliver",1.62,3.17,0.511,0.549,-0.038,1.04,3.2,0.365,-0.04,2.49,5.36,0.465,0.492,-0.027,1.36,2.3,0.591,0.604,-0.013,0.41,1.51,0.269,0.35,-0.081,2.9,6.87,0.422,0.456,-0.034
"Mike Conley",1.82,3.16,0.576,0.531,0.045,2.48,6.5,0.371,0.011,3.2,5.96,0.536,0.478,0.057,1.32,2.29,0.578,0.586,-0.008,1.57,4.59,0.342,0.355,-0.012,4.77,10.55,0.452,0.436,0.016
"Josh Richardson",1.68,3.15,0.534,0.532,0.002,1.68,4.34,0.373,0.015,2.77,5.89,0.469,0.476,-0.007,1.36,2.28,0.598,0.584,0.014,0.89,2.45,0.365,0.357,0.009,3.66,8.34,0.439,0.436,0.002
"Cory Joseph",1.62,3.14,0.516,0.532,-0.016,1.75,4.87,0.364,-0.005,2.8,6.16,0.454,0.475,-0.021,1.28,2.27,0.564,0.585,-0.021,0.94,2.76,0.339,0.35,-0.011,3.73,8.92,0.418,0.435,-0.016
"Nicolas Batum",1.86,3.14,0.591,0.551,0.039,2.17,6.11,0.368,-0.013,2.86,5.56,0.514,0.485,0.029,1.61,2.49,0.649,0.602,0.047,1.44,4.36,0.331,0.355,-0.024,4.3,9.91,0.434,0.441,-0.007
"Trevor Ariza",1.84,3.14,0.586,0.551,0.035,1.93,5.25,0.375,-0.008,2.78,5.65,0.491,0.493,-0.002,1.69,2.49,0.678,0.599,0.079,1.31,3.46,0.379,0.363,0.016,4.09,9.11,0.449,0.449,-0.001
"JJ Hickson",1.34,3.13,0.43,0.535,-0.105,0.72,2.03,0.38,-0.026,2,4.97,0.403,0.492,-0.089,1.13,2.28,0.493,0.579,-0.086,0.22,0.66,0.333,0.351,-0.017,2.22,5.63,0.394,0.464,-0.07
"Quincy Acy",1.57,3.13,0.503,0.546,-0.043,1.14,2.61,0.378,0.061,2.36,4.64,0.508,0.5,0.008,1.32,2.38,0.556,0.595,-0.038,0.64,1.61,0.4,0.353,0.047,3,6.25,0.48,0.464,0.016
"Otto Porter Jr.",1.95,3.12,0.624,0.54,0.084,2.16,5.27,0.368,0.042,3.09,5.75,0.538,0.482,0.056,1.49,2.21,0.675,0.597,0.078,1.31,3.37,0.387,0.352,0.036,4.4,9.12,0.482,0.44,0.043
"George Hill",1.76,3.11,0.565,0.533,0.032,2.55,6.72,0.371,0.009,3.18,6.97,0.455,0.475,-0.02,1.46,2.14,0.684,0.589,0.094,1.55,4,0.389,0.35,0.039,4.73,10.97,0.431,0.438,-0.006
"Andre Roberson",1.59,3.07,0.516,0.542,-0.025,1.29,3.96,0.379,-0.054,2.43,5.49,0.443,0.484,-0.041,1.33,2.24,0.592,0.594,-0.001,0.73,2.23,0.327,0.361,-0.034,3.16,7.71,0.409,0.445,-0.035
"Carmelo Anthony",1.87,3.07,0.61,0.553,0.057,1.65,5.01,0.365,-0.037,2.63,4.94,0.533,0.495,0.038,1.72,2.59,0.663,0.602,0.061,1.08,3.55,0.306,0.352,-0.046,3.72,8.49,0.438,0.449,-0.011
"CJ Miles",1.5,3.06,0.49,0.539,-0.049,1.33,3.48,0.365,0.016,2.33,4.78,0.487,0.484,0.003,1.22,2.27,0.538,0.596,-0.058,0.73,2.28,0.322,0.356,-0.034,3.06,7.06,0.434,0.443,-0.01
"Joe Johnson",1.99,3.04,0.654,0.55,0.105,2.15,5.8,0.367,0.003,2.88,5.48,0.525,0.491,0.034,1.69,2.32,0.729,0.599,0.129,1.46,3.99,0.365,0.353,0.012,4.33,9.47,0.458,0.446,0.012
"Stephen Curry",1.72,3.03,0.569,0.53,0.039,2.14,6.66,0.366,-0.044,2.97,6.63,0.448,0.473,-0.024,1.25,1.91,0.656,0.591,0.065,1.3,4.18,0.312,0.351,-0.039,4.28,10.81,0.396,0.432,-0.036
"E'Twaun Moore",1.55,3.03,0.511,0.539,-0.028,1.57,3.66,0.375,0.054,2.47,5.62,0.439,0.482,-0.043,1.1,2.05,0.538,0.591,-0.053,0.83,1.84,0.449,0.353,0.096,3.29,7.47,0.441,0.444,-0.002
"Donald Sloan",1.88,3,0.627,0.525,0.102,1.46,3.86,0.373,0.004,2.69,4.97,0.543,0.471,0.072,1.56,2.07,0.754,0.58,0.174,1.03,2.68,0.386,0.358,0.028,3.73,7.64,0.488,0.433,0.054
"JaMychal Green",1.51,3,0.504,0.55,-0.046,0.9,2.5,0.368,-0.009,1.96,4.09,0.48,0.496,-0.017,1.15,2.19,0.526,0.594,-0.067,0.67,1.83,0.364,0.345,0.019,2.63,5.92,0.444,0.455,-0.011
"Rodney Hood",1.76,2.99,0.589,0.546,0.043,1.84,5.05,0.372,-0.008,2.94,5.82,0.504,0.486,0.018,1.54,2.38,0.649,0.597,0.052,0.97,2.97,0.328,0.358,-0.03,3.91,8.8,0.445,0.444,0.001
"Brandon Knight",1.87,2.98,0.626,0.535,0.091,2.88,7.35,0.372,0.02,3.38,6.83,0.496,0.472,0.024,1.52,2.12,0.718,0.595,0.123,1.73,4.4,0.393,0.361,0.032,5.12,11.23,0.455,0.435,0.02
"Noah Vonleh",1.55,2.96,0.522,0.547,-0.026,0.79,2.06,0.376,0.007,2.09,4.36,0.479,0.497,-0.018,1.25,2.14,0.582,0.596,-0.014,0.4,1.08,0.373,0.359,0.015,2.49,5.44,0.458,0.465,-0.007
"Dion Waiters",1.54,2.94,0.524,0.536,-0.012,1.68,4.71,0.369,-0.012,2.45,4.97,0.492,0.48,0.012,1.15,2.05,0.563,0.588,-0.025,1.14,3.41,0.335,0.356,-0.021,3.59,8.38,0.428,0.436,-0.008
"Jrue Holiday",1.94,2.94,0.66,0.541,0.119,2.54,6.77,0.372,0.003,3.22,5.88,0.547,0.483,0.064,1.57,2.15,0.729,0.594,0.135,1.69,4.71,0.359,0.355,0.005,4.91,10.58,0.464,0.439,0.025
"Boban Marjanovic",1.39,2.94,0.472,0.552,-0.08,0.51,1.47,0.369,-0.022,1.86,4.16,0.446,0.501,-0.055,1.16,2.31,0.504,0.596,-0.091,0.22,0.67,0.333,0.326,0.007,2.08,4.84,0.43,0.47,-0.04
"Chris Paul",1.82,2.93,0.622,0.537,0.085,2.2,5.64,0.372,0.019,3.3,6.32,0.521,0.48,0.041,1.46,2.11,0.692,0.592,0.1,1.2,3.32,0.362,0.357,0.005,4.5,9.65,0.466,0.444,0.023
"Cristiano Felicio",1.15,2.93,0.392,0.54,-0.148,0.48,1.44,0.368,-0.035,1.44,4,0.361,0.496,-0.135,0.85,2.22,0.383,0.58,-0.197,0.26,0.63,0.412,0.369,0.042,1.7,4.63,0.368,0.464,-0.096
"P.J. Tucker",1.59,2.93,0.542,0.547,-0.005,2.11,5.72,0.366,0.003,2.72,5.8,0.468,0.49,-0.022,1.28,2.13,0.6,0.597,0.003,1.34,3.73,0.359,0.349,0.01,4.06,9.54,0.426,0.445,-0.019
"Matthew Dellavedova",1.63,2.92,0.559,0.529,0.029,1.7,5.03,0.366,-0.028,2.68,5.83,0.46,0.473,-0.012,1.22,1.84,0.664,0.583,0.082,0.96,2.91,0.33,0.35,-0.019,3.64,8.74,0.417,0.434,-0.017
"Rajon Rondo",1.86,2.92,0.638,0.534,0.104,2.27,6.17,0.375,-0.007,3.1,5.66,0.547,0.48,0.067,1.44,1.96,0.734,0.591,0.143,1.51,4.32,0.349,0.357,-0.009,4.61,9.99,0.461,0.439,0.023
"LeBron James",1.41,2.91,0.484,0.546,-0.062,1.57,4.87,0.366,-0.045,2.18,5.17,0.422,0.49,-0.068,1.16,2.28,0.509,0.594,-0.085,1.03,3.18,0.322,0.347,-0.025,3.21,8.36,0.384,0.447,-0.063
"Khris Middleton",1.77,2.9,0.611,0.551,0.061,2.22,6.49,0.372,-0.031,2.77,5.46,0.508,0.488,0.02,1.52,2.23,0.682,0.603,0.079,1.44,4.57,0.316,0.355,-0.039,4.22,10.03,0.42,0.445,-0.024
"Evan Fournier",1.73,2.9,0.597,0.546,0.051,2.26,5.54,0.373,0.034,3.08,5.79,0.531,0.484,0.047,1.42,2.1,0.677,0.602,0.074,1.36,3.6,0.377,0.36,0.017,4.44,9.4,0.472,0.441,0.031
"Jeremy Lin",1.44,2.9,0.496,0.538,-0.043,1.96,5.27,0.369,0.003,2.62,5.97,0.438,0.477,-0.04,1.04,1.97,0.526,0.591,-0.065,1.14,3.13,0.365,0.353,0.012,3.76,9.1,0.413,0.434,-0.021
"Kentavious Caldwell-Pope",1.5,2.89,0.518,0.542,-0.024,2.11,5.92,0.376,-0.02,3.01,6.75,0.446,0.475,-0.029,1.25,2.09,0.597,0.597,0.001,1.14,3.45,0.332,0.362,-0.03,4.16,10.2,0.408,0.437,-0.029
"Deron Williams",1.82,2.89,0.628,0.528,0.1,2.29,6.52,0.372,-0.02,2.97,5.8,0.512,0.473,0.039,1.48,2.02,0.733,0.581,0.151,1.4,4.35,0.322,0.356,-0.034,4.37,10.15,0.43,0.436,-0.006
"Anthony Brown",1.7,2.89,0.59,0.549,0.041,1.7,4.96,0.377,-0.033,2.7,5.44,0.497,0.495,0.002,1.48,2.07,0.714,0.605,0.109,1.07,3.15,0.341,0.355,-0.014,3.78,8.59,0.44,0.45,-0.01
"Jarell Martin",1.5,2.88,0.52,0.557,-0.037,0.92,2.23,0.386,0.028,1.96,3.96,0.495,0.502,-0.007,1.04,1.92,0.54,0.597,-0.057,0.58,1.42,0.405,0.358,0.047,2.54,5.38,0.471,0.462,0.009
"Kevin Garnett",1.66,2.87,0.578,0.545,0.033,0.45,1.95,0.378,-0.148,2.05,4.18,0.491,0.498,-0.008,1.55,2.53,0.615,0.592,0.023,0.18,1,0.184,0.358,-0.174,2.24,5.18,0.431,0.471,-0.039
"Gary Harris",1.68,2.84,0.593,0.548,0.044,2.29,5.51,0.373,0.042,2.91,5.68,0.512,0.484,0.027,1.29,1.97,0.653,0.605,0.048,1.41,3.46,0.407,0.362,0.044,4.32,9.14,0.472,0.442,0.03
"Tony Snell",1.39,2.8,0.497,0.542,-0.045,1.11,3.5,0.372,-0.055,2.2,4.88,0.452,0.481,-0.029,0.95,1.77,0.54,0.598,-0.058,0.55,2.02,0.271,0.356,-0.084,2.75,6.89,0.399,0.438,-0.039
"Russell Westbrook",1.65,2.75,0.6,0.546,0.054,1.6,4.11,0.379,0.01,2.4,4.7,0.511,0.488,0.023,1.36,2.09,0.653,0.599,0.054,1.04,2.74,0.379,0.366,0.013,3.44,7.44,0.462,0.447,0.015
"Wesley Matthews",1.69,2.73,0.62,0.543,0.077,2.08,6.12,0.374,-0.035,2.97,6.05,0.492,0.485,0.006,1.23,1.73,0.711,0.594,0.117,1.37,3.94,0.349,0.357,-0.009,4.35,9.99,0.435,0.445,-0.01
"Garrett Temple",1.37,2.72,0.502,0.536,-0.034,2.06,4.97,0.375,0.04,2.38,5.29,0.45,0.477,-0.028,1.14,2,0.57,0.591,-0.021,1.35,3.09,0.439,0.359,0.08,3.73,8.38,0.446,0.438,0.008
"Andre Iguodala",1.57,2.72,0.576,0.553,0.023,1.46,4.12,0.369,-0.015,2.49,4.82,0.518,0.49,0.028,1.25,1.91,0.653,0.608,0.045,0.88,2.63,0.333,0.347,-0.014,3.37,7.45,0.452,0.446,0.007
"Justin Holiday",1.47,2.72,0.539,0.546,-0.007,0.98,3.02,0.368,-0.044,1.98,4.21,0.47,0.481,-0.012,1.26,2.36,0.532,0.598,-0.066,0.62,1.85,0.333,0.353,-0.02,2.6,6.06,0.428,0.443,-0.015
"Jonas Jerebko",1.35,2.7,0.5,0.535,-0.035,0.89,2.43,0.369,-0.002,1.99,4.27,0.465,0.488,-0.022,1.12,1.86,0.601,0.587,0.015,0.42,1.34,0.313,0.353,-0.04,2.41,5.61,0.429,0.449,-0.02
"Kyle Singler",1.67,2.7,0.618,0.547,0.072,0.88,2.3,0.369,0.012,2.16,3.88,0.556,0.493,0.063,1.39,2.09,0.664,0.596,0.068,0.53,1.56,0.34,0.357,-0.017,2.69,5.44,0.494,0.449,0.046
"Alec Burks",1.74,2.68,0.651,0.551,0.1,1.52,3.87,0.374,0.018,2.42,4.32,0.56,0.495,0.065,1.52,2.1,0.723,0.607,0.116,0.94,2.52,0.372,0.356,0.016,3.35,6.84,0.491,0.448,0.042
"Anderson Varejao",1.63,2.67,0.611,0.54,0.07,0.84,2.27,0.372,-0.002,2.31,4.35,0.531,0.487,0.044,1.35,2.04,0.66,0.59,0.07,0.31,0.88,0.349,0.345,0.004,2.61,5.22,0.5,0.453,0.047
"Chandler Parsons",1.43,2.66,0.537,0.538,-0.001,1.89,4.77,0.369,0.027,2.46,5.02,0.49,0.488,0.002,1.13,1.79,0.633,0.589,0.044,1.11,3.21,0.347,0.355,-0.008,3.57,8.23,0.434,0.446,-0.011
"Gordon Hayward",1.36,2.65,0.514,0.545,-0.031,1.74,4.44,0.372,0.02,2.45,5.01,0.489,0.489,0,1.14,1.93,0.591,0.594,-0.004,1.03,2.71,0.378,0.353,0.025,3.48,7.73,0.45,0.447,0.003
"Raymond Felton",1.49,2.64,0.564,0.537,0.027,1.83,5.21,0.374,-0.024,2.41,5.08,0.475,0.48,-0.004,1.14,1.74,0.655,0.594,0.061,1.19,3.49,0.341,0.362,-0.022,3.6,8.56,0.42,0.438,-0.018
"Andrea Bargnani",1.67,2.62,0.636,0.545,0.091,0.82,1.76,0.377,0.092,2.22,3.71,0.599,0.494,0.105,1.47,2.02,0.725,0.594,0.131,0.36,0.93,0.381,0.361,0.019,2.58,4.64,0.555,0.458,0.097
"Lou Williams",1.61,2.61,0.617,0.543,0.074,1.61,5.18,0.373,-0.062,2.49,5.28,0.472,0.48,-0.008,1.34,1.94,0.692,0.594,0.098,1,3.21,0.312,0.363,-0.052,3.49,8.49,0.411,0.435,-0.024
"DeMar DeRozan",1.53,2.61,0.587,0.555,0.033,1.99,4.9,0.368,0.038,2.6,5.23,0.496,0.486,0.01,1.31,1.96,0.669,0.608,0.061,1.27,3.1,0.41,0.353,0.057,3.87,8.34,0.464,0.442,0.022
"Shane Larkin",1.44,2.6,0.555,0.532,0.023,1.56,4.27,0.365,0,2.09,4.26,0.491,0.475,0.015,1.29,1.96,0.656,0.583,0.073,1.17,3.14,0.372,0.353,0.019,3.26,7.4,0.44,0.431,0.009
"Bradley Beal",1.59,2.57,0.619,0.542,0.076,2.48,6.59,0.371,0.006,2.83,5.67,0.5,0.479,0.021,1.39,1.98,0.701,0.594,0.107,1.48,4.04,0.367,0.359,0.008,4.31,9.7,0.445,0.436,0.009
"Josh McRoberts",1.39,2.56,0.543,0.549,-0.006,0.88,2.63,0.368,-0.034,2.07,4.32,0.48,0.487,-0.007,1.02,1.8,0.568,0.593,-0.026,0.39,1.51,0.258,0.36,-0.102,2.46,5.83,0.423,0.451,-0.028
"Eric Gordon",1.56,2.56,0.609,0.527,0.081,1.51,4.27,0.374,-0.02,2.6,5.09,0.511,0.482,0.029,1.18,1.82,0.646,0.585,0.062,0.91,2.69,0.339,0.359,-0.02,3.51,7.78,0.451,0.439,0.012
"Jerryd Bayless",1.4,2.56,0.549,0.536,0.013,1.75,4.96,0.363,-0.01,2.44,5.02,0.487,0.479,0.008,1.06,1.75,0.604,0.596,0.008,1.08,3.31,0.326,0.349,-0.024,3.52,8.33,0.423,0.436,-0.014
"JJ Redick",1.39,2.55,0.545,0.542,0.003,1.64,5.19,0.371,-0.056,2.55,5.85,0.436,0.481,-0.045,1.15,1.68,0.685,0.597,0.089,0.8,2.84,0.281,0.355,-0.075,3.35,8.69,0.386,0.439,-0.054
"Jason Thompson",1.27,2.55,0.5,0.533,-0.033,0.73,1.52,0.365,0.112,1.89,3.68,0.512,0.487,0.026,1.14,2.07,0.549,0.58,-0.03,0.32,0.75,0.424,0.34,0.084,2.2,4.43,0.497,0.453,0.044
"Mike Dunleavy",1.42,2.55,0.557,0.57,-0.013,1.71,4.55,0.363,0.013,2.39,4.48,0.532,0.503,0.029,1.26,2,0.629,0.617,0.012,0.94,3.06,0.305,0.351,-0.045,3.32,7.55,0.44,0.449,-0.009
"Doug McDermott",1.6,2.54,0.631,0.543,0.088,1.15,3.31,0.358,-0.011,2.25,4.12,0.545,0.484,0.061,1.3,1.77,0.734,0.594,0.14,0.7,2.22,0.317,0.345,-0.028,2.95,6.35,0.465,0.436,0.029
"Courtney Lee",1.43,2.54,0.562,0.541,0.022,1.85,5.41,0.369,-0.027,2.43,5.42,0.449,0.475,-0.027,1.19,1.82,0.653,0.594,0.059,1.22,3.42,0.356,0.356,0,3.65,8.84,0.413,0.435,-0.023
"Ryan Kelly",1.5,2.53,0.593,0.555,0.038,0.64,2.28,0.372,-0.092,1.92,3.72,0.515,0.494,0.021,1.22,1.81,0.677,0.612,0.065,0.33,1.42,0.235,0.359,-0.124,2.25,5.14,0.438,0.452,-0.015
"Brandon Rush",1.44,2.51,0.573,0.544,0.03,0.87,2.28,0.36,0.021,1.96,3.87,0.506,0.487,0.019,1.09,1.74,0.627,0.6,0.027,0.5,1.41,0.354,0.345,0.009,2.46,5.28,0.465,0.441,0.024
"Thabo Sefolosha",1.51,2.51,0.601,0.553,0.048,1.27,4.36,0.37,-0.08,2.31,4.83,0.478,0.486,-0.008,1.15,1.77,0.647,0.606,0.04,0.83,2.91,0.284,0.353,-0.069,3.13,7.73,0.405,0.444,-0.039
"Kent Bazemore",1.32,2.51,0.527,0.554,-0.027,1.79,5.11,0.372,-0.022,2.36,5.37,0.439,0.485,-0.046,1.04,1.79,0.582,0.601,-0.019,1.08,3.16,0.342,0.357,-0.015,3.44,8.53,0.403,0.444,-0.041
"Dwyane Wade",1.41,2.51,0.559,0.55,0.009,1.5,4.2,0.364,-0.007,2.2,4.68,0.471,0.486,-0.015,1.11,1.82,0.607,0.602,0.005,0.99,2.72,0.363,0.353,0.01,3.19,7.39,0.431,0.442,-0.011
"Terrence Ross",1.26,2.5,0.506,0.543,-0.038,1.64,4.63,0.366,-0.012,2.01,4.68,0.43,0.478,-0.048,0.99,1.69,0.582,0.598,-0.016,1.1,3.08,0.356,0.353,0.003,3.11,7.76,0.401,0.433,-0.032
"Shaun Livingston",1.42,2.48,0.571,0.543,0.028,1.38,3.77,0.361,0.005,2.17,4.4,0.493,0.479,0.013,1.18,1.79,0.659,0.597,0.063,0.87,2.44,0.356,0.342,0.015,3.04,6.84,0.444,0.435,0.009
"Isaiah Thomas",1.53,2.48,0.617,0.539,0.078,1.62,4.74,0.37,-0.028,2.68,5.31,0.505,0.477,0.027,1.11,1.56,0.714,0.597,0.117,0.83,2.85,0.29,0.354,-0.064,3.51,8.16,0.43,0.438,-0.008
"Maurice Harkless",1.36,2.45,0.558,0.532,0.026,1.22,3.39,0.364,-0.005,1.93,4.01,0.481,0.482,-0.001,1.08,1.77,0.611,0.581,0.03,0.82,2.31,0.357,0.356,0.001,2.76,6.32,0.436,0.438,-0.002
"Ben McLemore",1.52,2.45,0.622,0.539,0.083,1.64,4.66,0.374,-0.022,2.55,4.73,0.539,0.484,0.055,1.33,1.96,0.679,0.595,0.084,1.03,3.04,0.338,0.356,-0.018,3.58,7.78,0.461,0.442,0.019
"Avery Bradley",1.4,2.45,0.571,0.54,0.031,1.96,5.37,0.377,-0.013,2.49,5.11,0.488,0.476,0.012,1.09,1.71,0.641,0.596,0.045,1.17,3.45,0.34,0.36,-0.021,3.67,8.56,0.428,0.439,-0.011
"Zach LaVine",1.57,2.44,0.645,0.541,0.104,2.04,5.39,0.373,0.005,2.71,5.07,0.534,0.479,0.054,1.23,1.65,0.748,0.597,0.151,1.27,3.46,0.366,0.358,0.009,3.98,8.54,0.466,0.436,0.03
"Nick Collison",1.14,2.44,0.465,0.537,-0.071,0.69,1.92,0.377,-0.014,1.75,3.93,0.444,0.489,-0.045,0.97,1.92,0.504,0.583,-0.078,0.36,0.88,0.404,0.347,0.057,2.1,4.81,0.437,0.455,-0.019
"Corey Brewer",1.55,2.44,0.635,0.544,0.091,1.6,4.3,0.366,0.005,2.32,4.22,0.549,0.487,0.062,1.26,1.82,0.691,0.595,0.097,1.11,3.12,0.355,0.352,0.003,3.43,7.34,0.467,0.44,0.027
"Luc Mbah a Moute",1.27,2.44,0.522,0.548,-0.026,1.14,4.12,0.367,-0.091,2,5.42,0.369,0.49,-0.121,0.95,1.59,0.6,0.599,0.001,0.76,2.35,0.323,0.346,-0.023,2.76,7.77,0.355,0.451,-0.097
"Shelvin Mack",1.4,2.42,0.578,0.542,0.036,1.92,5.08,0.363,0.014,2.48,5.42,0.458,0.472,-0.014,1.08,1.6,0.675,0.597,0.078,1.25,3.17,0.395,0.355,0.04,3.73,8.58,0.434,0.433,0.002
"Solomon Hill",1.36,2.4,0.567,0.537,0.029,0.92,3,0.375,-0.068,1.88,3.82,0.492,0.483,0.009,1.18,1.86,0.634,0.592,0.043,0.56,2.06,0.272,0.365,-0.093,2.44,5.88,0.415,0.442,-0.027
"Montrezl Harrell",1.25,2.38,0.526,0.531,-0.005,1.03,2.88,0.369,-0.011,1.84,3.88,0.476,0.481,-0.005,0.91,1.47,0.617,0.581,0.036,0.5,1.75,0.286,0.354,-0.068,2.34,5.63,0.417,0.443,-0.027
"Monta Ellis",1.41,2.38,0.591,0.538,0.053,2.19,6.43,0.368,-0.028,2.68,5.46,0.491,0.476,0.015,1.11,1.63,0.682,0.591,0.09,1.32,4.4,0.301,0.358,-0.057,4,9.85,0.406,0.433,-0.027
"Isaiah Canaan",1.41,2.37,0.594,0.532,0.063,1.33,3.68,0.367,-0.006,2.3,4.47,0.515,0.476,0.038,1.16,1.68,0.688,0.58,0.107,0.79,2.24,0.353,0.352,0.001,3.09,6.71,0.461,0.431,0.03
"Alonzo Gee",1.44,2.36,0.612,0.543,0.069,1.39,3.88,0.375,-0.017,2.29,4.39,0.522,0.487,0.035,1.11,1.68,0.661,0.593,0.068,0.86,2.53,0.341,0.356,-0.015,3.15,6.92,0.456,0.446,0.01
"Mario Hezonja",1.36,2.35,0.58,0.543,0.038,1.3,3.35,0.363,0.024,1.96,3.77,0.52,0.48,0.039,1.14,1.74,0.651,0.594,0.058,0.89,2.41,0.371,0.352,0.019,2.85,6.18,0.462,0.433,0.029
"JaKarr Sampson",1.19,2.33,0.512,0.537,-0.025,1.06,2.89,0.364,0.002,1.67,3.78,0.441,0.484,-0.042,1.01,1.72,0.589,0.591,-0.002,0.79,1.88,0.422,0.347,0.075,2.46,5.65,0.435,0.44,-0.005
"Archie Goodwin",1.51,2.33,0.648,0.535,0.113,1.53,3.69,0.362,0.051,2.24,4.05,0.552,0.477,0.075,1.36,1.89,0.721,0.587,0.135,1.04,2.47,0.419,0.349,0.07,3.27,6.53,0.501,0.433,0.069
"Norris Cole",1.56,2.31,0.673,0.54,0.133,1.27,3.36,0.373,0.004,2.38,4.27,0.557,0.48,0.077,1.18,1.6,0.736,0.592,0.144,0.76,2.09,0.362,0.356,0.006,3.13,6.36,0.493,0.441,0.052
"Marco Belinelli",1.57,2.31,0.677,0.546,0.131,1.52,4.19,0.367,-0.004,2.22,3.99,0.558,0.486,0.072,1.31,1.81,0.727,0.605,0.122,1.03,3.03,0.34,0.353,-0.013,3.25,7.01,0.464,0.437,0.027
"Johnny O'Bryant III",1.45,2.31,0.629,0.54,0.089,0.58,2.26,0.368,-0.111,1.73,3.23,0.535,0.49,0.045,0.98,1.53,0.642,0.595,0.047,0.4,1.56,0.258,0.349,-0.091,2.13,4.79,0.444,0.451,-0.007
"T.J. Warren",1.37,2.28,0.6,0.558,0.042,1.3,3.54,0.371,-0.003,1.96,3.89,0.503,0.491,0.011,1.22,1.78,0.683,0.612,0.071,0.91,2.46,0.372,0.361,0.011,2.87,6.35,0.452,0.443,0.009
"Arron Afflalo",1.39,2.28,0.611,0.539,0.072,2.1,5.69,0.372,-0.003,2.83,5.86,0.483,0.478,0.005,1.1,1.56,0.703,0.596,0.106,1.1,3.07,0.358,0.356,0.002,3.93,8.93,0.44,0.439,0.002
"Gerald Green",1.23,2.28,0.541,0.54,0.002,1.52,4.36,0.367,-0.018,2.01,4.52,0.446,0.482,-0.037,0.88,1.58,0.56,0.59,-0.03,1.03,2.83,0.364,0.354,0.01,3.04,7.35,0.414,0.436,-0.022
"O.J. Mayo",1.39,2.27,0.613,0.546,0.067,1.22,4.2,0.372,-0.082,2.07,4.15,0.5,0.482,0.018,1.17,1.68,0.696,0.598,0.098,0.8,2.95,0.273,0.355,-0.082,2.88,7.1,0.405,0.44,-0.034
"Mike Scott",1.18,2.27,0.518,0.54,-0.022,0.77,2.27,0.36,-0.023,1.73,3.66,0.472,0.486,-0.015,0.9,1.6,0.564,0.588,-0.024,0.37,1.27,0.29,0.341,-0.05,2.1,4.93,0.425,0.447,-0.022
"Lance Thomas",1.14,2.25,0.508,0.556,-0.048,1.18,3.32,0.363,-0.009,1.96,4.36,0.451,0.489,-0.038,0.86,1.45,0.593,0.61,-0.017,0.59,1.86,0.317,0.346,-0.029,2.55,6.21,0.411,0.444,-0.033
"T.J. McConnell",1.43,2.24,0.638,0.532,0.107,1.3,3.43,0.367,0.013,2.47,4.46,0.554,0.475,0.079,1.14,1.67,0.682,0.583,0.099,0.58,1.86,0.313,0.351,-0.038,3.05,6.32,0.483,0.433,0.05
"Iman Shumpert",1.28,2.24,0.57,0.552,0.019,1.69,4.24,0.368,0.03,2.17,4.24,0.511,0.488,0.023,1.06,1.56,0.679,0.611,0.068,1.13,2.93,0.386,0.351,0.035,3.3,7.17,0.46,0.445,0.015
"Drew Gooden",1.4,2.24,0.625,0.533,0.092,0.84,2,0.372,0.048,1.88,3.36,0.56,0.477,0.083,0.96,1.52,0.632,0.582,0.05,0.44,1,0.44,0.349,0.091,2.32,4.36,0.532,0.44,0.092
"Jameer Nelson",1.38,2.23,0.621,0.541,0.079,1.92,5.03,0.367,0.016,2.38,4.67,0.511,0.477,0.034,1.05,1.38,0.759,0.597,0.162,1.28,3.36,0.382,0.357,0.025,3.67,8.03,0.457,0.437,0.02
"Markel Brown",1.4,2.22,0.631,0.545,0.086,1.24,2.89,0.367,0.061,2,3.51,0.57,0.478,0.092,1.18,1.85,0.637,0.601,0.036,0.84,2.02,0.414,0.358,0.056,2.84,5.53,0.513,0.436,0.077
"Ty Lawson",1.44,2.19,0.659,0.547,0.112,1.1,3.59,0.363,-0.058,2.16,4.05,0.533,0.481,0.053,1.32,1.76,0.748,0.598,0.15,0.62,2.32,0.267,0.347,-0.08,2.78,6.37,0.436,0.437,-0.001
"Charlie Villanueva",1.31,2.19,0.596,0.55,0.046,0.75,2.31,0.367,-0.042,1.69,3.37,0.503,0.502,0,1.08,1.67,0.644,0.594,0.05,0.5,1.52,0.329,0.344,-0.015,2.19,4.88,0.449,0.46,-0.011
"JR Smith",1.25,2.18,0.571,0.544,0.027,1.78,4.73,0.371,0.005,2.16,4.39,0.491,0.482,0.009,0.96,1.52,0.632,0.599,0.034,1.12,3.08,0.363,0.354,0.009,3.27,7.47,0.438,0.441,-0.003
"Stanley Johnson",1.18,2.18,0.541,0.543,-0.001,1.36,3.69,0.362,0.006,2.13,4.53,0.469,0.482,-0.013,0.89,1.54,0.577,0.599,-0.023,0.76,2.1,0.364,0.348,0.016,2.89,6.63,0.436,0.44,-0.004
"Kobe Bryant",1.33,2.15,0.62,0.557,0.063,1.8,4.71,0.369,0.013,2.32,4.35,0.533,0.497,0.036,1.17,1.64,0.713,0.609,0.104,1.11,3.18,0.348,0.352,-0.004,3.42,7.53,0.455,0.446,0.008
"Nick Young",1.37,2.15,0.638,0.545,0.093,1.19,2.74,0.363,0.07,1.94,3.44,0.565,0.49,0.075,1.17,1.67,0.7,0.599,0.101,0.8,1.91,0.417,0.353,0.065,2.74,5.35,0.512,0.443,0.069
"Jerian Grant",1.32,2.15,0.613,0.541,0.072,1.17,3.29,0.364,-0.009,1.89,3.82,0.495,0.48,0.015,1.08,1.57,0.69,0.593,0.097,0.76,2.07,0.369,0.351,0.019,2.65,5.89,0.45,0.436,0.014
"DeJuan Blair",0.96,2.13,0.449,0.535,-0.086,0.52,1.04,0.364,0.136,1.39,3.17,0.438,0.493,-0.054,0.87,1.43,0.606,0.583,0.023,0.26,0.35,0.75,0.365,0.385,1.65,3.52,0.469,0.468,0.001
"Darren Collison",1.33,2.11,0.63,0.536,0.094,2.27,5.64,0.371,0.032,2.58,4.89,0.527,0.478,0.048,0.96,1.27,0.753,0.602,0.151,1.47,3.64,0.402,0.356,0.046,4.04,8.53,0.474,0.435,0.038
"Raul Neto",1.15,2.11,0.544,0.526,0.018,1.6,3.93,0.374,0.035,2.35,4.62,0.508,0.473,0.035,0.8,1.38,0.58,0.585,-0.005,0.84,2.2,0.382,0.361,0.021,3.19,6.81,0.467,0.436,0.032
"Tony Parker",1.22,2.1,0.583,0.532,0.051,1.93,4.86,0.379,0.018,2.68,5.44,0.492,0.477,0.015,0.92,1.4,0.653,0.589,0.064,0.9,2.54,0.355,0.364,-0.009,3.58,7.99,0.449,0.439,0.009
"Austin Rivers",1,2.08,0.482,0.537,-0.055,1.36,3.85,0.373,-0.018,1.86,4.39,0.424,0.483,-0.059,0.7,1.36,0.511,0.589,-0.078,0.76,2.32,0.327,0.358,-0.031,2.62,6.71,0.391,0.441,-0.051
"Tayshaun Prince",1.14,2.08,0.545,0.544,0.002,1.16,3.08,0.379,-0.002,1.76,3.68,0.478,0.487,-0.009,0.92,1.62,0.567,0.596,-0.029,0.66,1.85,0.358,0.361,-0.003,2.42,5.53,0.438,0.446,-0.009
"Adreian Payne",1.33,2.07,0.642,0.558,0.084,0.5,1.52,0.381,-0.052,1.63,2.91,0.56,0.504,0.056,1.13,1.65,0.684,0.606,0.079,0.28,0.93,0.302,0.366,-0.064,1.91,3.85,0.497,0.467,0.03
"Randy Foye",1.15,2.06,0.558,0.53,0.027,1.09,3.24,0.365,-0.029,1.83,3.95,0.462,0.479,-0.017,0.78,1.29,0.602,0.586,0.016,0.69,2.03,0.34,0.348,-0.009,2.51,5.98,0.421,0.435,-0.014
"Metta World Peace",1.21,2.06,0.586,0.545,0.04,1.09,3.09,0.369,-0.017,1.82,3.41,0.534,0.493,0.041,0.91,1.47,0.62,0.599,0.021,0.65,2.15,0.301,0.351,-0.049,2.47,5.56,0.444,0.447,-0.003
"Sasha Vujacic",1.21,2.06,0.587,0.543,0.044,1.19,3.02,0.375,0.019,1.96,3.81,0.515,0.483,0.032,1,1.55,0.646,0.601,0.045,0.64,1.64,0.391,0.364,0.027,2.6,5.45,0.478,0.443,0.035
"Allen Crabbe",1.12,2.06,0.545,0.536,0.009,1.64,4.35,0.373,0.004,1.98,4.48,0.441,0.479,-0.039,0.89,1.47,0.605,0.6,0.005,1.12,2.78,0.404,0.36,0.044,3.1,7.26,0.427,0.436,-0.009
"Wayne Ellington",1.39,2.05,0.679,0.544,0.135,1.29,3.63,0.367,-0.012,1.97,3.68,0.536,0.479,0.057,1.17,1.57,0.748,0.603,0.145,0.96,2.58,0.372,0.354,0.018,2.93,6.26,0.468,0.434,0.035
"James Anderson",1.14,2.05,0.556,0.546,0.009,1.27,3.45,0.372,-0.003,1.84,4.18,0.44,0.493,-0.053,0.89,1.48,0.6,0.591,0.009,0.75,1.93,0.388,0.35,0.038,2.59,6.11,0.424,0.449,-0.025
"Jeremy Evans",1.09,2.04,0.532,0.556,-0.024,0.83,2.52,0.381,-0.053,1.43,2.7,0.532,0.497,0.035,0.96,1.52,0.629,0.617,0.012,0.61,2.04,0.298,0.362,-0.064,2.04,4.74,0.431,0.451,-0.019
"Marcus Smart",1.13,2.03,0.556,0.543,0.013,1.89,4.85,0.37,0.019,2.02,4.11,0.49,0.479,0.011,0.82,1.41,0.581,0.595,-0.014,1.21,3.36,0.361,0.352,0.009,3.23,7.48,0.432,0.434,-0.002
"James Johnson",0.91,2.02,0.451,0.551,-0.1,1.29,3.07,0.368,0.05,1.71,3.93,0.436,0.489,-0.053,0.7,1.25,0.557,0.608,-0.05,0.79,1.91,0.411,0.347,0.064,2.5,5.84,0.428,0.449,-0.021
"Mario Chalmers",1.13,2.02,0.561,0.524,0.037,1.25,3.84,0.374,-0.05,1.79,3.64,0.491,0.473,0.018,0.84,1.25,0.671,0.578,0.093,0.75,2.67,0.282,0.36,-0.078,2.54,6.31,0.403,0.432,-0.029
"Greivis Vasquez",1.35,2,0.674,0.538,0.136,1.04,3.13,0.356,-0.023,2.04,3.3,0.618,0.472,0.147,1,1.57,0.639,0.603,0.036,0.65,2.3,0.283,0.333,-0.05,2.7,5.61,0.481,0.427,0.054
"Gary Neal",1.35,1.98,0.684,0.533,0.15,1.45,3.53,0.359,0.052,2.05,3.65,0.562,0.474,0.088,0.98,1.33,0.736,0.595,0.141,0.98,2.5,0.39,0.342,0.048,3.03,6.15,0.492,0.427,0.065
"Jeff Teague",1.08,1.97,0.545,0.539,0.006,1.99,5.68,0.37,-0.02,2.1,4.78,0.439,0.477,-0.038,0.86,1.28,0.673,0.596,0.077,1.2,3.61,0.333,0.348,-0.015,3.3,8.39,0.394,0.437,-0.043
"Dennis Schröder",1.04,1.97,0.526,0.534,-0.008,1.13,3.09,0.36,0.005,1.71,3.84,0.446,0.475,-0.029,0.76,1.35,0.561,0.599,-0.038,0.63,1.75,0.362,0.34,0.022,2.34,5.58,0.42,0.433,-0.014
"Matt Bonner",0.83,1.96,0.422,0.512,-0.09,0.65,1.48,0.358,0.083,1.39,3.09,0.451,0.475,-0.024,0.78,1.57,0.5,0.571,-0.071,0.22,0.7,0.313,0.342,-0.029,1.61,3.78,0.425,0.437,-0.012
"Kostas Papanikolaou",1,1.96,0.511,0.557,-0.046,1.39,3.09,0.368,0.082,1.74,3.7,0.471,0.505,-0.034,0.87,1.3,0.667,0.619,0.048,0.78,1.7,0.462,0.351,0.11,2.52,5.39,0.468,0.455,0.013
"Shabazz Muhammad",1.16,1.95,0.594,0.535,0.059,1.49,3.61,0.365,0.048,1.76,3.35,0.524,0.481,0.042,0.99,1.6,0.618,0.587,0.031,1.02,2.43,0.422,0.351,0.071,2.78,5.78,0.481,0.436,0.045
"PJ Hairston",0.91,1.95,0.464,0.539,-0.075,1.77,3.81,0.376,0.087,1.88,3.98,0.471,0.489,-0.018,0.72,1.34,0.535,0.594,-0.059,1.05,2.36,0.444,0.357,0.086,2.92,6.34,0.461,0.448,0.013
"C.J. Watson",1.13,1.94,0.581,0.547,0.034,1.53,3.66,0.365,0.054,1.97,3.5,0.563,0.483,0.08,1,1.38,0.727,0.597,0.131,1.06,2.72,0.391,0.349,0.042,3.03,6.22,0.487,0.438,0.049
"Brandon Jennings",1.04,1.94,0.538,0.524,0.013,0.85,2.79,0.363,-0.058,1.65,3.88,0.425,0.47,-0.045,0.71,1.1,0.642,0.58,0.062,0.58,1.67,0.35,0.341,0.009,2.23,5.54,0.402,0.43,-0.027
"Tony Allen",1.17,1.94,0.605,0.544,0.06,1.56,4.3,0.372,-0.008,2.05,3.88,0.528,0.49,0.038,0.94,1.42,0.659,0.594,0.065,0.92,3,0.307,0.349,-0.042,2.97,6.88,0.432,0.445,-0.013
"Ray McCallum",0.96,1.93,0.5,0.54,-0.04,0.89,2.39,0.36,0.013,1.57,3.32,0.473,0.48,-0.007,0.57,1.04,0.552,0.585,-0.034,0.64,1.57,0.409,0.344,0.065,2.21,4.89,0.453,0.437,0.015
"Trey Burke",1.17,1.92,0.612,0.529,0.083,1.24,3.44,0.373,-0.014,1.92,3.81,0.504,0.477,0.027,0.81,1.21,0.671,0.588,0.083,0.89,2.3,0.386,0.364,0.022,2.81,6.11,0.46,0.436,0.024
"Patty Mills",1.26,1.9,0.662,0.529,0.133,0.99,2.93,0.358,-0.02,2.1,3.93,0.535,0.469,0.066,0.91,1.19,0.771,0.584,0.187,0.53,1.74,0.305,0.333,-0.028,2.63,5.67,0.464,0.429,0.036
"Axel Toupane",1.05,1.9,0.55,0.541,0.009,1.19,3.29,0.371,-0.009,1.57,3.43,0.458,0.483,-0.025,0.9,1.24,0.731,0.604,0.127,0.81,2.19,0.37,0.358,0.011,2.38,5.62,0.424,0.438,-0.014
"Kelly Oubre Jr.",1.2,1.9,0.634,0.557,0.078,1.04,2.67,0.369,0.021,1.8,3.24,0.553,0.489,0.064,1.08,1.61,0.671,0.614,0.057,0.63,1.69,0.373,0.356,0.018,2.43,4.94,0.492,0.444,0.048
"Marcus Thornton",1.22,1.87,0.652,0.545,0.107,0.9,2.73,0.369,-0.039,1.68,2.93,0.574,0.484,0.09,0.85,1.32,0.646,0.601,0.045,0.55,1.98,0.277,0.359,-0.082,2.23,4.92,0.454,0.437,0.017
"Toney Douglas",1.17,1.87,0.625,0.539,0.086,1.35,3.52,0.372,0.012,1.82,3.52,0.517,0.479,0.037,0.9,1.15,0.783,0.603,0.18,0.93,2.4,0.389,0.358,0.031,2.75,5.92,0.465,0.435,0.029
"Norman Powell",0.87,1.87,0.465,0.532,-0.067,1.55,3.87,0.373,0.028,1.58,3.82,0.414,0.476,-0.062,0.74,1.34,0.549,0.59,-0.041,1.05,2.45,0.43,0.353,0.077,2.63,6.26,0.42,0.433,-0.013
"Jeremy Lamb",1,1.86,0.537,0.549,-0.012,1.44,4.27,0.366,-0.03,1.94,4.18,0.464,0.483,-0.019,0.85,1.36,0.622,0.597,0.025,0.82,2.65,0.309,0.357,-0.048,2.76,6.83,0.404,0.437,-0.033
"Cameron Payne",1.06,1.85,0.573,0.522,0.051,0.94,2.56,0.365,0.001,1.56,3.27,0.478,0.472,0.006,0.85,1.25,0.683,0.574,0.11,0.65,1.63,0.397,0.343,0.054,2.21,4.9,0.451,0.433,0.019
"Tyler Hansbrough",1.03,1.83,0.563,0.553,0.01,0.34,0.71,0.392,0.088,1.29,2.43,0.529,0.497,0.032,0.71,1.34,0.532,0.607,-0.075,0.17,0.34,0.5,0.363,0.137,1.46,2.77,0.526,0.464,0.062
"Rashad Vaughn",1.13,1.81,0.628,0.543,0.086,1.04,2.55,0.361,0.048,1.72,3.1,0.553,0.482,0.071,0.85,1.24,0.687,0.596,0.091,0.6,1.61,0.37,0.354,0.016,2.31,4.72,0.491,0.436,0.054
"Kirk Hinrich",1.12,1.79,0.627,0.536,0.091,1,3.12,0.362,-0.041,1.81,3.69,0.49,0.473,0.017,0.88,1.21,0.725,0.588,0.137,0.6,1.71,0.347,0.336,0.011,2.4,5.4,0.445,0.433,0.012
"Derrick Williams",1.1,1.79,0.616,0.543,0.073,1.22,3.61,0.361,-0.023,1.74,3.56,0.489,0.483,0.006,0.86,1.26,0.68,0.593,0.088,0.77,2.34,0.328,0.348,-0.021,2.51,5.9,0.425,0.437,-0.012
"Devin Harris",1.09,1.78,0.614,0.526,0.088,1.34,3.5,0.365,0.019,1.77,3.42,0.516,0.477,0.039,0.94,1.28,0.732,0.576,0.156,0.95,2.45,0.389,0.357,0.032,2.72,5.88,0.463,0.434,0.029
"Sean Kilpatrick",1.27,1.77,0.717,0.535,0.182,1.13,2.9,0.36,0.031,1.67,2.8,0.595,0.473,0.123,1.17,1.5,0.778,0.592,0.185,0.83,2.13,0.391,0.348,0.043,2.5,4.93,0.507,0.43,0.077
"Chris Johnson",0.92,1.77,0.519,0.549,-0.03,0.93,2.75,0.369,-0.029,1.43,3.11,0.458,0.484,-0.026,0.85,1.46,0.584,0.599,-0.015,0.56,1.75,0.318,0.352,-0.034,1.98,4.87,0.407,0.441,-0.034
"D.J. Augustin",1.23,1.76,0.697,0.533,0.164,1.1,3.08,0.358,-0.002,1.81,3.16,0.571,0.476,0.096,0.94,1.18,0.795,0.594,0.201,0.77,2.23,0.348,0.344,0.004,2.58,5.39,0.479,0.429,0.05
"Seth Curry",1.05,1.75,0.6,0.545,0.055,1.48,3.35,0.374,0.066,1.73,3.38,0.511,0.479,0.032,0.78,1.13,0.689,0.608,0.081,1.03,2.2,0.466,0.36,0.106,2.75,5.58,0.493,0.439,0.054
"Tyus Jones",1.28,1.75,0.73,0.553,0.177,1.25,2.97,0.367,0.053,1.83,3.11,0.589,0.492,0.097,0.97,1.28,0.761,0.604,0.157,0.92,2.14,0.429,0.357,0.072,2.75,5.25,0.524,0.439,0.084
"Kyle Anderson",1.01,1.72,0.589,0.529,0.06,0.86,2.79,0.357,-0.048,1.69,3.26,0.519,0.478,0.041,0.81,1.28,0.63,0.585,0.045,0.46,1.71,0.268,0.34,-0.072,2.15,4.97,0.433,0.431,0.002
"Steve Blake",0.98,1.72,0.57,0.531,0.039,1.52,3.98,0.366,0.015,2.09,4.48,0.465,0.475,-0.01,0.71,1.16,0.612,0.586,0.026,0.79,2.07,0.383,0.348,0.035,2.88,6.55,0.439,0.436,0.004
"Jason Terry",1.18,1.72,0.689,0.54,0.148,1.44,3.34,0.371,0.06,1.87,3.38,0.554,0.481,0.073,0.97,1.21,0.802,0.603,0.199,1,2.31,0.433,0.356,0.077,2.87,5.69,0.505,0.437,0.068
"Jamal Crawford",1,1.71,0.585,0.544,0.041,1.33,3.7,0.359,0.001,1.77,3.62,0.49,0.487,0.002,0.87,1.3,0.67,0.594,0.076,0.85,2.43,0.349,0.342,0.007,2.62,6.05,0.433,0.441,-0.008
"Gerald Henderson",0.76,1.7,0.445,0.547,-0.102,1.64,3.5,0.367,0.103,1.53,3.49,0.439,0.48,-0.042,0.57,1.19,0.482,0.594,-0.112,1.01,2.17,0.467,0.356,0.111,2.54,5.66,0.449,0.433,0.017
"Ramon Sessions",1.1,1.7,0.647,0.529,0.119,1.17,3.29,0.363,-0.007,1.85,3.3,0.561,0.468,0.093,0.8,1.17,0.688,0.586,0.101,0.7,2.18,0.318,0.356,-0.038,2.55,5.49,0.464,0.429,0.036
"Tyler Ennis",1.03,1.69,0.606,0.524,0.082,1.1,3.33,0.363,-0.033,1.54,3,0.513,0.463,0.049,0.77,1.13,0.682,0.572,0.11,0.74,2.36,0.315,0.354,-0.039,2.28,5.36,0.426,0.426,0
"Lou Amundson",0.86,1.68,0.511,0.54,-0.029,0.36,1.14,0.386,-0.073,0.96,2.46,0.391,0.487,-0.096,0.68,1.39,0.487,0.592,-0.105,0.29,0.64,0.444,0.35,0.095,1.25,3.11,0.402,0.452,-0.05
"Aaron Brooks",0.93,1.67,0.557,0.526,0.03,1.01,3.2,0.368,-0.051,1.51,3.49,0.432,0.47,-0.039,0.68,1.04,0.653,0.577,0.076,0.62,1.99,0.314,0.356,-0.042,2.13,5.48,0.389,0.432,-0.043
"Mo Williams",0.92,1.67,0.55,0.526,0.024,1.39,3.58,0.365,0.023,1.75,3.81,0.46,0.472,-0.012,0.69,1.08,0.641,0.573,0.068,0.78,2.08,0.373,0.34,0.033,2.53,5.89,0.429,0.436,-0.007
"Sergey Karasev",0.97,1.66,0.586,0.553,0.033,0.86,2.34,0.378,-0.012,1.54,2.89,0.535,0.479,0.055,0.8,1.2,0.667,0.626,0.04,0.43,1.37,0.313,0.369,-0.056,1.97,4.26,0.463,0.442,0.021
"Vince Carter",1.07,1.66,0.643,0.539,0.104,1.47,3.75,0.359,0.035,1.53,2.92,0.523,0.482,0.041,0.92,1.29,0.711,0.596,0.115,1.05,2.78,0.378,0.344,0.035,2.58,5.69,0.452,0.432,0.021
"Richard Jefferson",1,1.66,0.603,0.54,0.063,1.3,3.66,0.365,-0.009,1.53,3.29,0.467,0.477,-0.01,0.75,1.14,0.663,0.591,0.072,0.89,2.4,0.371,0.354,0.017,2.42,5.68,0.427,0.434,-0.007
"Beno Udrih",0.86,1.66,0.521,0.517,0.004,1.32,3.64,0.368,-0.005,1.7,3.5,0.487,0.467,0.02,0.66,1.16,0.569,0.57,-0.001,0.86,2.36,0.365,0.355,0.01,2.57,5.86,0.438,0.428,0.01
"James Michael McAdoo",1.03,1.65,0.625,0.538,0.087,0.5,1.35,0.37,0,1.26,2.24,0.566,0.48,0.086,1,1.35,0.739,0.599,0.14,0.29,0.91,0.323,0.361,-0.038,1.56,3.15,0.495,0.44,0.055
"Mike Miller",0.83,1.64,0.508,0.527,-0.019,0.75,2.06,0.359,0.006,1.17,2.58,0.452,0.479,-0.028,0.81,1.22,0.659,0.58,0.08,0.58,1.39,0.42,0.345,0.075,1.75,3.97,0.441,0.433,0.007
"Rodney Stuckey",0.86,1.63,0.527,0.537,-0.01,1.37,3.42,0.366,0.034,1.61,3.53,0.458,0.473,-0.015,0.74,1.21,0.609,0.596,0.013,0.84,2.05,0.41,0.353,0.058,2.46,5.58,0.44,0.43,0.01
"Rasual Butler",0.72,1.61,0.448,0.532,-0.083,0.64,2.11,0.35,-0.047,1,2.28,0.439,0.475,-0.036,0.56,1.28,0.435,0.597,-0.163,0.47,1.58,0.298,0.343,-0.044,1.47,3.86,0.381,0.422,-0.04
"Chase Budinger",0.82,1.59,0.515,0.538,-0.023,0.89,2.44,0.362,0,1.38,3,0.459,0.483,-0.024,0.64,1.02,0.629,0.598,0.031,0.51,1.59,0.32,0.35,-0.031,1.89,4.59,0.411,0.435,-0.024
"J.J. Barea",1.03,1.58,0.65,0.529,0.12,1.64,4.28,0.37,0.012,1.91,3.69,0.516,0.474,0.043,0.68,0.93,0.725,0.586,0.139,1.05,2.91,0.363,0.355,0.008,2.96,6.59,0.449,0.433,0.016
"Anthony Morrow",0.95,1.58,0.6,0.528,0.072,0.98,2.6,0.352,0.026,1.35,2.42,0.559,0.483,0.076,0.78,1.15,0.681,0.574,0.107,0.67,1.98,0.336,0.338,-0.001,2.02,4.4,0.458,0.432,0.027
"Kevin Martin",1.09,1.57,0.694,0.542,0.152,1.35,3.3,0.377,0.033,1.91,3.26,0.585,0.482,0.103,0.89,1.06,0.842,0.602,0.24,0.76,2.02,0.376,0.359,0.017,2.67,5.28,0.505,0.433,0.072
"Tim Frazier",0.97,1.56,0.623,0.536,0.087,1.28,3.62,0.358,-0.003,1.87,3.62,0.518,0.47,0.048,0.64,1,0.641,0.599,0.042,0.72,2.38,0.301,0.343,-0.042,2.59,6,0.432,0.429,0.003
"Jonathon Simmons",1.06,1.52,0.697,0.545,0.153,0.9,2.3,0.353,0.038,1.5,2.8,0.536,0.482,0.053,0.74,1,0.74,0.603,0.137,0.54,1.38,0.391,0.334,0.057,2.04,4.18,0.488,0.433,0.055
"Joe Young",0.88,1.52,0.58,0.522,0.058,0.58,1.79,0.359,-0.036,1.36,2.67,0.511,0.473,0.039,0.76,1.12,0.676,0.562,0.113,0.21,0.88,0.241,0.346,-0.105,1.58,3.55,0.444,0.427,0.017
"Marcelo Huertas",0.98,1.51,0.649,0.516,0.133,1.25,3.51,0.37,-0.013,1.94,3.59,0.541,0.47,0.071,0.82,1.1,0.75,0.573,0.177,0.67,2.18,0.306,0.358,-0.052,2.61,5.76,0.452,0.431,0.022
"Glenn Robinson III",0.87,1.51,0.576,0.546,0.03,0.77,2.31,0.362,-0.029,1.21,2.56,0.47,0.483,-0.013,0.79,1.26,0.633,0.596,0.036,0.46,1.38,0.333,0.349,-0.016,1.67,3.95,0.422,0.434,-0.012
"Jared Cunningham",0.87,1.5,0.578,0.519,0.059,0.83,2.2,0.368,0.011,1.2,2.4,0.5,0.478,0.022,0.7,1.03,0.677,0.58,0.098,0.53,1.53,0.348,0.342,0.006,1.73,3.93,0.441,0.433,0.007
"Reggie Bullock Jr.",0.96,1.5,0.643,0.549,0.094,0.82,2.93,0.364,-0.083,1.43,2.96,0.482,0.475,0.007,0.71,1.07,0.667,0.593,0.073,0.57,1.75,0.327,0.353,-0.027,2,4.71,0.424,0.434,-0.01
"Ronnie Price",0.79,1.48,0.533,0.522,0.011,1.41,3.54,0.37,0.028,1.48,3.21,0.459,0.466,-0.006,0.61,0.9,0.673,0.587,0.086,0.92,2.31,0.397,0.363,0.034,2.39,5.52,0.433,0.43,0.003
"Justin Anderson",0.72,1.48,0.485,0.541,-0.055,1.07,2.28,0.375,0.092,1.17,2.37,0.495,0.485,0.01,0.63,1.2,0.527,0.588,-0.061,0.74,1.8,0.41,0.36,0.05,1.91,4.17,0.458,0.44,0.019
"Pablo Prigioni",1.04,1.47,0.702,0.536,0.166,0.98,2.56,0.356,0.028,1.67,3.05,0.546,0.47,0.076,0.88,1.11,0.794,0.59,0.204,0.6,1.53,0.391,0.341,0.05,2.26,4.58,0.494,0.427,0.067
"Joe Ingles",0.87,1.47,0.589,0.547,0.042,0.8,2.3,0.364,-0.015,1.26,2.55,0.495,0.493,0.002,0.75,1.07,0.704,0.601,0.102,0.58,1.67,0.346,0.342,0.005,1.84,4.22,0.436,0.442,-0.006
"John Jenkins",0.86,1.42,0.608,0.535,0.073,0.61,2.06,0.371,-0.074,1.36,2.75,0.495,0.48,0.015,0.78,1.06,0.737,0.606,0.131,0.33,1.17,0.286,0.344,-0.059,1.69,3.92,0.433,0.435,-0.002
"Damjan Rudez",0.89,1.41,0.632,0.534,0.098,0.63,2.15,0.359,-0.066,1.3,2.44,0.53,0.481,0.049,0.59,0.96,0.615,0.586,0.029,0.3,1.22,0.242,0.339,-0.096,1.59,3.67,0.434,0.444,-0.009
"Devyn Marble",0.86,1.41,0.613,0.55,0.063,0.73,1.91,0.349,0.032,1.27,2.36,0.538,0.475,0.063,0.68,0.95,0.714,0.605,0.109,0.45,1.23,0.37,0.332,0.038,1.73,3.59,0.481,0.427,0.054
"Lance Stephenson",0.93,1.39,0.667,0.537,0.129,1.22,3.49,0.363,-0.013,1.52,2.75,0.554,0.474,0.08,0.69,0.93,0.742,0.592,0.15,0.81,2.49,0.323,0.353,-0.03,2.33,5.24,0.444,0.435,0.01
"James Jones",0.85,1.38,0.611,0.539,0.072,0.51,1.44,0.369,-0.012,1.23,2.08,0.593,0.49,0.103,0.74,1.1,0.674,0.593,0.081,0.26,1,0.256,0.352,-0.095,1.49,3.08,0.483,0.451,0.033
"Kendall Marshall",0.88,1.33,0.656,0.527,0.13,1.08,2.46,0.368,0.072,1.79,2.88,0.623,0.471,0.152,0.67,0.96,0.696,0.584,0.111,0.5,1.46,0.343,0.355,-0.012,2.29,4.33,0.529,0.435,0.094
"Manu Ginobili",0.79,1.32,0.595,0.541,0.054,0.64,2.45,0.367,-0.104,1.32,2.84,0.465,0.485,-0.02,0.64,0.95,0.679,0.595,0.084,0.29,1.41,0.203,0.351,-0.148,1.61,4.25,0.378,0.438,-0.06
"Ian Clark",0.9,1.31,0.687,0.541,0.146,0.76,1.73,0.36,0.083,1.31,2.22,0.593,0.472,0.121,0.73,1.04,0.698,0.598,0.1,0.45,1.18,0.383,0.347,0.036,1.76,3.39,0.52,0.427,0.094
"Chris Copeland",0.65,1.3,0.5,0.544,-0.044,0.95,1.8,0.372,0.155,1.1,2.25,0.489,0.491,-0.003,0.6,1.2,0.5,0.594,-0.094,0.65,1.1,0.591,0.354,0.237,1.75,3.35,0.522,0.44,0.082
"Udonis Haslem",0.79,1.28,0.622,0.536,0.086,0.52,1.14,0.367,0.087,1.24,2.17,0.571,0.484,0.087,0.62,0.9,0.692,0.576,0.116,0.24,0.59,0.412,0.328,0.084,1.48,2.76,0.538,0.448,0.089
"Terry Rozier",0.69,1.24,0.556,0.533,0.022,0.62,1.21,0.366,0.148,1.07,2,0.534,0.474,0.06,0.52,0.79,0.652,0.582,0.07,0.38,0.79,0.478,0.343,0.135,1.45,2.79,0.519,0.431,0.088
"Brian Roberts",0.66,1.23,0.537,0.54,-0.003,0.82,2.18,0.373,0.002,1.25,2.61,0.478,0.472,0.006,0.41,0.64,0.643,0.607,0.036,0.41,1.3,0.316,0.36,-0.044,1.66,3.91,0.424,0.43,-0.006
"Tim Hardaway Jr.",0.75,1.22,0.613,0.546,0.067,1.2,3.78,0.371,-0.055,1.2,2.86,0.418,0.481,-0.063,0.57,0.84,0.674,0.601,0.073,0.8,2.53,0.318,0.361,-0.043,2,5.39,0.371,0.433,-0.062
"Lamar Patterson",0.84,1.22,0.692,0.557,0.136,1,2.47,0.353,0.052,1.22,2.28,0.534,0.489,0.045,0.72,0.94,0.767,0.607,0.16,0.72,1.75,0.411,0.331,0.079,1.94,4.03,0.481,0.44,0.04
"KJ McDaniels",0.68,1.16,0.586,0.539,0.047,0.68,1.72,0.358,0.037,0.92,2.04,0.451,0.478,-0.027,0.64,1.08,0.593,0.588,0.005,0.52,1.16,0.448,0.355,0.094,1.44,3.2,0.45,0.429,0.021
"James Young",0.71,1.14,0.625,0.542,0.083,1.05,2.19,0.359,0.119,1.19,2,0.595,0.482,0.114,0.52,0.86,0.611,0.61,0.001,0.67,1.52,0.438,0.346,0.091,1.86,3.52,0.527,0.433,0.094
"Leandro Barbosa",0.71,1.13,0.623,0.539,0.084,0.82,2.25,0.361,0.005,1.16,2.37,0.491,0.479,0.012,0.5,0.72,0.694,0.599,0.095,0.47,1.26,0.372,0.339,0.033,1.63,3.63,0.449,0.431,0.018
"Troy Daniels",0.69,1.11,0.625,0.526,0.099,0.58,2.22,0.363,-0.101,1.14,2.22,0.513,0.476,0.036,0.56,0.72,0.769,0.568,0.201,0.33,1.56,0.214,0.344,-0.129,1.47,3.78,0.39,0.431,-0.041
"Phil Pressey",0.7,1.1,0.636,0.541,0.095,0.8,2.35,0.362,-0.021,1.25,2.9,0.431,0.467,-0.036,0.65,0.75,0.867,0.594,0.273,0.5,1.2,0.417,0.352,0.065,1.75,4.1,0.427,0.43,-0.003
"RJ Hunter",0.65,1.04,0.63,0.535,0.095,0.58,1.5,0.356,0.028,1.04,2,0.519,0.463,0.056,0.54,0.77,0.7,0.607,0.093,0.31,0.88,0.348,0.349,-0.001,1.35,2.88,0.467,0.419,0.048
"Shabazz Napier",0.65,0.96,0.682,0.524,0.158,0.96,2.72,0.367,-0.015,1.2,2.39,0.5,0.466,0.034,0.52,0.63,0.828,0.601,0.227,0.61,1.67,0.364,0.355,0.008,1.8,4.07,0.444,0.425,0.019
"Darrun Hilliard",0.52,0.93,0.56,0.518,0.042,0.74,1.93,0.367,0.018,0.93,2.11,0.439,0.467,-0.029,0.3,0.56,0.533,0.593,-0.06,0.48,1.07,0.448,0.361,0.087,1.41,3.19,0.442,0.426,0.016
"Andre Miller",0.66,0.91,0.719,0.543,0.176,1.2,3.43,0.364,-0.014,1.11,1.97,0.565,0.469,0.096,0.57,0.71,0.8,0.599,0.201,0.89,2.71,0.326,0.355,-0.028,2,4.69,0.427,0.43,-0.003
"Sonny Weems",0.8,0.89,0.903,0.554,0.35,0.69,1.89,0.363,0.001,1.11,1.83,0.609,0.487,0.123,0.66,0.69,0.958,0.6,0.359,0.51,1.31,0.391,0.347,0.045,1.63,3.14,0.518,0.438,0.08
