"PLAYER_NAME","Defender_Cluster"
"Brook Lopez","3"
"Hassan Whiteside","3"
"Pau Gasol","3"
"DeMarcus Cousins","3"
"Marcin Gortat","3"
"Karl-Anthony Towns","3"
"Andre Drummond","3"
"DeAndre Jordan","3"
"Al Horford","3"
"Nikola Vučević","3"
"Serge Ibaka","3"
"Jahlil Okafor","3"
"Robin Lopez","3"
"Rudy Gobert","3"
"Derrick Favors","3"
"Marc Gasol","3"
"Draymond Green","3"
"Nerlens Noel","3"
"Jonas Valančiūnas","3"
"Greg Monroe","3"
"Mason Plumlee","3"
"Kristaps Porziņģis","3"
"Anthony Davis","3"
"Kevin Love","3"
"Steven Adams","3"
"Myles Turner","3"
"Zaza Pachulia","3"
"Paul Millsap","3"
"Dwight Howard","3"
"Roy Hibbert","3"
"Tristan Thompson","3"
"Tim Duncan","3"
"Gorgui Dieng","3"
"Ian Mahinmi","3"
"Bismack Biyombo","3"
"Dirk Nowitzki","3"
"Alex Len","3"
"Jordan Hill","3"
"Andrew Bogut","3"
"Clint Capela","3"
"Festus Ezeli","3"
"LaMarcus Aldridge","3"
"Jared Sullinger","3"
"Amir Johnson","3"
"Giannis Antetokounmpo","3"
"Thaddeus Young","2"
"Cody Zeller","3"
"Enes Freedom","3"
"Nikola Jokić","3"
"Kosta Koufos","3"
"Julius Randle","2"
"Ryan Anderson","2"
"Timofey Mozgov","3"
"Blake Griffin","3"
"Chris Bosh","3"
"Zach Randolph","2"
"Ed Davis","3"
"Tyson Chandler","3"
"Kenneth Faried","2"
"Al Jefferson","1"
"John Henson","3"
"Jon Leuer","1"
"Aron Baynes","1"
"Taj Gibson","3"
"Luol Deng","2"
"Jusuf Nurkić","1"
"James Harden","2"
"Jerami Grant","3"
"Rudy Gay","2"
"Marvin Williams","3"
"Jared Dudley","2"
"Nene","5"
"Jeff Withey","1"
"Omer Asik","1"
"Ersan Ilyasova","2"
"Nikola Mirotic","2"
"Miles Plumlee","1"
"Kelly Olynyk","2"
"Joakim Noah","2"
"Cole Aldrich","1"
"Meyers Leonard","2"
"Darrell Arthur","1"
"Andrew Wiggins","2"
"Terrence Jones","5"
"Spencer Hawes","1"
"Jimmy Butler III","2"
"Eric Bledsoe","2"
"Mirza Teletovic","2"
"Tobias Harris","2"
"Brandon Bass","1"
"Jabari Parker","2"
"David Lee","1"
"Markieff Morris","2"
"Frank Kaminsky","2"
"Nemanja Bjelica","2"
"Harrison Barnes","2"
"David West","1"
"Kevin Durant","2"
"Willie Cauley-Stein","2"
"Joffrey Lauvergne","1"
"Tiago Splitter","1"
"Dewayne Dedmon","1"
"Amar'e Stoudemire","1"
"Alexis Ajinca","5"
"Reggie Jackson","2"
"Kyle Korver","2"
"Ish Smith","2"
"Tyler Zeller","5"
"Jason Smith","1"
"Danny Green","2"
"Jeff Green","2"
"Victor Oladipo","2"
"Klay Thompson","2"
"Paul George","2"
"Rondae Hollis-Jefferson","2"
"Josh Smith","1"
"Michael Carter-Williams","2"
"Kyle O'Quinn","1"
"Lavoy Allen","1"
"Justise Winslow","2"
"Omri Casspi","2"
"Salah Mejri","1"
"Al-Farouq Aminu","2"
"D'Angelo Russell","2"
"Will Barton","2"
"Mike Muscala","5"
"Chris Andersen","4"
"Kris Humphries","1"
"Evan Turner","2"
"Robert Covington","2"
"Jordan Clarkson","2"
"Carl Landry","5"
"Aaron Gordon","1"
"Kawhi Leonard","1"
"Kyle Lowry","2"
"Bobby Portis","1"
"Robert Sacre","5"
"Jae Crowder","2"
"Luis Scola","5"
"Marcus Morris Sr.","2"
"Patrick Patterson","2"
"Dwight Powell","1"
"Emmanuel Mudiay","2"
"Kemba Walker","2"
"Luke Babbitt","4"
"Donatas Motiejunas","1"
"Elfrid Payton","2"
"Derrick Rose","2"
"Lucas Nogueira","5"
"Goran Dragic","2"
"Wesley Johnson","1"
"Channing Frye","1"
"Damian Lillard","2"
"Ryan Hollins","5"
"Jose Calderon","2"
"Kevin Seraphin","1"
"Marreese Speights","1"
"Boris Diaw","1"
"Bojan Bogdanovic","4"
"DeMarre Carroll","2"
"Kendrick Perkins","5"
"Willie Reed","5"
"Devin Booker","2"
"Hollis Thompson","2"
"Trey Lyles","1"
"Thomas Robinson","5"
"Tyreke Evans","2"
"Andrew Nicholson","1"
"Tyler Johnson","1"
"Tarik Black","1"
"Patrick Beverley","2"
"Chris McCullough","1"
"Langston Galloway","2"
"Richaun Holmes","1"
"Danilo Gallinari","2"
"Kyrie Irving","2"
"Matt Barnes","2"
"CJ McCollum","2"
"John Wall","2"
"Jarrett Jack","2"
"Paul Pierce","1"
"Ricky Rubio","2"
"Larry Nance Jr.","1"
"JaVale McGee","5"
"Trevor Booker","1"
"Nik Stauskas","1"
"Dante Cunningham","2"
"Anthony Tolliver","1"
"Mike Conley","2"
"Josh Richardson","2"
"Cory Joseph","2"
"Nicolas Batum","2"
"Trevor Ariza","2"
"JJ Hickson","1"
"Quincy Acy","1"
"Otto Porter Jr.","2"
"George Hill","2"
"Andre Roberson","1"
"Carmelo Anthony","2"
"CJ Miles","1"
"Joe Johnson","2"
"Stephen Curry","2"
"E'Twaun Moore","5"
"Donald Sloan","4"
"JaMychal Green","1"
"Rodney Hood","2"
"Brandon Knight","2"
"Noah Vonleh","1"
"Dion Waiters","2"
"Jrue Holiday","2"
"Boban Marjanovic","1"
"Chris Paul","2"
"Cristiano Felicio","1"
"P.J. Tucker","2"
"Matthew Dellavedova","2"
"Rajon Rondo","2"
"LeBron James","1"
"Khris Middleton","2"
"Evan Fournier","2"
"Jeremy Lin","2"
"Kentavious Caldwell-Pope","2"
"Deron Williams","2"
"Anthony Brown","2"
"Jarell Martin","1"
"Kevin Garnett","1"
"Gary Harris","2"
"Tony Snell","1"
"Russell Westbrook","2"
"Wesley Matthews","2"
"Garrett Temple","2"
"Andre Iguodala","2"
"Justin Holiday","1"
"Jonas Jerebko","1"
"Kyle Singler","4"
"Alec Burks","4"
"Anderson Varejao","4"
"Chandler Parsons","2"
"Gordon Hayward","2"
"Raymond Felton","2"
"Andrea Bargnani","4"
"Lou Williams","2"
"DeMar DeRozan","2"
"Shane Larkin","2"
"Bradley Beal","2"
"Josh McRoberts","1"
"Eric Gordon","2"
"Jerryd Bayless","2"
"JJ Redick","1"
"Jason Thompson","5"
"Mike Dunleavy","2"
"Doug McDermott","4"
"Courtney Lee","2"
"Ryan Kelly","1"
"Brandon Rush","4"
"Thabo Sefolosha","1"
"Kent Bazemore","1"
"Dwyane Wade","1"
"Terrence Ross","1"
"Shaun Livingston","4"
"Isaiah Thomas","2"
"Maurice Harkless","1"
"Ben McLemore","2"
"Avery Bradley","2"
"Zach LaVine","2"
"Nick Collison","1"
"Corey Brewer","2"
"Luc Mbah a Moute","1"
"Shelvin Mack","2"
"Solomon Hill","1"
"Montrezl Harrell","1"
"Monta Ellis","2"
"Isaiah Canaan","4"
"Alonzo Gee","2"
"Mario Hezonja","4"
"JaKarr Sampson","1"
"Archie Goodwin","4"
"Norris Cole","4"
"Marco Belinelli","4"
"Johnny O'Bryant III","1"
"T.J. Warren","4"
"Arron Afflalo","2"
"Gerald Green","1"
"O.J. Mayo","1"
"Mike Scott","1"
"Lance Thomas","1"
"T.J. McConnell","4"
"Iman Shumpert","2"
"Drew Gooden","5"
"Jameer Nelson","2"
"Markel Brown","4"
"Ty Lawson","4"
"Charlie Villanueva","1"
"JR Smith","2"
"Stanley Johnson","1"
"Kobe Bryant","2"
"Nick Young","4"
"Jerian Grant","4"
"DeJuan Blair","5"
"Darren Collison","2"
"Raul Neto","4"
"Tony Parker","2"
"Austin Rivers","1"
"Tayshaun Prince","1"
"Adreian Payne","4"
"Randy Foye","1"
"Metta World Peace","1"
"Sasha Vujacic","4"
"Allen Crabbe","1"
"Wayne Ellington","4"
"James Anderson","1"
"Jeremy Evans","1"
"Marcus Smart","2"
"James Johnson","1"
"Mario Chalmers","1"
"Greivis Vasquez","4"
"Gary Neal","4"
"Jeff Teague","2"
"Dennis Schröder","1"
"Matt Bonner","1"
"Kostas Papanikolaou","5"
"Shabazz Muhammad","4"
"PJ Hairston","5"
"C.J. Watson","4"
"Brandon Jennings","1"
"Tony Allen","2"
"Ray McCallum","5"
"Trey Burke","4"
"Patty Mills","4"
"Axel Toupane","4"
"Kelly Oubre Jr.","4"
"Marcus Thornton","1"
"Toney Douglas","4"
"Norman Powell","1"
"Jeremy Lamb","1"
"Cameron Payne","4"
"Tyler Hansbrough","5"
"Rashad Vaughn","4"
"Kirk Hinrich","4"
"Derrick Williams","1"
"Devin Harris","4"
"Sean Kilpatrick","4"
"Chris Johnson","1"
"D.J. Augustin","4"
"Seth Curry","4"
"Tyus Jones","4"
"Kyle Anderson","1"
"Steve Blake","1"
"Jason Terry","4"
"Jamal Crawford","1"
"Gerald Henderson","5"
"Ramon Sessions","4"
"Tyler Ennis","4"
"Lou Amundson","1"
"Aaron Brooks","1"
"Mo Williams","1"
"Sergey Karasev","1"
"Vince Carter","4"
"Richard Jefferson","1"
"Beno Udrih","1"
"James Michael McAdoo","4"
"Mike Miller","4"
"Rodney Stuckey","1"
"Rasual Butler","1"
"Chase Budinger","1"
"J.J. Barea","4"
"Anthony Morrow","4"
"Kevin Martin","4"
"Tim Frazier","1"
"Jonathon Simmons","4"
"Joe Young","4"
"Marcelo Huertas","4"
"Glenn Robinson III","1"
"Jared Cunningham","4"
"Reggie Bullock Jr.","1"
"Ronnie Price","4"
"Justin Anderson","5"
"Pablo Prigioni","4"
"Joe Ingles","4"
"John Jenkins","4"
"Damjan Rudez","1"
"Devyn Marble","4"
"Lance Stephenson","4"
"James Jones","4"
"Kendall Marshall","4"
"Manu Ginobili","1"
"Ian Clark","4"
"Chris Copeland","5"
"Udonis Haslem","4"
"Terry Rozier","5"
"Brian Roberts","1"
"Tim Hardaway Jr.","1"
"Lamar Patterson","4"
"KJ McDaniels","5"
"James Young","5"
"Leandro Barbosa","4"
"Troy Daniels","1"
"Phil Pressey","4"
"RJ Hunter","4"
"Shabazz Napier","4"
"Darrun Hilliard","5"
"Andre Miller","4"
"Sonny Weems","4"
