"Player","Paint_Anchors","Perimeter Guards","Def_liability","Switch_Wing"
"Brook Lopez",0.999999915296599,3.73520468944096e-26,6.0213062782299e-08,2.44903379560573e-08
"Hassan Whiteside",0.996001460978136,9.57098157708807e-33,0.0039985390218641,9.34348062227976e-17
"Pau Gasol",0.999999878814026,1.65315541253144e-28,1.21075376786706e-07,1.10596770426909e-10
"DeMarcus Cousins",0.999935580515646,2.29442986880195e-13,1.43271372525392e-08,6.44051569869656e-05
"Marcin Gortat",0.999997008544038,2.57068076320311e-18,1.20077882284638e-07,2.8713780798608e-06
"Karl-Anthony Towns",0.999986700893556,2.9900740381832e-17,7.5449202956372e-07,1.25446144147953e-05
"Andre Drummond",0.999994979490896,1.50771307087298e-22,4.62866208985315e-06,3.91847014137791e-07
"DeAndre Jordan",0.999991612944943,5.54660492397307e-15,8.36232099449572e-06,2.47340567689394e-08
"Al Horford",0.999988888570916,1.24863665417827e-16,5.63778020055701e-07,1.05476510636605e-05
"Nikola Vučević",0.999998749084772,2.49842608988561e-25,9.30254175364852e-07,3.20661052568159e-07
"Serge Ibaka",0.999891270545148,8.94515099998956e-12,5.8391238933372e-08,0.00010867105466751
"Jahlil Okafor",0.999964620561397,2.30235253625765e-18,1.89076081980675e-07,3.519036252136e-05
"Robin Lopez",0.999989261173859,6.73453200022825e-22,1.06553465229296e-05,8.34796180779481e-08
"Rudy Gobert",0.999967107388711,1.15036630853376e-17,3.27446584118563e-05,1.47952876749231e-07
"Derrick Favors",0.999644697702377,9.47478971422006e-11,1.0482280666598e-05,0.000344819922208673
"Marc Gasol",0.9999922683207,1.94162433568586e-18,2.5472863314854e-06,5.18439296814342e-06
"Draymond Green",0.993864169564623,0.00336328992396899,1.72604062211218e-05,0.00275528010518713
"Nerlens Noel",0.999873552426327,1.81789850237106e-13,0.000117306652782499,9.1409207089929e-06
"Jonas Valančiūnas",0.99993675109686,6.70616785665529e-18,5.81325475716224e-05,5.11635556825969e-06
"Greg Monroe",0.999854317335566,1.33960338460117e-19,3.76199088744383e-06,0.000141920673546669
"Mason Plumlee",0.998896686995566,9.35510789562739e-23,0.00109609314367578,7.21986075830303e-06
"Kristaps Porziņģis",0.99997711560952,1.03687534027295e-10,1.12690496449757e-05,1.16152371475224e-05
"Anthony Davis",0.999328228161043,1.67480586489519e-05,1.61583498096558e-05,0.000638865430498017
"Kevin Love",0.643286009518368,8.01629801147882e-09,2.0634340732504e-06,0.356711919031261
"Steven Adams",0.999907974048872,1.83327619938836e-10,1.9730506927628e-05,7.22952608732805e-05
"Myles Turner",0.999908320821915,1.5337676158621e-13,4.48369834955136e-05,4.68421944363777e-05
"Zaza Pachulia",0.991892002326471,8.63052873875179e-23,0.000210590522389921,0.00789740715113954
"Paul Millsap",0.998866047463377,8.78599377225048e-07,2.63474087871064e-05,0.00110672652845826
"Dwight Howard",0.999945396486486,1.27211436311085e-16,5.01866544062141e-05,4.41685910815555e-06
"Roy Hibbert",0.999771892145284,1.02217136257198e-15,0.000219560606245764,8.5472484694673e-06
"Tristan Thompson",0.927324830895896,2.93782835897709e-10,3.25496487348326e-05,0.0726426191615868
"Tim Duncan",0.999889971096603,3.83981100029171e-19,0.000109269244857866,7.59658539274111e-07
"Gorgui Dieng",0.999612410083767,3.09930473688551e-14,0.000211779985856962,0.000175809930345104
"Ian Mahinmi",0.999393971622318,5.2008630425132e-14,0.000150744859023466,0.000455283518606866
"Bismack Biyombo",0.999680463650029,3.11683897903553e-16,0.000319075702343108,4.60647627858959e-07
"Dirk Nowitzki",0.0964536770131582,2.75308435649486e-06,2.07327001049768e-06,0.903541496632475
"Alex Len",0.998253575273622,7.15975405363291e-13,7.21288593881755e-05,0.00167429586627377
"Jordan Hill",0.88202243708951,3.49909698563333e-11,0.000878326890343308,0.117099235985155
"Andrew Bogut",0.999438024059911,6.82428291846271e-17,0.000561692085003214,2.83855086051616e-07
"Clint Capela",0.998740399869479,4.92095563861526e-11,0.00116695822896412,9.26418523470025e-05
"Festus Ezeli",0.999563043496391,1.71245002856e-18,0.000436428452908693,5.28050700576914e-07
"LaMarcus Aldridge",0.982992724239371,1.12321298675943e-05,0.000161910092354742,0.0168341335384062
"Jared Sullinger",0.994467789893975,1.26025224064307e-12,0.000916053925248038,0.00461615617951731
"Amir Johnson",0.978990993424181,5.52810694150602e-09,0.000780000507313917,0.0202290005403982
"Giannis Antetokounmpo",0.231950277241483,0.000622676103300984,3.43121244863784e-05,0.76739273453073
"Thaddeus Young",0.00251682433727609,0.000420655085733714,1.29953756033837e-05,0.997049525201387
"Cody Zeller",0.985548474523328,1.24977290008861e-10,0.00105894193734238,0.0133925834143523
"Enes Freedom",0.940099790978942,8.25247621815079e-12,0.000384908323258979,0.0595153006895466
"Nikola Jokić",0.990467859724177,3.47716463623507e-12,0.00187778408347342,0.00765435618887222
"Kosta Koufos",0.984692290733934,1.31083606357481e-09,0.0047527891960754,0.0105549187591549
"Julius Randle",0.00340134365484854,2.13673583974503e-05,1.24206614440315e-06,0.99657604692061
"Ryan Anderson",0.00946263076152937,6.5611175532333e-05,1.14548970227707e-05,0.990460303165915
"Timofey Mozgov",0.998698745092198,5.22434605110211e-13,0.00111644983605216,0.000184805071227457
"Blake Griffin",0.022294206098491,1.51430433446024e-05,1.12040600195465e-06,0.977689530452162
"Chris Bosh",0.240098017938797,0.000427896462257963,0.000128369081479506,0.759345716517466
"Zach Randolph",0.0158205115002008,4.06533165558835e-10,0.000297572190130715,0.983881915903135
"Ed Davis",0.989609565196683,1.85293661793181e-11,0.00134166195321577,0.00904877283157177
"Tyson Chandler",0.480035263047335,6.57141130942955e-09,0.00831120750772827,0.511653522873526
"Kenneth Faried",0.962828865634839,1.12511445273356e-07,0.0024604756804752,0.0347105461732405
"Al Jefferson",0.0082232256458202,5.41202841897295e-16,0.991776691745108,8.26090716253933e-08
"John Henson",0.922001941284574,1.51028555787046e-14,0.0779964809531103,1.57776230047226e-06
"Jon Leuer",0.166760994505864,1.93830144059723e-07,0.0144652092741446,0.818773602389847
"Aron Baynes",0.955477867741146,3.42715577932954e-13,0.0421448505451366,0.00237728171337451
"Taj Gibson",0.329504272501699,0.000272738702129987,0.00128605446156672,0.668936934334604
"Luol Deng",0.00279964803978959,0.00113940650269846,5.00787341086612e-05,0.996010866723403
"Jusuf Nurkić",0.0542886402261686,6.19075993299712e-12,0.945711207364121,1.52403519405036e-07
"James Harden",5.46588602236478e-05,0.560495334386236,8.29310304021778e-09,0.439449998460438
"Jerami Grant",0.934869280705816,0.000132715511223361,0.00139737612620697,0.0636006276567539
"Rudy Gay",0.000215119327572923,0.751963565176037,3.36423644432624e-06,0.247817951259946
"Marvin Williams",0.0332805089764241,0.000187853423445604,0.000112369601772872,0.966419267998357
"Jared Dudley",0.000635982657112503,3.92728785177386e-05,0.000326434498535675,0.998998309965834
"Jeff Withey",0.996736186264102,7.6553784743582e-15,0.00325886822793396,4.94550795669102e-06
"Miles Plumlee",0.99558598366454,1.70834245762181e-13,0.00390226811843862,0.000511748216850409
"Kelly Olynyk",0.041006710408142,0.0438921594785825,0.00471177394156358,0.910389356171712
"Joakim Noah",0.0127910525922922,0.0258812853465835,0.958716471869338,0.00261119019178651
"Cole Aldrich",0.0333687155400559,9.87925072025532e-17,0.96663128389995,5.59994217002013e-10
"Meyers Leonard",0.10462451015947,0.0541045928050759,0.00335053172318132,0.837920365312272
"Darrell Arthur",0.240090079280929,0.00197072413224646,0.00998836941441416,0.747950827172411
"Andrew Wiggins",6.38344289991269e-05,0.146138781955611,7.83234897781946e-08,0.8537973052919
"Terrence Jones",0.139337560937092,1.24349693584511e-05,0.0102910289818743,0.850358975111675
"Spencer Hawes",0.928082254781277,1.29755894197668e-09,0.0366738311130025,0.0352439128081613
"Eric Bledsoe",1.73680288893356e-08,0.999993999614017,8.90578801751135e-07,5.09243915208353e-06
"Tobias Harris",0.00124457289031751,0.087365783785259,3.98935421210023e-05,0.911349749782303
"Brandon Bass",0.728784933709583,7.3535977147482e-07,0.247103263468279,0.0241110674623668
"Jabari Parker",3.66626402169391e-05,0.0440101943155989,9.23687211536013e-09,0.955953133807312
"David Lee",0.344526372575622,0.000103161617649035,0.0421281532388502,0.613242312567878
"Markieff Morris",0.0102343701958041,0.0289264869480591,0.000934030535796747,0.95990511232034
"Frank Kaminsky",0.00937501554040121,0.00221406244361986,0.000364150517197379,0.988046771498782
"Nemanja Bjelica",0.00186650298177972,0.000308688436915637,0.000728061163391337,0.997096747417913
"Harrison Barnes",0.000758459657256197,0.0715902496267334,0.0102070326361476,0.917444258079863
"David West",0.829674735548252,1.53827331313902e-06,0.0362768281732885,0.134046898005147
"Kevin Durant",0.00232275433700979,0.936837671046208,0.00130034866104997,0.0595392259557323
"Willie Cauley-Stein",0.209597624255385,0.00251690472493858,0.00497989830726139,0.782905572712415
"Joffrey Lauvergne",0.000293654653374021,9.70566553581081e-10,0.987169161257095,0.0125371831189645
"Tiago Splitter",0.0519031672614682,1.37568249383326e-05,0.04771497733591,0.900368098577684
"Dewayne Dedmon",0.934312356108477,1.89279422738681e-10,0.0635987271408616,0.002088916561382
"Amar'e Stoudemire",0.981940430792391,9.45802879200059e-10,0.0102151221202918,0.00784444614151406
"Reggie Jackson",3.91393962447905e-06,0.899864816791344,2.68446132150132e-05,0.100104424655816
"Kyle Korver",0.000221751820582129,0.219758914019458,3.18782942690841e-05,0.779987455865691
"Ish Smith",3.92206025494895e-05,0.966521901843049,1.0200360325573e-05,0.0334286771940765
"Tyler Zeller",0.818632008261613,2.21696218741599e-09,0.0914679384748338,0.0899000510465912
"Jason Smith",0.712950696207951,3.3714841704127e-08,0.21487858149731,0.0721706885798967
"Danny Green",0.0132842974511417,0.31830762817226,0.0205497330684419,0.647858341308157
"Jeff Green",0.000273058472250358,0.0375254418855019,5.72004466478051e-05,0.9621442991956
"Victor Oladipo",2.59683135638289e-05,0.982007759761127,4.67180566192243e-06,0.017961600119647
"Klay Thompson",0.000490695034170592,0.318816176365208,0.000280270054012422,0.680412858546609
"Paul George",1.23525872693618e-07,0.998529589697903,5.12709823361028e-05,0.00141901579388809
"Rondae Hollis-Jefferson",0.00126396784181873,0.928628604191217,0.0687091684536229,0.00139825951334194
"Josh Smith",0.522645375965977,0.00238106866848462,0.360523678911345,0.114449876454193
"Michael Carter-Williams",0.000111488725474866,0.982977393106889,0.000305769647016298,0.0166053485206194
"Kyle O'Quinn",0.923223082580272,3.47422738312717e-09,0.0638362983919164,0.0129406155535839
"Lavoy Allen",0.0268587240036272,0.00137981139757667,0.00452585687731357,0.967235607721483
"Justise Winslow",4.84250707556894e-05,0.502936216245994,0.000554038913345816,0.496461319769905
"Omri Casspi",1.20687616363647e-05,0.0192340926941244,0.000107246716549017,0.98064659182769
"Salah Mejri",0.991328897549048,3.743687717707e-12,0.00840284965732919,0.00026825278987948
"Al-Farouq Aminu",0.000502930399594333,0.0289157968842128,0.000687521263259185,0.969893751452934
"D'Angelo Russell",1.64024326080154e-06,0.953544202644372,2.1446882948217e-05,0.046432710229419
"Will Barton",2.4729361083516e-05,0.0117070597496617,0.000280099854114587,0.98798811103514
"Mike Muscala",0.00961990271325888,7.673617330858e-11,0.989297714386949,0.00108238282305575
"Chris Andersen",0.163345144983237,5.2364377832223e-09,0.836016552443471,0.000638297336854513
"Evan Turner",9.1875787438859e-06,0.81896946923107,0.000398527551859336,0.180622815638326
"Robert Covington",1.5728787856219e-05,0.998187580519547,0.000504709313369854,0.00129198137922669
"Jordan Clarkson",3.02625208923591e-07,0.985068813301162,2.55347709222934e-06,0.0149283305965374
"Carl Landry",0.000310240264407899,9.19670033391998e-07,0.999400047592722,0.000288792472836491
"Aaron Gordon",0.00262117401109283,0.00675706451654127,0.00144009953354266,0.989181661938823
"Kawhi Leonard",0.000112593287151454,0.987345513884664,0.0123740850009286,0.000167807827256453
"Kyle Lowry",3.92116523264622e-08,0.99994587192024,1.02207680401435e-05,4.38681000677188e-05
"Bobby Portis",0.00244967186271634,0.00455393198586442,0.00895665682386008,0.984039739327559
"Robert Sacre",0.072749123568283,1.79015509680114e-10,0.924264914385428,0.0029859618672736
"Jae Crowder",3.58071184751848e-08,0.999909925693876,2.01883325020985e-05,6.98501665033034e-05
"Luis Scola",0.00202522974355429,0.131225039630878,0.20876301136569,0.657986719259878
"Patrick Patterson",0.000145767532491482,0.240963287275537,0.000962787668952463,0.757928157523019
"Dwight Powell",0.0028066032891334,7.7450459439149e-05,0.0196860794238321,0.977429866827595
"Emmanuel Mudiay",3.83085549110606e-05,0.323545676242323,2.19265419463216e-06,0.676413822548571
"Kemba Walker",4.84290882728178e-09,0.999982330566504,4.18629058022151e-07,1.72459615292246e-05
"Luke Babbitt",0.000309926690436484,0.573936717532227,0.00341685219227853,0.422336503585058
"Elfrid Payton",1.10821682949273e-06,0.942299906777323,1.09635004831716e-05,0.0576880215053649
"Derrick Rose",1.68882624851534e-06,0.995578148924937,0.000907873963588048,0.00351228828522601
"Lucas Nogueira",1.48952766339137e-07,3.41095389492078e-10,0.999999848904023,1.80211535559689e-09
"Wesley Johnson",0.00256659396037432,0.919405984187479,0.0591780944864303,0.0188493273657164
"Channing Frye",0.00274496564769443,0.000253983984930331,0.00417184938692735,0.992829200980448
"Damian Lillard",5.67617043303163e-08,0.999968357547982,4.00238523275655e-06,2.7583305081087e-05
"Ryan Hollins",1.19139326489233e-05,3.02550076262672e-11,0.999985760515117,2.32552197952549e-06
"Marreese Speights",0.384440225366918,5.53250700224276e-06,0.0659183602267204,0.549635881899359
"Boris Diaw",0.00196617792090658,0.000392071110594602,0.00325903623324481,0.994382714735254
"DeMarre Carroll",3.70315185052609e-09,0.999964781801425,2.63067741513888e-05,8.9077212720588e-06
"Kendrick Perkins",0.000108659743823642,1.63517372725781e-06,0.999868777971232,2.09271112174309e-05
"Willie Reed",8.35763500363749e-13,4.58658736791532e-18,0.999999999999157,6.80141359397281e-15
"Devin Booker",4.61833850776756e-05,0.499646411954884,8.33660326084934e-05,0.500224038627429
"Hollis Thompson",5.87476646402583e-05,0.276741512095954,0.00218645626436791,0.721013283975038
"Trey Lyles",0.000145343239263756,0.00441546872654192,0.00643020163759516,0.989008986396599
"Thomas Robinson",0.000999887655208938,1.46940375773271e-06,0.998049008477724,0.00094963446330979
"Tyreke Evans",2.28869101185787e-06,0.989222248760959,3.05516914925937e-05,0.0107449108565367
"Andrew Nicholson",0.0153436341622377,8.90979646996885e-06,0.123637147869635,0.861010308171657
"Tyler Johnson",1.01681585306351e-05,0.488598561205398,0.144905807536302,0.36648546309977
"Tarik Black",0.0730369644281211,2.0319200333717e-05,0.0153961013395965,0.911546615031949
"Patrick Beverley",1.72704226549924e-06,0.980978172869629,0.000322477017169223,0.0186976230709366
"Chris McCullough",7.95089691792164e-06,0.0230156644050538,0.976976130340185,2.54357843085516e-07
"Langston Galloway",1.0671867084012e-06,0.995623124964192,0.00127220335050692,0.00310360449859258
"Richaun Holmes",0.0030835862470387,9.17160380507255e-11,0.996777357943967,0.000139055717278359
"Danilo Gallinari",5.61047282156098e-06,0.699239124083331,1.18301869884382e-05,0.300743435256859
"Kyrie Irving",3.64014255876718e-06,0.933208820148161,0.000291138009843007,0.0664964016994377
"Matt Barnes",0.0016278811798627,0.133127191653099,0.00015141879324367,0.865093508373795
"CJ McCollum",1.08041520768519e-08,0.999970369920158,1.70794706412413e-05,1.25398050490827e-05
"John Wall",5.14309496265935e-07,0.999857637751869,7.12990308942577e-05,7.05489077402421e-05
"Jarrett Jack",3.47145986510352e-08,0.952156050023194,4.62926109018303e-06,0.0478392860011177
"Paul Pierce",9.6969853525982e-05,0.0158732452079411,0.0056775810815266,0.978352203857006
"Ricky Rubio",1.06023117802842e-10,0.999973848178275,2.61387835870659e-05,1.29321144772741e-08
"Larry Nance Jr.",0.000815397974318734,0.0760070900900085,0.0437344517406931,0.87944306019498
"JaVale McGee",7.11752210175057e-11,3.32492658844035e-17,0.999999999928794,3.04612635833182e-14
"Trevor Booker",0.000316491650793774,0.756411451281789,0.0701848236921023,0.173087233375315
"Nik Stauskas",3.35130825266963e-05,0.18580347009256,0.0170545614844944,0.797108455340419
"Dante Cunningham",0.000147341636540334,0.0650686261470225,0.000725575013454426,0.934058457202983
"Anthony Tolliver",0.000170792658147432,0.000990441843943782,0.0120664691709585,0.98677229632695
"Mike Conley",1.02244371987472e-08,0.989483539942887,8.03962766600312e-05,0.0104360535560155
"Josh Richardson",0.000408699985012147,0.816011368825476,0.00603613884012699,0.177543792349385
"Cory Joseph",1.05410904428182e-05,0.832675340612905,0.00406838751596303,0.163245730780689
"Nicolas Batum",1.34438113664033e-05,0.349931631576516,3.67501246153392e-05,0.650018174487502
"Trevor Ariza",5.35794196585353e-08,0.999788257221308,0.000146114243300529,6.55749559722137e-05
"Quincy Acy",0.00366835822027193,0.00378689303757125,0.0562032090793658,0.936341539662791
"Otto Porter Jr.",5.98240320574088e-07,0.999359465588512,5.43009271833828e-05,0.000585635243984089
"George Hill",5.04131771207584e-09,0.99995673264766,1.82831663944985e-05,2.49791446276888e-05
"Andre Roberson",0.000568755606271092,0.692342726301723,0.0160146080207836,0.291073910071223
"Carmelo Anthony",5.6113764669342e-06,0.317742062850887,0.000455150606101147,0.681797175166545
"Joe Johnson",1.31903147995691e-08,0.991908523375783,3.59327880154069e-05,0.00805553064588688
"Stephen Curry",9.79408721710271e-12,0.999490272821521,0.000509705036496043,2.21321889151876e-08
"E'Twaun Moore",0.000503120114734927,0.0987338220277485,0.782532317141163,0.118230740716354
"Donald Sloan",5.12980057566837e-08,0.999065829441753,0.000453397033891649,0.000480722226349544
"JaMychal Green",0.000310458749410342,0.00684965357897028,0.0120590355058917,0.980780852165728
"Rodney Hood",2.27507620071031e-06,0.600328879431983,0.000681971453786211,0.39898687403803
"Brandon Knight",6.17883233417657e-09,0.999973500820649,1.33021667228202e-06,2.5162783846176e-05
"Noah Vonleh",0.00403347423325367,0.000904352655866117,0.0145052914341937,0.980556881676687
"Dion Waiters",1.55143778975447e-08,0.959678615790236,0.00470987161048577,0.0356114970848997
"Jrue Holiday",2.3367395232603e-09,0.999970580718848,1.42407270119389e-06,2.79928717109045e-05
"Chris Paul",4.20421058406674e-10,0.999912937407155,8.69723872818853e-05,8.9785142203809e-08
"P.J. Tucker",1.16851991570579e-07,0.99584363890536,0.000347338751209755,0.00380890549143859
"Matthew Dellavedova",3.11052593414457e-08,0.99771987085787,0.000978147904237722,0.0013019501326332
"Rajon Rondo",1.00590100594575e-11,0.999996297005116,3.08604558658215e-06,6.16939238204044e-07
"LeBron James",1.44368427821691e-05,0.964455961358807,0.0127064874824093,0.0228231143160019
"Khris Middleton",1.20985809698496e-09,0.999459324771598,4.18734705978418e-05,0.000498800547946217
"Evan Fournier",3.44146731579814e-09,0.998149357254941,9.56872221360702e-05,0.00175495208145608
"Jeremy Lin",2.2715905029523e-05,0.968001119546255,0.00994950426092285,0.0220266602877929
"Kentavious Caldwell-Pope",2.62099683611086e-08,0.998762365409285,0.000766039881523272,0.000471568499223982
"Deron Williams",1.67949715762153e-10,0.999832931596352,2.8626938624924e-05,0.000138441297073574
"Anthony Brown",5.0924901343967e-08,0.996415103831616,0.000467577564325337,0.00311726767915744
"Jarell Martin",0.000326829797761111,0.005240343960246,0.064919316036774,0.929513510205219
"Kevin Garnett",8.3138042216342e-06,8.6354912568471e-08,0.97218501734079,0.0278065825000759
"Gary Harris",3.07583862250666e-08,0.999588540340053,7.66041964408226e-05,0.000334824705120133
"Tony Snell",1.26506469550336e-05,0.552044470370753,0.126259857855956,0.321683021126336
"Russell Westbrook",5.08814651063117e-08,0.997232797596069,0.0026712517429637,9.58997795022591e-05
"Wesley Matthews",1.19185067552828e-10,0.9999454724015,4.71138607921495e-05,7.41361852252426e-06
"Garrett Temple",3.42668045754002e-06,0.949833203846049,0.0182085003583454,0.0319548691151483
"Andre Iguodala",4.14925900704048e-07,0.978067594094564,0.00184755198451174,0.020084438995024
"Justin Holiday",0.000139418685506235,0.0262765821772292,0.0534659764014732,0.920118022735791
"Jonas Jerebko",0.000947750002795975,0.0256315569972782,0.0253871318703574,0.948033561129568
"Kyle Singler",4.57319720225259e-05,0.0556518412535951,0.370719939480337,0.573582487294045
"Alec Burks",1.58246390253254e-06,0.944137697033422,0.00309939557230327,0.0527613249303725
"Chandler Parsons",5.38440737885588e-07,0.981337324201568,0.000515976476734041,0.0181461608809598
"Gordon Hayward",1.93798382006137e-06,0.936958450129304,0.00418244093829085,0.0588571709485849
"Raymond Felton",9.20010119606077e-09,0.997715824423416,0.000287906040733787,0.00199626033574873
"Andrea Bargnani",7.15935424789249e-05,7.97386637147026e-06,0.999916781276542,3.65131460808095e-06
"Lou Williams",9.86828152962395e-09,0.996611889216298,0.0011019874788977,0.00228611343652326
"DeMar DeRozan",5.14369686276619e-07,0.994279492524177,0.000325201810757697,0.00539479129537865
"Shane Larkin",8.34276213049729e-09,0.999202249682197,0.000720707014646426,7.7034960395021e-05
"Bradley Beal",5.82574103352937e-09,0.999190323418131,9.74519569168034e-06,0.000799925560436571
"Josh McRoberts",1.74821006231635e-06,0.0149467315095494,0.0828096534716556,0.902241866808733
"Eric Gordon",5.78266002807007e-07,0.972695864074428,0.00116841566671856,0.0261351419928507
"Jerryd Bayless",2.77169290920002e-08,0.987881873741673,0.000919992463611055,0.011198106077787
"JJ Redick",1.71581893478287e-09,0.909335248847525,0.0903328448110065,0.000331904625649858
"Jason Thompson",0.00976225531578992,2.52809514151859e-06,0.974329376668514,0.0159058399205547
"Mike Dunleavy",2.63334213180751e-06,0.274043444966204,0.0017042655956147,0.724249656096049
"Doug McDermott",2.45277367372504e-07,0.963731401129918,0.027004238862983,0.00926411472973171
"Courtney Lee",1.92983951147299e-08,0.999503416387993,0.000335138910125299,0.000161425403486597
"Ryan Kelly",2.07993766517679e-05,0.00160034439169161,0.338212769512715,0.660166086718942
"Brandon Rush",0.00120049814598301,0.0563336778433335,0.138438899448479,0.804026924562205
"Thabo Sefolosha",6.2427643213151e-08,0.993344949749672,0.00624377568534044,0.00041121213734421
"Kent Bazemore",1.24713398883495e-07,0.998395994535014,0.00146594549107672,0.000137935260510734
"Dwyane Wade",6.18645830334721e-06,0.948971684621979,0.00306834813030493,0.047953780789413
"Terrence Ross",1.45653088644968e-06,0.975787963485713,0.00325291802441222,0.0209576619589881
"Shaun Livingston",2.93055810327246e-06,0.981293513097148,0.0038662834384516,0.0148372729062976
"Isaiah Thomas",2.4007638220897e-10,0.99622925584452,0.00356857797720366,0.000202165938200126
"Maurice Harkless",8.44547349995368e-05,0.617693185515105,0.0191912356738637,0.363031124076031
"Ben McLemore",1.13171078821315e-07,0.969516988141038,0.000405789155032515,0.0300771095328503
"Avery Bradley",2.00314546548608e-09,0.999489202056477,0.000302619867701075,0.000208176072677088
"Zach LaVine",8.22886738125064e-10,0.999920333747477,5.32520806014763e-05,2.64133490347581e-05
"Nick Collison",0.00257206000838848,0.000225286771911731,0.0238735176686437,0.973329135551056
"Corey Brewer",1.41578791468929e-08,0.999490747710396,0.000367024975469981,0.000142213156255136
"Luc Mbah a Moute",9.70469700244298e-09,0.760234771937501,0.239762888814192,2.32954360969945e-06
"Shelvin Mack",2.89326022540843e-09,0.998647512213329,0.0013007793064152,5.17055869956028e-05
"Solomon Hill",9.80376120578783e-07,0.389447509203616,0.119640507323894,0.490911003096369
"Montrezl Harrell",0.000135565620113984,0.357804780466124,0.258971526779945,0.383088127133818
"Monta Ellis",2.03674493293938e-11,0.999575223522725,0.000424508123211744,2.68333696185284e-07
"Isaiah Canaan",1.82120289294379e-07,0.992033134542894,0.0035097327809477,0.00445695055586912
"Alonzo Gee",7.66382493211701e-08,0.991566736361662,0.00199654565182187,0.00643664134826652
"Mario Hezonja",6.70895422477928e-06,0.79575678460444,0.00935032280228806,0.194886183639047
"JaKarr Sampson",0.00132424559406858,0.153018895873256,0.258776045873607,0.586880812659069
"Archie Goodwin",8.86194695010955e-06,0.987244862913816,0.0107797266061255,0.0019665485331087
"Norris Cole",2.69013881707988e-08,0.993290976608147,0.00647016375754153,0.000238832732923412
"Marco Belinelli",5.08134213387613e-09,0.98684892190038,0.00141942219350261,0.0117316508247756
"T.J. Warren",2.6538817686473e-06,0.946662927013016,0.00606496620536091,0.0472694528998546
"Arron Afflalo",2.11515585557931e-09,0.999707552637639,0.000284664872259555,7.78037494581594e-06
"Gerald Green",1.0386350712509e-06,0.944732192180485,0.00881936768726865,0.046447401497175
"O.J. Mayo",4.13659921607398e-10,0.973913179163805,0.0248181938292582,0.00126862659327673
"Mike Scott",2.17496316375223e-05,0.0126419448884078,0.00747427161579492,0.97986203386416
"Lance Thomas",1.83622869330819e-06,0.735295779348795,0.0795192188438831,0.185183165578629
"T.J. McConnell",6.2445001398522e-09,0.701325838154644,0.298670719159523,3.43644133278514e-06
"Iman Shumpert",9.23166997148241e-08,0.998309092913292,0.00139241426588254,0.000298400504125407
"Drew Gooden",1.17073734108226e-05,1.80926544031341e-06,0.999986169875317,3.13485832086424e-07
"Jameer Nelson",3.48549604469223e-11,0.999722347355356,0.000276283908268074,1.36870152128519e-06
"Markel Brown",3.01966172691458e-06,0.260962259759431,0.736039602742371,0.00299511783647127
"Ty Lawson",4.16525308573633e-09,0.768468831939051,0.218309796082889,0.0132213678128072
"Charlie Villanueva",0.000142870552136075,0.255071833912458,0.11498481566772,0.629800479867687
"Stanley Johnson",3.47652954500019e-07,0.897224913098884,0.0731653071016437,0.0296094321465174
"Kobe Bryant",3.46484700564004e-09,0.998623897933585,0.00034598888974938,0.00103010971181867
"Nick Young",2.11521546962863e-06,0.92605317562947,0.0716381667297111,0.00230654242534959
"Jerian Grant",5.10690947334197e-08,0.989632172368604,0.0096687952847447,0.000698981277556278
"DeJuan Blair",6.2734638820432e-26,8.03471840134007e-27,1,1.57074126581317e-28
"Darren Collison",3.60547238969059e-12,0.999933285454309,6.66499718162263e-05,6.45702688347759e-08
"Raul Neto",1.27795963027943e-11,0.354414826928242,0.645581147919403,4.02513957495272e-06
"Tony Parker",1.79446479129535e-09,0.998359546043216,0.00161691538708584,2.35367752337636e-05
"Austin Rivers",3.3240892911421e-08,0.794527397803129,0.197470561609329,0.00800200734664863
"Tayshaun Prince",2.43334251687891e-06,0.218326797512444,0.0363956816892224,0.745275087455816
"Adreian Payne",0.000117920103930998,0.000514425215968436,0.926248675758629,0.0731189789214714
"Randy Foye",4.10695195708763e-06,0.947895072850357,0.0160666580986772,0.0360341620990084
"Metta World Peace",3.24115337857765e-06,0.590589865890172,0.042282832733316,0.367124060223133
"Allen Crabbe",1.79953129821525e-07,0.985818590677911,0.0102700147704189,0.00391121459853991
"Wayne Ellington",2.81520757979975e-09,0.998083119032196,0.00167614727239699,0.000240730880199849
"James Anderson",1.30023762455448e-05,0.946240380434957,0.0377737719753898,0.0159728452134073
"Jeremy Evans",0.000133381632491942,0.000241792428241625,0.0155150968224227,0.984109729116844
"Marcus Smart",5.32507613863225e-10,0.992839539320854,0.00714867957422247,1.1780572416074e-05
"James Johnson",0.000329763572390827,0.262146206613824,0.717349023034575,0.0201750067792104
"Mario Chalmers",2.75354261204521e-12,0.951678480951062,0.0483214827139092,3.63322754094301e-08
"Gary Neal",4.3444966599593e-10,0.998679700059856,0.00131461294465264,5.68656104167862e-06
"Jeff Teague",1.77759999615177e-11,0.993084170900696,0.00691543787953154,3.91201996749989e-07
"Dennis Schröder",1.63040152025781e-07,0.479135905588641,0.508688264233759,0.0121756671374485
"Matt Bonner",5.57366377971853e-07,4.73524861625937e-05,0.180015624656218,0.819936465491241
"Kostas Papanikolaou",2.09892783657634e-07,0.670151821944849,0.329842220933941,5.74722842545823e-06
"Shabazz Muhammad",3.09178443946967e-07,0.836485243836101,0.1419672274307,0.0215472195547548
"C.J. Watson",1.43365767881286e-08,0.998184537017777,0.00165792244120265,0.000157526204443763
"Brandon Jennings",7.69088307655559e-09,0.957082176975212,0.0428381248248848,7.96905090202504e-05
"Tony Allen",1.88259172643488e-11,0.995720410669693,0.00427958089865757,8.41282396050597e-09
"Ray McCallum",1.62543848268246e-06,0.487349278616861,0.504965839710222,0.00768325623443417
"Trey Burke",4.27552040730345e-09,0.996373894921285,0.00344710307055427,0.000178997732640569
"Patty Mills",7.73137354151166e-11,0.90202285963286,0.0979762436946551,8.96595171087894e-07
"Axel Toupane",1.50153749299761e-09,0.710162126670735,0.289808019047067,2.98527806610798e-05
"Kelly Oubre Jr.",4.85436863659991e-06,0.715129184875156,0.21612503918901,0.0687409215671976
"Marcus Thornton",1.70351302673612e-10,0.42797567284904,0.556895072548082,0.0151292544325269
"Toney Douglas",1.89275144005684e-13,0.990017544810818,0.00998245507585927,1.13133273099697e-10
"Norman Powell",9.85056568717954e-07,0.75536796554867,0.242445417240235,0.00218563215452596
"Jeremy Lamb",1.53367590385178e-06,0.962596175564641,0.0265306983803192,0.0108715923791362
"Cameron Payne",1.67979595822933e-09,0.939898590290905,0.0601011776056731,2.30423625776726e-07
"Tyler Hansbrough",2.36277380712249e-08,2.39956392410654e-07,0.999999040849938,6.95565931710154e-07
"Rashad Vaughn",8.49773502058154e-06,0.522511506045252,0.474184903143346,0.00329509307638106
"Kirk Hinrich",2.67697903085022e-09,0.930260520705194,0.0696543769438525,8.50996739748043e-05
"Derrick Williams",9.5156122608914e-09,0.988065359496923,0.00873351312072094,0.00320111786674376
"Devin Harris",4.45794121241989e-11,0.994824660012429,0.00517527161850838,6.83244834120224e-08
"Sean Kilpatrick",1.07913889664637e-08,0.973930665021142,0.026059010089091,1.03140983779618e-05
"Chris Johnson",2.99817383075496e-05,0.485434347522162,0.0270142844258522,0.487521386313679
"D.J. Augustin",2.28266807425029e-11,0.990373917934552,0.00962555081546698,5.31227154974728e-07
"Seth Curry",7.88123878760851e-09,0.955599358031493,0.0443957002410929,4.93384617539223e-06
"Tyus Jones",4.75811464849278e-11,0.995443232498398,0.00455676728734181,1.66678990806285e-10
"Kyle Anderson",1.01042213850535e-06,0.588015683016257,0.405741323006135,0.00624198355546895
"Steve Blake",1.82609829546389e-08,0.975940847994009,0.0239442083831459,0.000114925361862161
"Jason Terry",3.51984851251524e-11,0.993475378161753,0.00652461965192897,2.15112002707567e-09
"Jamal Crawford",1.20373142721138e-08,0.989739156207974,0.00772206544170237,0.00253876631300887
"Gerald Henderson",2.55334712019361e-10,0.000698339979007907,0.99927610881844,2.55509472179332e-05
"Ramon Sessions",4.60336015402259e-10,0.97482798734175,0.0239241655850969,0.00124784661281688
"Tyler Ennis",5.00838620695434e-11,0.944249601248768,0.055125557553792,0.000624841147356494
"Lou Amundson",0.00198251417663681,0.00105465326338937,0.0788002028734748,0.918162629686499
"Aaron Brooks",7.54228704116782e-10,0.962205067110021,0.037505156541187,0.000289775594563584
"Mo Williams",1.10762032861513e-08,0.982226547617645,0.0176541074608153,0.000119333845336509
"Sergey Karasev",1.07406427722771e-07,0.314428993520935,0.497414267033495,0.188156632039143
"Vince Carter",1.41378823504639e-07,0.935813254962093,0.0631740053650251,0.00101259829405874
"Richard Jefferson",3.39468720642145e-08,0.985133976046562,0.012996702064063,0.00186928794250267
"Beno Udrih",5.91426522121852e-10,0.78918850067765,0.207930100134031,0.0028813985968922
"James Michael McAdoo",1.54641009980124e-06,4.12409839623696e-05,0.999937396060938,1.98165450002823e-05
"Mike Miller",1.47077349861883e-07,0.656001630041544,0.343644605543385,0.000353617337721091
"Rodney Stuckey",7.84188610213495e-08,0.93113666469931,0.0670434059700225,0.00181985091180676
"Rasual Butler",6.06023265860464e-05,1.4531897903345e-05,0.0290853191386502,0.97083954663686
"Chase Budinger",7.71447545520483e-08,0.964760279910559,0.0180503827232497,0.0171892602214372
"J.J. Barea",9.46324728090994e-12,0.995877464314788,0.00412124349752358,1.29217822565505e-06
"Anthony Morrow",1.17956266646113e-08,0.962067615539259,0.0336099369746834,0.00432243569043112
"Kevin Martin",3.07323980961604e-12,0.98037015601243,0.0196298416659812,2.31851541312505e-09
"Tim Frazier",5.87495244814297e-12,0.960286221118514,0.0396946606207109,1.91182549006288e-05
"Jonathon Simmons",4.59983813617364e-09,0.925591950728259,0.0744069890907937,1.05558110963438e-06
"Joe Young",9.09928197983994e-12,1.25759000610534e-05,0.999520072582837,0.000467351508002759
"Marcelo Huertas",7.66784557530153e-11,0.929307343753383,0.0706786937900242,1.39623799148004e-05
"Glenn Robinson III",7.13968670970886e-06,0.568587447039514,0.0550294079449923,0.376376005328783
"Jared Cunningham",4.28042998459625e-09,0.930954693491537,0.0683388604298269,0.000706441798205721
"Ronnie Price",7.86394460330785e-12,0.982034554451641,0.0179654449050522,6.35443134693831e-10
"Justin Anderson",0.000222436440269641,0.000132417575706626,0.357532523086888,0.642112622897136
"Pablo Prigioni",8.26568322185219e-13,0.693494356187822,0.306505643811157,1.94992437849684e-13
"Joe Ingles",4.9593330513579e-10,0.823672642322039,0.176273147991928,5.42091901004957e-05
"John Jenkins",1.16983680010772e-08,0.293126220092085,0.698978319668819,0.00789544854072738
"Devyn Marble",3.30258462050875e-10,0.805292794748122,0.194707150953345,5.39682748694715e-08
"Lance Stephenson",5.32980197716238e-11,0.965297867007952,0.0346495167468473,5.26161919029887e-05
"James Jones",2.90013773998333e-06,0.000102537001327403,0.963199576657276,0.0366949862036567
"Kendall Marshall",5.68772963118273e-12,0.114195513339166,0.885804481858721,4.79642510896876e-09
"Ian Clark",4.0594135252771e-07,0.000473411019953035,0.99952487273605,1.31030264437316e-06
"Chris Copeland",1.20963159106095e-22,4.24154778583948e-15,0.999999999999996,1.72924735285129e-18
"Udonis Haslem",4.13444997581632e-08,0.0166957308076827,0.983304205749158,2.20986597523162e-08
"Terry Rozier",5.07241133837058e-10,0.00762177767453146,0.992378219062953,2.7552745206011e-09
"Brian Roberts",7.62972646056796e-10,0.927936396313604,0.0705602535916011,0.00150334933182262
"Tim Hardaway Jr.",4.71619028160322e-11,0.740664525844483,0.259262548389703,7.29257186513107e-05
"Lamar Patterson",1.99340863227126e-10,0.830022829850615,0.169976845224909,3.2472513477036e-07
"James Young",1.72856021349912e-14,0.00118020539530438,0.998819793672855,9.31823705230846e-10
"Leandro Barbosa",7.64067220167742e-10,0.952130985166805,0.0478669054104024,2.10865872534056e-06
"Troy Daniels",2.04163633934531e-17,0.000966404619256102,0.999033574404474,2.09762702700766e-08
"Phil Pressey",4.48012532374265e-30,4.46357228171707e-06,0.999995536427718,6.02770412726675e-28
"Shabazz Napier",2.75026960863938e-16,0.324733170398709,0.675266829576508,2.47831039337999e-11
"Darrun Hilliard",1.42166588804406e-11,0.00380237870923035,0.996194701283773,2.9199927803436e-06
"Andre Miller",3.04091953259408e-16,0.0933616684236667,0.906638307677907,2.38984257128578e-08
"Sonny Weems",2.78466115021129e-22,0.000945984865017913,0.999054015134982,7.85806672583289e-21
