"Player","Primary_Creator","Spacer","Mid-Interior","Rim_Center"
"James Harden",0.999999993340961,3.91846331540119e-28,6.65903915372708e-09,0
"Gordon Hayward",0.999665250133329,5.36313664467878e-06,0.000329386730025926,0
"Kemba Walker",0.999999875398508,1.09453031325848e-18,1.24601492326684e-07,0
"Trevor Ariza",0.000116230948792641,0.999883769032813,1.83947857589509e-11,0
"Marcus Morris",0.457219630027292,0.538523251908739,0.00425711806396829,0
"Khris Middleton",0.831575493637457,0.154656192103754,0.0137683142587893,0
"Kyle Lowry",0.999999992612887,1.30589523437954e-12,7.38580699084213e-09,0
"Andrew Wiggins",0.0210635947526515,1.92571075329626e-05,0.978917148139816,2.42303541952732e-142
"Giannis Antetokounmpo",0.00560064626615671,8.7055834622097e-05,0.994312297899221,3.97459677370898e-75
"Paul George",0.999996852741135,2.52889930550271e-11,3.14723357564855e-06,0
"Draymond Green",0.00349462212075256,0.983071325392779,0.0134340524864688,0
"DeMar DeRozan",0.805393471947055,6.82824659836225e-07,0.194605845228285,5.87941086951085e-70
"Kentavious Caldwell-Pope",0.60841086227998,0.388866757335944,0.0027223803840763,0
"John Wall",0.999945957622024,9.74389300180196e-14,5.40423778788496e-05,0
"CJ McCollum",0.999998113032645,6.72012679892354e-10,1.88629534205746e-06,0
"Russell Westbrook",0.999998832872883,3.24295664005948e-38,1.16712711723108e-06,0
"Monta Ellis",0.999665826002683,1.60793361134989e-08,0.000334157917980924,0
"LeBron James",0.99047115234879,1.18023883081415e-18,0.00952884765121021,1.51528433218337e-266
"Joe Johnson",0.889275197012692,0.110690046837994,3.47561493141829e-05,0
"Stephen Curry",0.999999999690012,2.05942350430034e-22,3.09987875582331e-10,0
"Damian Lillard",0.999999999750132,5.66054191690667e-32,2.49867589882604e-10,0
"Andre Drummond",3.1034252109878e-06,1.48233303476476e-109,6.58008753345504e-15,0.999996896574782
"Klay Thompson",0.000240673795628212,0.999746384303003,1.29419013692139e-05,0
"Paul Millsap",0.00117601488100694,0.0709211479128045,0.927902837206188,0
"Isaiah Thomas",0.999990243608309,5.48139618623362e-15,9.75639168548869e-06,0
"Wesley Matthews",0.101418817996322,0.898581182000315,3.36317408794863e-12,0
"Al Horford",3.02513453741435e-06,0.970520427118064,0.0294765477473991,0
"Karl-Anthony Towns",5.11094899562427e-05,0.0100732814355509,0.989875609074493,3.23897677665283e-36
"DeAndre Jordan",3.88979561368375e-28,5.63218387188268e-26,1.16237140164329e-11,0.999999999988376
"Kevin Durant",0.996624957989843,2.87538477466847e-13,0.00337504200986975,0
"Evan Fournier",0.481298442845576,0.518535643411088,0.00016591374333595,0
"Jordan Clarkson",0.999860799810631,1.43774491750757e-06,0.000137762444451513,0
"Rodney Hood",0.999999387640031,5.70379836226572e-07,4.19801325028745e-08,0
"P.J. Tucker",0.189156600454013,0.810707302082592,0.000136097463394468,0
"Rajon Rondo",0.999707627812276,4.26970847342468e-09,0.000292367918015376,0
"Avery Bradley",0.000316922621441406,0.999655416124244,2.76612543146386e-05,0
"Carmelo Anthony",0.999391736087139,9.03665654369075e-10,0.000608263009195015,0
"George Hill",0.985281752797921,0.0147126327916769,5.61441040178348e-06,0
"Tobias Harris",0.0119749030308112,0.9242929917818,0.0637321051873888,0
"Serge Ibaka",1.36477548813981e-07,0.906446928221934,0.093552935300517,5.91439313467302e-300
"Jimmy Butler",0.786776817336759,1.1149555499998e-08,0.213223171513686,9.14479917386225e-262
"Brook Lopez",1.21063242061766e-09,4.50981838452248e-08,0.574217050421237,0.425782903269946
"Nicolas Batum",0.998719780031172,0.00126921112349556,1.10088453327577e-05,0
"Gary Harris",0.000456188007780243,0.999490176722137,5.36352700831014e-05,0
"Reggie Jackson",0.999999980549843,1.00075314672755e-38,1.94501570603291e-08,0
"Kevin Love",0.0105020860334333,0.989474914781149,2.29991854178772e-05,0
"Chris Paul",0.999999995091065,9.96631599769614e-48,4.90893464614463e-09,0
"Jabari Parker",6.268485293803e-06,4.72326091217624e-06,0.999988982615344,2.56384495539882e-08
"Thaddeus Young",0.00118501384309339,1.26926798300725e-08,0.99868033528905,0.000134638175176887
"Kyle Korver",1.69910041696111e-09,0.999999998300841,5.83327125763152e-14,0
"Luol Deng",0.000156096645071136,0.99952623377577,0.000317669579158355,0
"Kawhi Leonard",0.337287625876268,0.0529000565938955,0.609812317529836,0
"Victor Oladipo",0.997268511140938,0.000513840980353946,0.00221764787870749,0
"Rudy Gay",0.197584538156079,0.0131791552964028,0.789236306547518,2.80021278075233e-306
"Arron Afflalo",0.0356269893700909,0.960171047343155,0.00420196328675401,0
"Dirk Nowitzki",0.00227958839490298,0.93132805280073,0.0663923588043675,0
"Goran Dragić",0.99608305450425,4.31555677829236e-07,0.00391651394007223,0
"J.R. Smith",0.0179790216063296,0.982020978383375,1.02952345652917e-11,0
"Will Barton",0.999099177942761,0.000122169097195529,0.000778652960043779,0
"Al-Farouq Aminu",0.000757168108989859,0.999242709622258,1.22268752122553e-07,0
"Marvin Williams",6.86234395941767e-05,0.999931366879913,9.68049272087219e-09,0
"Courtney Lee",0.000424785119412643,0.998989901007788,0.000585313872798986,0
"Ricky Rubio",0.938696218013685,0.0612363540338991,6.74279524157462e-05,0
"Greg Monroe",3.15604589495103e-18,4.21395958716586e-16,0.00395404720031725,0.996045952799682
"Jae Crowder",1.63609592743416e-06,0.999995603295469,2.76060860357408e-06,0
"Zach LaVine",0.99953801104972,1.13078525246782e-06,0.000460858165027394,0
"Pau Gasol",0.000135615781965923,0.028299463980181,0.971564920237853,1.25801181994784e-29
"Julius Randle",0.429808027910143,1.56388805947199e-08,0.57019195629595,1.55026211899729e-10
"Dwight Howard",8.46042011924778e-24,1.2145309249411e-20,6.54748471518927e-07,0.999999345251528
"Otto Porter Jr.",3.56743646193008e-05,0.999851211053614,0.000113114581767001,0
"Evan Turner",0.0160805153537111,0.0128668730974401,0.971052611548849,4.81012833176422e-81
"Tristan Thompson",5.70683855441576e-08,3.60500012411788e-06,0.00619697798356898,0.993799359947921
"LaMarcus Aldridge",1.33717863552911e-19,4.03359885822587e-16,0.00957329743904289,0.990426702560957
"D'Angelo Russell",0.999999200138904,1.70350991472357e-10,7.9969074470228e-07,0
"Dwyane Wade",0.000825911614512518,3.92671052627029e-14,0.999174088314801,7.06477236974214e-11
"Marcin Gortat",5.32040759438133e-23,2.35662142242515e-16,0.000345382859865304,0.999654617140134
"Jeff Teague",0.999994139027283,5.44929795909567e-16,5.86097271615898e-06,0
"Jeff Green",0.61462330984312,0.2975749021644,0.0878017879924796,0
"DeMarcus Cousins",0.0188872982375914,1.45852262235208e-05,0.981098116536185,1.14465864670347e-164
"Ish Smith",0.999976791882319,9.32672498878263e-19,2.32081176811755e-05,7.375610716586e-213
"Justise Winslow",0.000907444539606768,0.956160869915983,0.0429316855444101,0
"Gorgui Dieng",6.70278807104713e-07,0.00811510370728572,0.991879767506919,4.45850698800247e-06
"Robin Lopez",1.61604327344995e-18,3.65167146182971e-15,0.00105246882493227,0.998947531175064
"Darren Collison",0.99481519486398,3.62971403558502e-05,0.00514850799566445,0
"Raymond Felton",0.999700143890397,6.23122726912058e-08,0.000299793797330335,0
"Matt Barnes",0.00018180175162537,0.999818193521899,4.72647585101272e-09,0
"Anthony Davis",4.86477870254019e-06,0.000255870460005507,0.999739264761292,6.95255551084522e-58
"Hollis Thompson",4.63367976725307e-05,0.999953663147059,5.52683468740861e-11,0
"Dion Waiters",0.928852237564949,0.0710911977068993,5.65647281520399e-05,0
"Elfrid Payton",0.688898439307953,0.0822116213014471,0.2288899393906,4.03497930078405e-107
"Jamal Crawford",0.999985181621865,1.4902196825006e-08,1.48034759378415e-05,0
"Hassan Whiteside",7.01511636940732e-07,3.53789838544331e-05,0.0531503577202066,0.946813561784302
"Bojan Bogdanović",0.00277470889715422,0.997224225005872,1.06609697373991e-06,0
"Devin Booker",0.994523970015495,0.000310848398140482,0.00516518158636509,0
"Deron Williams",0.999942846708369,3.8864585523849e-05,1.82887061070402e-05,0
"Allen Crabbe",6.37584468750628e-07,0.999993805141666,5.55727386484075e-06,0
"Jared Dudley",4.736644796518e-09,0.999999815938722,1.79324632784123e-07,0
"JJ Redick",7.28397744499835e-07,0.999991397354264,7.87424799137896e-06,0
"Derrick Rose",0.96283825337336,0.00170720460755893,0.0354545420190814,4.3330669854849e-140
"Mason Plumlee",2.93627892788824e-22,5.18139629907182e-19,5.47031907043383e-06,0.99999452968093
"Kent Bazemore",0.00690131337490129,0.993092370030094,6.31659500481091e-06,0
"Emmanuel Mudiay",0.999959903835701,1.56533044528644e-08,4.00805109943919e-05,0
"Jerami Grant",3.0251445253085e-05,0.798896959368678,0.201072789186069,0
"Danny Green",6.93006852853038e-07,0.999999306992923,2.23850243468952e-13,0
"Jeremy Lin",0.999081645525981,0.000155983036918613,0.000762371437100099,0
"Kristaps Porziņģis",0.0383541644144607,0.751911498281843,0.209734337303696,0
"Cory Joseph",0.637684670390484,0.0693826175247692,0.292932712084747,7.04897730779958e-240
"Harrison Barnes",0.000296822566766714,0.998800774843276,0.000902402589957723,0
"Patrick Beverley",0.863890221309251,0.1361097656843,1.30064489174086e-08,0
"Nikola Vučević",2.81868422623245e-05,7.89883940226329e-28,0.00213252866816264,0.997839284489575
"Langston Galloway",0.63112547877138,0.368502216605126,0.00037230462349421,0
"José Calderón",0.3173918217222,0.682606890292477,1.28798532236027e-06,0
"Patrick Patterson",0.00022450663015333,0.999775493369023,8.23807729106174e-13,0
"Zach Randolph",0.000769426584756598,1.76959055965356e-05,0.999206849507926,6.02800172099939e-06
"Steven Adams",4.1245277738455e-09,3.16658222446643e-05,0.0107412766549397,0.989227053398288
"Ryan Anderson",0.647236037141875,0.352609725590466,0.000154237267658792,0
"Zaza Pachulia",6.33623567753391e-22,1.73026090440939e-18,5.62393683647433e-06,0.999994376063163
"Derrick Favors",2.87615787660814e-20,9.12027890571835e-17,0.00111129287745349,0.998888707122546
"Tony Parker",0.806892177158458,0.000344936853067869,0.192762885988474,1.94522007671307e-57
"Dante Cunningham",6.31407096181419e-09,0.999994556674744,5.43701118539345e-06,0
"Isaiah Canaan",0.999731103407131,0.000268896592825762,4.31949586489887e-14,0
"Nerlens Noel",1.55414054450492e-09,5.31289566810726e-05,0.00218293039745094,0.997763939091727
"Garrett Temple",0.00066615251932511,0.999333836053967,1.14267078076037e-08,0
"Taj Gibson",1.98272130615409e-20,4.22357550599479e-16,0.000346351989357257,0.999653648010642
"Rudy Gobert",1.22210207562705e-10,5.53884618182042e-08,1.13213295134279e-08,0.999999933167999
"Jared Sullinger",0.000444247690082928,0.0877143648362855,0.911841387473632,1.08317630453745e-106
"Lou Williams",0.999999984739003,4.65991470549134e-14,1.5260950185656e-08,0
"Robert Covington",0.000106118657741816,0.999893881342251,6.89488196143207e-15,0
"Ersan İlyasova",0.000659787285900172,0.999301557650371,3.86550637286192e-05,0
"Omri Casspi",0.000922265696095307,0.999066391560915,1.13427429891227e-05,0
"Roy Hibbert",6.43941415763802e-20,3.66093460133249e-16,0.000310003516556109,0.999689996483444
"Brandon Knight",0.999999867636773,3.72394435382329e-17,1.32363226881286e-07,0
"Matthew Dellavedova",0.993957297315203,0.00604269280567526,9.87912126271443e-09,0
"Aaron Gordon",0.0127939969927129,0.739735969254719,0.247470033752568,0
"Kobe Bryant",0.999994633739318,2.03437152248852e-12,5.36625864739525e-06,0
"Doug McDermott",3.59214111029238e-06,0.999987652549282,8.75530960727533e-06,0
"Danilo Gallinari",0.936599897424751,0.0624667747510918,0.000933327824157581,0
"Jrue Holiday",0.999999070235102,1.2180687801329e-26,9.29764897703961e-07,0
"Alex Len",5.55927807988381e-11,5.4603189455622e-07,0.0291591523772032,0.970840301535309
"Ian Mahinmi",2.60369009566296e-09,1.04863233196083e-05,0.00142484029886707,0.998564670774123
"Nik Stauskas",0.000973218925589332,0.999026781048141,2.62692661602919e-11,0
"Bismack Biyombo",2.94460551633943e-24,1.04219561556179e-20,3.05143207552624e-07,0.999999694856793
"Amir Johnson",1.92846658372431e-07,0.00825333759360202,0.99174646955974,2.37392544223115e-64
"Chandler Parsons",0.167768255576396,0.831552728808135,0.000679015615468577,0
"Marc Gasol",6.29007773567964e-18,1.40624809663088e-12,1.20384214626047e-05,0.999987961577131
"Chris Bosh",0.00968978861400409,0.687305266032309,0.303004945353686,0
"Cody Zeller",4.20944769021398e-15,4.25127604995676e-09,0.021777619441346,0.978222376307374
"Mike Conley",0.999909936765304,3.46523253151642e-06,8.65980021642431e-05,0
"Thabo Sefolosha",2.66663577262869e-05,0.996527614604707,0.00344571903756667,0
"Shane Larkin",0.999751000459392,1.02630166628878e-16,0.000248999540608017,0
"Terrence Ross",0.000415588544813491,0.999584410112528,1.34265886447319e-09,0
"Nikola Jokić",0.000892623709175943,0.121820868412747,0.877286507878077,2.8621317618489e-128
"Andre Iguodala",6.78565955384909e-05,0.999920165341247,1.19780632145833e-05,0
"Enes Freedom",1.49778687704608e-05,0.00334587049693174,0.995860668770558,0.000778482863739626
"Frank Kaminsky",0.001533726685829,0.998451243417237,1.50298969335814e-05,0
"Bradley Beal",0.997451426622288,0.000418484776547096,0.00213008860116523,0
"Kenneth Faried",3.50578198504396e-09,3.30718451655812e-05,0.00522024179221323,0.994746682856839
"Stanley Johnson",0.745983895654976,0.253708908540944,0.000307195804079911,0
"Mirza Teletović",0.00587280796414438,0.994127191339224,6.9663182934034e-10,0
"Ed Davis",2.15539505375975e-06,5.65842530704902e-06,0.0106642533458041,0.989327932833835
"Shabazz Muhammad",0.000996424514559397,0.0701126726050742,0.928890902880366,0
"Marco Belinelli",5.13509090753811e-07,0.99999709166899,2.39482191955626e-06,0
"Corey Brewer",4.81421724943413e-05,0.999849806194164,0.000102051633341546,0
"Ramon Sessions",0.479621773634131,0.0164616190505661,0.503916607315303,7.74776449961296e-236
"J.J. Barea",0.999999966016875,6.39949332372919e-20,3.39831245233294e-08,0
"Marcus Smart",0.999991764307766,5.04847147811181e-06,3.18722075612861e-06,0
"Kyrie Irving",0.99999590953686,1.5948694849348e-19,4.090463139552e-06,0
"Wesley Johnson",5.38192090922716e-09,0.999999994596388,2.16911014171457e-11,0
"Patty Mills",0.4186265723623,0.581373399946705,2.76909953517164e-08,0
"Michael Carter-Williams",0.580571660804079,1.3368884647601e-07,0.419428205507075,1.57801553602756e-64
"Nikola Mirotić",2.25915187276113e-06,0.999997740830919,1.72083933937596e-11,0
"Randy Foye",0.999999987813049,1.19220977807255e-08,2.64853405626867e-10,0
"Luis Scola",0.00124379484523318,0.992417325212018,0.00633887994274864,0
"Trevor Booker",7.40524572022489e-05,0.921931149219427,0.0779947983233709,5.1456138837907e-71
"Alonzo Gee",1.23709840571186e-06,0.997169904778368,0.00282885812322599,0
"Markieff Morris",0.00514757281137744,0.356715012322733,0.638137414865889,0
"Dennis Schröder",0.999987282765914,2.8766481542918e-10,1.27169464213208e-05,0
"Tony Allen",0.000422526350886917,0.87971861177462,0.119858861874493,8.33032348641804e-52
"Tyson Chandler",4.10128024635734e-23,2.05362100667721e-18,4.62261601945856e-07,0.999999537738398
"Wayne Ellington",0.0133427167548712,0.986657005321748,2.77923381058944e-07,0
"T.J. McConnell",0.99996228918684,2.30408813015245e-15,3.77108131577579e-05,1.96487598466285e-251
"Lavoy Allen",5.57861909564054e-07,0.00208096665903525,0.0307739528320832,0.967144522646972
"Jahlil Okafor",1.79393221842287e-06,1.65220508814672e-06,0.968927523590395,0.0310690302722979
"Gerald Green",0.00830757932543528,0.991689784609807,2.63606475804955e-06,0
"Jonas Valančiūnas",2.75915356712756e-05,0.000220589742089571,0.283673676557107,0.716078142165132
"Andre Roberson",2.83257169491108e-08,0.999999908975382,6.26989014366325e-08,0
"Tim Duncan",3.46593230547236e-21,2.25307079432483e-16,0.000333440338573338,0.999666559661426
"Shaun Livingston",1.68147940192462e-07,0.000134966741310771,0.999856919979952,7.94513079715611e-06
"Darrell Arthur",3.38159749993673e-06,0.99402827079864,0.00596834760385988,0
"Jordan Hill",8.64675739382805e-19,1.93152888972954e-15,0.00232448940915863,0.997675510590839
"Jerryd Bayless",0.0561930679077914,0.943806930973333,1.11887544627909e-09,0
"Raul Neto",0.999704717697318,0.000293838002532166,1.44430015031316e-06,0
"Kosta Koufos",1.80263650924819e-07,0.00147503552502861,0.0665757533092806,0.93194903090204
"Eric Gordon",0.669911131815902,0.330088848139046,2.00450517740832e-08,0
"Clint Capela",1.31169849181475e-21,9.59790174393476e-18,3.65679765207284e-05,0.999963432023479
"Austin Rivers",0.995285957651364,0.00451286425548188,0.000201178093154507,0
"C.J. Miles",0.0468899241212867,0.953110075801515,7.71980452418543e-11,0
"Tayshaun Prince",1.95318556373029e-09,0.00437849584901722,0.995621502197797,1.23032274488369e-61
"Maurice Harkless",0.00147242986454816,0.99454875602957,0.0039788141058824,0
"Andrew Bogut",3.69170877505571e-61,4.11785874742256e-148,5.37840959591944e-32,1
"JaMychal Green",0.000126591637246691,0.169041658423067,0.830831749939686,1.74099005545799e-52
"Ben McLemore",1.24772034479346e-05,0.999977977949932,9.54484662006262e-06,0
"Derrick Williams",0.0458603252801003,0.0445514931195268,0.909588181600373,0
"Gerald Henderson",0.00930465140820296,0.941549803056742,0.0491455455350552,0
"Mario Hezonja",0.207645588208963,0.79233951862652,1.48931645178401e-05,0
"Willie Cauley-Stein",6.00150268708942e-23,4.5245085940467e-17,8.14625968169689e-05,0.999918537403183
"Ty Lawson",0.999671114316419,0.000189933119117159,0.000138952564463334,0
"David West",2.0245192996131e-08,0.0553692831931147,0.176284960969596,0.768345735592097
"Kelly Olynyk",0.000174661391455553,0.9997824139747,4.29246338442555e-05,0
"Boris Diaw",0.00176913614787725,0.969331559559422,0.0288993042927011,1.33384408515548e-215
"Trey Lyles",0.00238719351521998,0.994999061137429,0.00261374534735122,0
"Mario Chalmers",0.999993304376572,1.34938519349724e-09,6.69427404251717e-06,0
"Lance Stephenson",0.99104102056966,1.50773567915183e-07,0.00895882865677221,1.06739590981892e-184
"Myles Turner",9.88358953974121e-10,0.000552002338558734,0.996543327720142,0.00290466895294037
"Trey Burke",0.996576139006296,0.00342351266613773,3.48327565792721e-07,0
"Brandon Bass",4.76408900804802e-23,1.14322052071897e-17,5.31611033014191e-05,0.999946838896698
"Anthony Tolliver",2.73772425493144e-10,0.999999999726228,5.9869214074084e-22,0
"Meyers Leonard",5.6035565404068e-07,0.999999438570584,1.07376197143935e-09,0
"Timofey Mozgov",2.42611112085851e-13,7.64327061965169e-06,0.327119013185413,0.672873343543725
"Richard Jefferson",1.29006025350189e-06,0.999998708780729,1.15901777719386e-09,0
"Donald Sloan",0.902796906888328,0.0964430769092015,0.000760016202470285,0
"Iman Shumpert",1.31484906415124e-05,0.999986850281936,1.22742249143713e-09,0
"Lance Thomas",0.00729586707148231,0.972283616200948,0.0204205167275702,0
"P.J. Hairston",2.22065747363022e-05,0.99997779341279,1.24739117085861e-11,0
"Tony Snell",0.000443324993802414,0.99955667442288,5.83317893167792e-10,0
"Devin Harris",0.0826897498296261,0.917170703124388,0.000139547045986493,0
"Rodney Stuckey",0.103563715923658,0.00193640642978695,0.894499877646555,1.59899734332341e-233
"Luc Mbah a Moute",3.5661415052713e-10,0.999907124299739,9.28753436462411e-05,2.43257839926687e-246
"Larry Nance Jr.",5.30016766989442e-13,2.16106408947849e-06,0.999196887273033,0.000800951662347414
"Jerian Grant",0.944488906543756,1.14617333535702e-07,0.055510978838911,0
"E'Twaun Moore",0.02201102168727,0.973002191220513,0.0049867870922167,0
"Toney Douglas",0.99999992484581,5.73973399988705e-09,6.94144558824801e-08,0
"Jason Terry",0.00306449681428715,0.996935503185708,4.40998273399988e-15,0
"Jon Leuer",0.000651923673244839,0.908274708409504,0.0910733679172513,0
"Kyle Anderson",0.00638530793259446,0.274619983641512,0.718994708425893,3.00149557947604e-102
"Joe Ingles",1.91014353830686e-05,0.999980898564617,4.79714991604124e-19,0
"Aron Baynes",3.6814524251011e-22,2.60395764139259e-17,0.000138557626251595,0.999861442373748
"Paul Pierce",0.00122644563374252,0.998773554366092,1.65487533816071e-13,0
"Jeremy Lamb",0.99615903087229,0.00128350472713094,0.00255746440057871,0
"Ronnie Price",0.819566229664924,0.18043377033491,1.66405075048247e-13,0
"Channing Frye",2.32189110291443e-07,0.999999767810872,1.80804646791735e-14,0
"Norris Cole",0.986739875966261,0.0119788487107834,0.00128127532295589,4.37546941805464e-303
"Jason Smith",3.49038515835374e-09,0.0295536879193424,0.970422353725202,2.39548650705453e-05
"Ömer Aşık",9.18434568256264e-11,6.09967620865945e-06,1.99380270109641e-07,0.999993700851678
"D.J. Augustin",0.999999999661491,5.15211621188663e-14,3.38457647521474e-10,0
"Jonas Jerebko",2.73099572553696e-05,0.999956932079599,1.57579631459237e-05,0
"Noah Vonleh",0.000439814267560043,0.289646059294485,0.709914126437955,9.06826639084261e-180
"Blake Griffin",0.00152757205750924,1.74397597372365e-12,0.998183794372741,0.000288633568006008
"JaKarr Sampson",0.000445943029250897,0.00560913457666088,0.993944922394088,8.39269686264471e-263
"Mike Scott",4.64657697865954e-08,0.999993935658411,6.01787581952935e-06,0
"Manu Ginóbili",0.0959059365728182,0.903980048586586,0.000114014840595995,0
"Archie Goodwin",0.850967729300551,9.44629646512762e-09,0.149032261253153,0
"Marcus Thornton",0.924472828839235,0.0755269256292181,2.45531546261138e-07,0
"Aaron Brooks",0.99999999972992,7.83612924940724e-20,2.70080185054638e-10,0
"Josh Richardson",0.00703761700435116,0.992959941816442,2.44117920702692e-06,0
"Bobby Portis",0.000815171969797046,0.765559391731472,0.233625436298731,1.93241484165098e-91
"Al Jefferson",0.00140092731625169,0.00118280390067623,0.809666426094615,0.187749842688457
"Kevin Martin",0.121939971201954,0.867409396461451,0.0106506323365955,0
"Nenê",7.57754095173601e-21,8.87112270151775e-18,0.000226838805810767,0.999773161194189
"O.J. Mayo",0.000163596204012941,0.999836403650146,1.45841065041726e-10,0
"Leandro Barbosa",1.94103936555142e-05,0.999569891633702,0.000410697972642013,0
"Nemanja Bjelica",2.57150161248812e-05,0.999974274890042,1.00938329425107e-08,0
"T.J. Warren",0.000199259905795945,0.716992299242836,0.282808440851368,2.49818781120234e-166
"Eric Bledsoe",0.999999611940709,1.58131994164451e-30,3.88059291361944e-07,0
"Shelvin Mack",0.999858043661016,1.28976526585955e-11,0.00014195632608626,0
"Brandon Rush",2.17438571944196e-09,0.999999997825294,3.19916186768629e-13,0
"Terrence Jones",4.16292802260359e-05,0.946934788779222,0.0530235819405519,4.59165921123706e-308
"Joffrey Lauvergne",2.63451150349139e-06,0.052722955278619,0.947274410209878,1.16614527081788e-125
"Jameer Nelson",0.999999999856821,8.96478401981571e-24,1.43179152249118e-10,0
"Spencer Hawes",0.000728826452253203,0.998951047718325,0.000320125829422227,0
"Nick Young",0.48591964107699,0.514080358920939,2.07200910092811e-12,0
"Jarrett Jack",0.999996837875653,3.606624695696e-22,3.16212434720866e-06,0
"Vince Carter",0.175405554872517,0.824594169440814,2.75686668932865e-07,0
"Rashad Vaughn",9.01938342979325e-09,0.999999990980611,6.02121154843691e-15,0
"Dwight Powell",2.69540397327943e-14,1.93679671864992e-06,0.999998063203252,1.99893629126499e-15
"Steve Blake",0.999996475262548,3.52473737826892e-06,7.39488996950659e-14,0
"Markel Brown",0.565819239808045,0.430983221133183,0.0031975390587719,0
"Kyle Singler",5.89194181113611e-06,0.999989936737966,4.17132022308346e-06,0
"John Henson",5.60350195440469e-23,2.81312565798134e-17,8.72527598698327e-05,0.99991274724013
"Chase Budinger",0.000334107272923668,0.998208166764954,0.00145772596212287,0
"Anthony Morrow",0.00139060801952817,0.998609391979805,6.67269036478899e-13,0
"James Johnson",0.30065297111469,0.668128508723854,0.0312185201614562,0
"Thomas Robinson",5.14249470951822e-19,1.78461432942102e-15,6.11345574954838e-05,0.999938865442503
"Sasha Vujačić",5.73087637550832e-11,0.99999999994267,2.16047316424682e-14,0
"David Lee",4.17802642577514e-20,3.74557535844204e-16,0.00104264924330116,0.998957350756698
"Josh Smith",0.00083156519084717,0.99914262968069,2.58051284632066e-05,0
"Quincy Acy",1.20127239528192e-05,0.89761062048657,0.102377366789477,0
"Miles Plumlee",5.3234730366621e-08,0.00143237422169032,0.0732970143958477,0.925270558147732
"Marcelo Huertas",0.983307347761595,0.0025275075518202,0.0141651446865843,0
"Brandon Jennings",0.999999999811425,6.34044236848415e-16,1.88574725609593e-10,0
"Solomon Hill",0.00736502617549845,0.992132931976061,0.000502041848440251,0
"Tim Hardaway Jr.",8.24760631294789e-06,0.99999174488982,7.50386659450179e-09,0
"Tyler Johnson",0.0262782833067425,0.964976349116378,0.00874536757687943,0
"Alexis Ajinça",8.76730910182581e-22,7.74716958698899e-16,0.000307663485939621,0.99969233651406
"Chris Johnson",8.24958309475792e-06,0.99999174929876,1.11814545899438e-09,0
"Johnny O'Bryant",1.72754957262641e-57,5.06416540016682e-42,1.08660874038894e-19,1
"Luke Babbitt",0.00245063811203809,0.997548186119546,1.17576841578847e-06,0
"Marreese Speights",9.10754398325379e-05,0.0651207050904404,0.934788219469727,2.34051389576254e-120
"Pablo Prigioni",0.999999999999999,6.89547921737399e-18,8.14730464355331e-16,0
"Andrew Nicholson",0.122750087246867,0.876795323969066,0.000454588784066318,0
"Jonathon Simmons",0.00540803700062998,0.385985305233779,0.608606657765591,4.44412564532409e-250
"Gary Neal",0.996224069426914,1.33189426916943e-09,0.0037759292411916,0
"Cole Aldrich",3.01854066911714e-11,4.0288540718515e-05,4.36188661500044e-06,0.999955349542481
"Alec Burks",0.999961641179309,1.51608285894031e-16,3.83588206907769e-05,0
"DeMarre Carroll",0.000833411424473178,0.999166438648622,1.49926904382576e-07,0
"Justin Holiday",2.38848470478292e-06,0.99999761012718,1.38811474157070e-09,0
"Festus Ezeli",2.19486942799356e-10,3.18110171945678e-06,0.000152609980453144,0.99984420869834
"Tyreke Evans",0.99999997840054,6.95563072124862e-20,2.15994602176259e-08,0
"Kyle O'Quinn",0.000942436155160532,5.16839242323976e-16,0.999057563844839,1.18360777591141e-39
"Amar'e Stoudemire",1.02775587609261e-06,0.000858358528887359,0.16746416412106,0.831676449594177
"Mo Williams",0.999555137560772,0.000436294795330281,8.5676438977818e-06,0
"Tim Frazier",0.999950258069791,5.95541180611179e-20,4.97419302094618e-05,6.37498538952218e-299
"Norman Powell",0.00160679707050924,0.998392788050024,4.14879466840351e-07,0
"James Anderson",0.00015235044876612,0.999847647932177,1.61905674439267e-09,0
"Tyler Zeller",3.87570015775053e-08,0.000185481585139865,0.0136198862339555,0.986194593423903
"Beno Udrih",0.253398267843383,0.744528409937743,0.00207332221887354,0
"Dewayne Dedmon",3.03325126997357e-08,0.000100264433273221,0.0570385876955904,0.942861117538624
"Mike Dunleavy",2.21079032184166e-10,0.999999999778441,4.79519960310804e-13,0
"Richaun Holmes",2.15207386292505e-08,0.0122925270889532,0.987707451390308,1.85662448524535e-259
"Nick Collison",4.70366906046634e-19,1.51078385839023e-14,0.00214065419927515,0.99785934580071
"Cameron Payne",0.99999390589403,6.07617402487461e-06,1.79319451076931e-08,0
"Seth Curry",0.985034179873121,0.0149612923231073,4.52780377162703e-06,0
"Kelly Oubre Jr.",0.00254263401072119,0.997310870421163,0.000146495568115377,0
"Charlie Villanueva",0.0124570538050993,0.987542635385289,3.10809611206176e-07,0
"Jeff Withey",1.05881179944049e-22,2.10203116352228e-16,0.000507975294142947,0.999492024705857
"C.J. Watson",0.0445044461085636,0.955347003869463,0.000148550021973459,0
"Tyler Ennis",0.21677769322564,0.756232916817066,0.0269893899572945,6.01829822361187e-295
"Justin Anderson",0.00220397103616929,0.997793292484739,2.73647909169938e-06,0
"Joakim Noah",6.60108163837576e-19,5.13646438413758e-14,6.96279038315271e-05,0.999930372096117
"Andrea Bargnani",7.62275762611265e-10,0.00484048256181307,0.995159516675911,1.56694772260929e-18
"Kirk Hinrich",0.999380338005791,0.000619661571849705,4.22359693762199e-10,0
"Sean Kilpatrick",0.109834031550529,0.889136713704945,0.00102925474452622,0
"Rondae Hollis-Jefferson",0.00340737203909209,0.000524569576977025,0.996068058383931,2.71935410379044e-63
"Shabazz Napier",0.999999999987469,1.25108771008044e-11,1.9721405269713e-14,0
"Anthony Brown",3.3264723313943e-08,0.999999966735158,1.18928894424355e-13,0
"Josh McRoberts",0.000282938162207974,0.998515710535815,0.00120135130197665,0
"Metta World Peace",0.0022624488609632,0.997737551107258,3.17783193479768e-11,0
"Tiago Splitter",4.05751806351844e-24,3.31968612134953e-16,4.14932334353517e-08,0.999999958506766
"Ian Clark",0.0268686556122931,0.973116385229666,1.49591580410451e-05,0
"Tyus Jones",0.99999913554245,8.04352176615763e-14,8.64457469201627e-07,0
"Carl Landry",1.07334788251184e-07,0.00854973229640739,0.991450160368796,8.4142806857679e-15
"Mike Muscala",2.47045250133368e-08,0.987693557573951,0.0123064177215239,0
"Kevin Garnett",2.29140881413134e-25,1.265306821641e-15,0.00018078051438158,0.999819219485617
"Donatas Motiejūnas",9.70178289039661e-05,0.7513930055489,0.248509976622196,0
"Jusuf Nurkić",4.33551795994772e-20,8.02930405087857e-17,0.000462637690969121,0.999537362309031
"Kendrick Perkins",1.27392719693986e-10,0.000164387923093626,0.00241489298551088,0.997420718964003
"Kevin Séraphin",3.32633659449281e-18,6.04326743580722e-15,0.000412593887482629,0.999587406112511
"Boban Marjanović",5.68862325088494e-07,5.84189478518949e-07,0.00772256877549408,0.992276278172702
"Glenn Robinson III",0.000302076229633637,0.99490281428426,0.00479510948610636,0
