"PC1","PC2","PC3","PC4","PC5","PC6","Feature"
-0.180272897911255,0.524913023399028,0.0638809218432468,-0.0627318955697197,0.203036002342458,-0.60879325529757,"USG."
-0.477684788906761,-0.347227241694153,0.0342934590284274,-0.0849186971715546,0.183280904817351,0.129300356172439,"X3PAr"
0.339328791116664,0.0744758729877989,0.335297675475796,-0.633132281832102,0.31528401634151,0.375478366262415,"fg_pct_0_3"
0.138174168274046,0.275367756313536,0.552074280793614,0.00978308685598852,-0.648066066535834,-0.0453920970750042,"fg_pct_3_10"
-0.0902118048839622,0.119911291731967,0.607112953980266,0.414076290267379,0.547816114875729,0.0768176705476944,"fg_pct_mid"
-0.41053345262718,-0.145078806452624,0.165281340323894,-0.598082590092846,-0.0357400059395755,-0.366191728024518,"fg_pct_3P"
0.357806811482527,0.32882815665573,-0.375203610081807,-0.10924976847854,0.303672078407129,-0.157463444422194,"FTr"
0.479645074363887,-0.345922881599476,0.10051602632283,-0.116401277652118,0.00748111838478097,-0.266914964653491,"pct_Ast_2P"
0.265182575399691,-0.509223260492762,0.17534925971616,0.182358440926486,0.110174008041712,-0.483292947727026,"pct_Ast_3P"
