Rk,Player,Age,Team,Pos,G,GS,MP,FG,FGA,FG%,3P,3PA,3P%,2P,2PA,2P%,eFG%,FT,FTA,FT%,ORB,DRB,TRB,AST,STL,BLK,TOV,PF,PTS,ORtg,DRtg,Awards,Player-additional
1,James Harden,26,HOU,SG,82,82,3125,11.2,25.4,.439,3.7,10.3,.359,7.5,15.1,.494,.512,11.3,13.2,.860,1.0,6.9,7.9,9.6,2.2,0.8,5.9,3.6,37.4,115,108,MVP-9AS,hardeja01
2,Gordon Hayward,25,UTA,SF,80,80,2893,9.5,21.9,.433,2.6,7.5,.349,6.9,14.4,.477,.493,7.2,8.7,.824,1.1,6.1,7.2,5.4,1.7,0.5,3.7,3.3,28.8,110,105,,haywago01
3,Kemba Walker,25,CHO,PG,81,81,2885,9.9,23.2,.427,3.2,8.5,.371,6.7,14.6,.459,.495,6.5,7.6,.847,1.0,5.2,6.2,7.3,2.2,0.7,3.0,1.9,29.4,112,105,,walkeke02
4,Trevor Ariza,30,HOU,SF,81,81,2859,6.1,14.8,.416,3.2,8.6,.371,3.0,6.2,.478,.523,2.2,2.8,.783,1.2,5.1,6.3,3.2,2.8,0.4,1.9,3.0,17.6,110,108,DPOY-13,arizatr01
5,Marcus Morris,26,DET,SF,80,80,2856,7.2,16.7,.434,1.9,5.3,.362,5.3,11.4,.467,.491,3.6,4.8,.749,1.6,5.5,7.1,3.6,1.2,0.4,2.5,3.0,20.0,107,108,,morrima03
6,Khris Middleton,24,MIL,SG,79,79,2852,9.1,20.4,.444,2.6,6.4,.396,6.5,13.9,.466,.507,4.9,5.6,.888,0.8,4.6,5.4,5.9,2.3,0.3,3.2,3.6,25.6,109,110,,middlkh01
7,Kyle Lowry,29,TOR,PG,77,77,2851,9.3,21.7,.427,3.8,9.9,.388,5.4,11.8,.461,.516,7.2,8.9,.811,1.0,5.6,6.6,9.0,2.9,0.6,4.1,3.8,29.6,115,104,MVP-10DPOY-13ASNBA3,lowryky01
8,Andrew Wiggins,20,MIN,SF,81,81,2845,10.5,22.9,.459,1.0,3.4,.300,9.5,19.6,.486,.481,7.6,10.0,.761,1.9,3.3,5.2,2.9,1.4,0.8,3.2,2.9,29.7,106,113,,wiggian01
9,Giannis Antetokounmpo,21,MIL,PG,80,79,2823,9.3,18.3,.506,0.5,2.0,.257,8.8,16.3,.537,.520,5.3,7.4,.724,2.0,9.0,11.0,6.2,1.7,2.0,3.8,4.7,24.4,109,106,,antetgi01
10,Paul George,25,IND,SF,81,81,2819,10.7,25.5,.418,3.7,10.0,.371,7.0,15.6,.447,.490,8.0,9.3,.860,1.4,8.5,9.9,5.8,2.7,0.5,4.7,4.1,33.0,106,101,ASNBA3DEF2,georgpa01
11,Draymond Green,25,GSW,PF,81,81,2808,6.9,14.1,.490,1.7,4.4,.388,5.2,9.7,.537,.551,3.9,5.7,.696,2.3,10.9,13.2,10.3,2.0,1.9,4.5,4.1,19.5,115,100,MVP-7DPOY-2ASNBA2DEF1,greendr01
12,DeMar DeRozan,26,TOR,SG,78,78,2804,11.3,25.4,.446,0.9,2.6,.338,10.4,22.8,.458,.463,10.2,12.0,.850,1.2,5.3,6.4,5.8,1.5,0.4,3.2,3.1,33.7,113,108,AS,derozde01
13,Kentavious Caldwell-Pope,22,DET,SG,76,76,2789,7.3,17.4,.420,2.1,6.7,.309,5.2,10.7,.489,.479,3.3,4.1,.811,1.3,3.8,5.1,2.5,2.0,0.3,1.9,3.0,20.0,107,107,,caldwke01
14,John Wall,25,WAS,PG,77,77,2784,10.0,23.6,.424,2.0,5.7,.351,8.0,17.9,.448,.467,4.8,6.0,.791,0.7,5.9,6.6,13.8,2.5,1.0,5.6,2.8,26.8,102,104,AS,walljo01
15,CJ McCollum,24,POR,SG,80,80,2780,11.5,25.7,.448,3.5,8.5,.417,8.0,17.3,.463,.517,3.4,4.1,.827,0.8,3.8,4.7,6.1,1.7,0.4,3.5,3.4,30.0,108,110,MIP-1,mccolcj01
16,Russell Westbrook,27,OKC,PG,80,80,2750,11.8,26.1,.454,1.8,6.2,.296,10.0,19.9,.503,.489,8.4,10.3,.812,2.6,8.7,11.3,15.1,2.9,0.4,6.2,3.6,33.9,115,103,MVP-4ASNBA1,westbru01
17,Monta Ellis,30,IND,SG,81,81,2734,7.9,18.5,.427,1.6,5.1,.309,6.3,13.4,.472,.470,2.9,3.7,.786,0.8,4.2,4.9,7.0,2.7,0.7,3.7,3.2,20.4,99,103,,ellismo01
18,LeBron James,31,CLE,SF,76,76,2709,14.0,26.9,.520,1.7,5.4,.309,12.3,21.5,.573,.551,6.8,9.3,.731,2.1,8.6,10.7,9.8,2.0,0.9,4.7,2.7,36.5,116,103,MVP-3DPOY-11ASNBA1,jamesle01
19,Joe Johnson,34,2TM,SF,81,81,2703,7.1,16.1,.439,2.2,5.9,.383,4.8,10.2,.471,.509,2.2,2.7,.831,0.9,4.6,5.5,6.0,1.1,0.1,3.0,2.7,18.6,104,113,,johnsjo02
19,Joe Johnson,34,BRK,SF,57,57,1934,6.4,15.8,.406,2.2,6.0,.371,4.2,9.9,.427,.476,2.4,2.8,.852,0.9,5.0,5.8,6.0,1.0,0.1,3.0,2.6,17.5,101,114,,johnsjo02
19,Joe Johnson,34,MIA,SF,24,24,769,8.7,16.7,.518,2.3,5.6,.417,6.3,11.1,.569,.588,1.7,2.3,.765,1.0,3.5,4.5,5.7,1.4,0.1,2.9,3.1,21.4,114,108,,johnsjo02
20,Stephen Curry,27,GSW,PG,79,79,2700,14.4,28.6,.504,7.2,15.9,.454,7.2,12.7,.566,.630,6.5,7.2,.908,1.2,6.5,7.7,9.4,3.0,0.3,4.7,2.9,42.5,125,103,MVP-1ASNBA1,curryst01
21,Damian Lillard,25,POR,PG,75,75,2676,11.5,27.5,.419,4.3,11.4,.375,7.3,16.1,.450,.497,7.7,8.7,.892,0.8,4.8,5.6,9.6,1.2,0.5,4.5,3.1,35.1,113,110,MVP-8NBA2,lillada01
22,Andre Drummond,22,DET,C,81,81,2666,10.5,20.1,.521,0.0,0.1,.333,10.4,20.0,.522,.522,3.9,11.1,.355,7.5,15.2,22.7,1.3,2.3,2.1,2.9,4.6,24.9,103,98,DPOY-10ASNBA3,drumman01
23,Klay Thompson,25,GSW,SG,80,80,2666,11.8,25.1,.470,5.0,11.8,.425,6.8,13.3,.510,.569,3.5,4.0,.873,0.6,4.9,5.5,3.0,1.1,0.9,2.5,2.8,32.1,112,107,ASNBA3,thompkl01
24,Paul Millsap,30,ATL,PF,81,81,2647,9.4,19.9,.470,1.4,4.3,.319,8.0,15.6,.512,.505,5.8,7.6,.757,3.7,10.0,13.7,4.9,2.7,2.6,3.6,4.4,25.9,108,96,DPOY-5ASDEF2,millspa01
25,Isaiah Thomas,26,BOS,PG,82,79,2644,10.9,25.5,.428,3.1,8.6,.359,7.8,16.9,.462,.488,8.7,10.0,.871,0.8,3.6,4.5,9.4,1.7,0.2,4.1,3.1,33.6,113,107,AS,thomais02
26,Wesley Matthews,29,DAL,SF,78,78,2644,6.4,16.4,.388,3.6,10.1,.360,2.7,6.3,.432,.498,2.4,2.8,.863,0.5,4.1,4.6,2.9,1.5,0.3,1.5,3.4,18.8,105,109,,matthwe02
27,Al Horford,29,ATL,C,82,82,2631,9.9,19.7,.505,1.7,4.8,.344,8.3,14.9,.557,.547,1.9,2.4,.798,2.8,8.4,11.2,4.9,1.3,2.3,2.0,3.1,23.5,113,101,DPOY-13AS,horfoal01
28,Karl-Anthony Towns,20,MIN,C,82,82,2627,12.0,22.1,.542,0.6,1.7,.341,11.4,20.4,.559,.555,4.3,5.3,.811,4.4,12.1,16.5,3.1,1.1,2.6,3.5,4.7,28.8,112,106,ROY-1,townska01
29,DeAndre Jordan,27,LAC,C,77,77,2598,6.9,9.8,.703,0.0,0.0,.000,6.9,9.8,.704,.703,5.1,11.9,.430,5.1,15.3,20.4,1.7,1.0,3.4,2.1,4.0,18.9,122,98,DPOY-4NBA1DEF1,jordade01
30,Kevin Durant,27,OKC,SF,72,72,2578,13.4,26.6,.505,3.6,9.3,.387,9.9,17.3,.569,.573,8.6,9.6,.898,0.9,10.5,11.3,7.0,1.3,1.6,4.8,2.6,39.1,122,104,MVP-5ASNBA2,duranke01
31,Evan Fournier,23,ORL,SF,79,71,2566,8.4,18.1,.462,3.0,7.6,.400,5.3,10.5,.506,.546,3.9,4.6,.836,0.6,3.7,4.4,4.2,1.9,0.0,2.6,4.2,23.6,111,110,,fournev01
32,Jordan Clarkson,23,LAL,SG,79,79,2552,9.3,21.6,.433,2.2,6.3,.347,7.2,15.3,.468,.483,3.2,4.0,.804,1.8,4.3,6.2,3.8,1.7,0.1,2.7,3.3,24.1,103,114,,clarkjo01
33,Rodney Hood,23,UTA,SG,79,79,2541,8.5,20.2,.420,3.3,9.3,.359,5.1,10.9,.472,.503,3.6,4.2,.860,0.8,4.8,5.5,4.4,1.5,0.3,2.6,4.2,23.9,109,107,,hoodro01
34,P.J. Tucker,30,PHO,SF,82,80,2540,4.6,11.2,.411,1.3,4.0,.330,3.3,7.2,.455,.469,2.0,2.7,.746,3.2,6.7,9.8,3.4,2.0,0.4,2.1,3.9,12.5,105,109,,tuckepj01
35,Rajon Rondo,29,SAC,PG,72,72,2537,6.7,14.8,.454,1.2,3.2,.365,5.5,11.6,.479,.494,1.6,2.8,.580,1.5,6.8,8.2,15.9,2.7,0.2,5.3,3.3,16.3,105,107,,rondora01
36,Avery Bradley,25,BOS,SG,76,72,2536,8.8,19.6,.447,2.8,7.8,.361,5.9,11.8,.505,.520,1.8,2.4,.780,0.9,3.3,4.2,3.0,2.2,0.4,2.1,3.2,22.2,105,106,DPOY-6DEF1,bradlav01
37,Carmelo Anthony,31,NYK,SF,72,72,2530,11.5,26.6,.434,2.1,6.3,.339,9.4,20.3,.463,.474,6.8,8.2,.829,2.0,9.3,11.3,6.1,1.3,0.8,3.6,3.7,32.0,107,107,AS,anthoca01
38,George Hill,29,IND,PG,74,73,2524,6.4,14.5,.441,2.5,6.2,.408,3.9,8.4,.466,.528,2.2,3.0,.760,1.1,4.7,5.9,5.1,1.6,0.3,2.0,2.9,17.6,112,106,,hillge01
39,Tobias Harris,23,2TM,PF,76,74,2513,8.3,17.7,.469,1.6,4.8,.335,6.7,13.0,.518,.514,4.0,4.9,.831,1.9,8.3,10.2,3.4,1.3,0.8,2.2,3.1,22.3,112,107,,harrito02
39,Tobias Harris,23,ORL,PF,49,49,1610,7.8,16.8,.464,1.5,4.7,.311,6.3,12.1,.523,.507,3.7,4.8,.784,2.2,8.4,10.6,3.1,1.5,0.9,2.4,2.8,20.8,107,107,,harrito02
39,Tobias Harris,23,DET,PF,27,25,903,9.3,19.5,.477,1.8,4.9,.375,7.4,14.5,.512,.524,4.6,5.0,.911,1.4,8.0,9.4,3.9,1.0,0.7,1.7,3.5,25.0,120,106,,harrito02
40,Serge Ibaka,26,OKC,PF,78,78,2500,8.3,17.3,.479,1.2,3.7,.326,7.1,13.6,.520,.513,1.8,2.4,.752,2.8,7.8,10.6,1.3,0.8,2.9,2.1,4.2,19.5,108,105,,ibakase01
41,Jimmy Butler,26,CHI,SG,67,67,2474,9.5,21.0,.454,1.3,4.2,.312,8.2,16.8,.489,.485,8.0,9.6,.832,1.6,5.7,7.3,6.5,2.2,0.9,2.7,2.5,28.4,116,106,DPOY-11ASDEF2,butleji01
42,Brook Lopez,27,BRK,C,73,73,2457,12.1,23.7,.511,0.0,0.3,.143,12.1,23.4,.515,.512,6.5,8.3,.787,4.2,7.6,11.8,3.0,1.2,2.5,3.6,4.4,30.8,109,109,,lopezbr01
43,Nicolas Batum,27,CHO,SF,70,70,2448,7.6,17.9,.426,2.8,8.2,.348,4.8,9.7,.492,.506,3.3,3.9,.849,1.1,7.6,8.8,8.3,1.3,0.9,4.2,2.3,21.4,104,105,,batumni01
44,Gary Harris,21,DEN,SG,76,76,2439,7.4,15.7,.469,2.2,6.1,.354,5.2,9.6,.543,.538,2.2,2.7,.820,1.1,3.4,4.5,3.0,2.0,0.4,2.0,2.9,19.2,110,111,,harriga01
45,Reggie Jackson,25,DET,PG,79,79,2424,11.2,25.9,.434,2.5,7.0,.353,8.8,18.9,.464,.482,6.1,7.0,.864,1.2,4.1,5.3,10.2,1.2,0.2,4.6,3.9,31.0,109,108,,jacksre01
46,Kevin Love,27,CLE,PF,77,77,2424,8.7,20.7,.419,3.4,9.3,.360,5.3,11.4,.467,.499,5.5,6.7,.822,3.2,13.0,16.2,3.9,1.2,0.9,3.0,3.4,26.2,112,102,,loveke01
47,Chris Paul,30,LAC,PG,74,74,2420,10.7,23.1,.462,2.5,6.8,.371,8.1,16.3,.501,.517,6.1,6.8,.896,0.8,5.6,6.4,15.3,3.1,0.3,4.0,3.8,29.9,119,103,MVP-6DPOY-13ASNBA2DEF1,paulch01
48,Jabari Parker,20,MIL,PF,76,72,2408,9.4,19.0,.493,0.2,0.7,.257,9.2,18.3,.502,.498,3.7,4.8,.768,2.6,5.8,8.4,2.7,1.5,0.6,2.5,3.3,22.6,106,111,,parkeja01
49,Thaddeus Young,27,BRK,PF,73,73,2407,10.4,20.2,.514,0.1,0.6,.233,10.2,19.5,.523,.518,2.2,3.4,.644,3.7,10.1,13.8,2.8,2.3,0.8,2.8,3.8,23.1,104,107,,youngth01
50,Kyle Korver,34,ATL,SG,80,80,2401,5.5,12.7,.435,3.3,8.2,.398,2.3,4.5,.502,.563,0.9,1.1,.833,0.3,5.1,5.4,3.4,1.2,0.7,2.0,3.3,15.2,104,105,,korveky01
51,Luol Deng,30,MIA,PF,74,73,2394,7.3,16.0,.455,1.9,5.5,.344,5.4,10.5,.513,.514,3.1,4.1,.755,2.3,7.2,9.5,3.0,1.6,0.6,1.7,2.6,19.5,112,105,,denglu01
52,Kawhi Leonard,24,SAS,SF,72,72,2380,11.9,23.4,.506,2.8,6.3,.443,9.1,17.2,.528,.565,6.3,7.2,.874,2.0,8.6,10.6,4.0,2.8,1.5,2.3,2.9,32.8,121,96,MVP-2DPOY-1ASNBA1DEF1,leonaka01
53,Victor Oladipo,23,ORL,SG,72,52,2379,8.9,20.4,.438,2.1,5.9,.348,6.9,14.5,.475,.489,4.3,5.2,.830,1.0,6.2,7.3,5.9,2.4,1.1,3.2,3.7,24.2,105,106,,oladivi01
54,Rudy Gay,29,SAC,SF,70,70,2379,9.4,20.3,.463,1.5,4.3,.344,7.9,16.0,.495,.500,4.0,5.1,.780,2.1,7.1,9.2,2.4,2.0,1.0,2.8,3.7,24.3,104,108,,gayru01
55,Arron Afflalo,30,NYK,SG,71,57,2371,7.7,17.3,.443,2.0,5.2,.382,5.7,12.2,.469,.500,2.4,2.8,.840,0.5,5.3,5.8,3.1,0.5,0.2,1.8,3.1,19.7,105,112,,afflaar01
56,Dirk Nowitzki,37,DAL,PF,75,75,2364,10.7,23.9,.448,2.7,7.4,.368,8.0,16.6,.483,.504,5.4,6.0,.893,1.1,9.4,10.5,2.8,1.1,1.1,1.8,3.5,29.5,110,106,,nowitdi01
57,Goran Dragić,29,MIA,PG,72,72,2363,9.1,19.0,.477,1.4,4.4,.312,7.7,14.5,.527,.513,2.6,3.6,.727,1.2,4.8,6.0,9.1,1.5,0.4,4.0,4.1,22.1,105,107,,dragigo01
58,J.R. Smith,30,CLE,SG,77,77,2362,7.7,18.5,.415,4.4,11.1,.400,3.2,7.4,.438,.535,1.0,1.5,.634,0.9,3.8,4.7,2.8,1.8,0.5,1.3,4.4,20.8,110,106,,smithjr01
59,Will Barton,25,DEN,SG,82,1,2353,9.1,20.9,.432,2.4,6.9,.345,6.7,14.0,.476,.489,4.6,5.7,.806,1.3,8.9,10.1,4.3,1.5,0.8,3.0,3.1,25.1,105,108,6MOY-4,bartowi01
60,Al-Farouq Aminu,25,POR,SF,82,82,2341,6.4,15.4,.416,2.7,7.5,.361,3.7,7.9,.468,.503,2.5,3.3,.737,2.1,8.6,10.7,2.9,1.5,1.1,2.6,3.7,17.9,105,107,,aminual01
61,Marvin Williams,29,CHO,PF,81,81,2338,7.3,16.0,.452,3.3,8.1,.402,4.0,7.9,.504,.554,2.6,3.1,.833,2.7,8.5,11.2,2.4,1.2,1.7,1.3,2.9,20.3,118,104,,willima02
62,Courtney Lee,30,2TM,SG,79,65,2334,6.3,14.0,.454,1.8,4.7,.378,4.5,9.2,.493,.518,2.2,2.6,.839,0.6,3.8,4.5,3.0,1.9,0.6,1.6,2.9,16.6,109,109,,leeco01
62,Courtney Lee,30,MEM,SG,51,37,1489,6.6,14.5,.458,1.8,4.8,.370,4.9,9.7,.502,.519,2.6,3.2,.826,0.7,3.4,4.1,2.6,1.8,0.6,1.7,2.7,17.7,109,111,,leeco01
62,Courtney Lee,30,CHO,SG,28,28,845,5.8,13.1,.445,1.8,4.7,.392,4.0,8.4,.475,.516,1.4,1.5,.885,0.6,4.6,5.2,3.6,2.0,0.7,1.4,3.3,14.8,108,105,,leeco01
63,Ricky Rubio,25,MIN,PG,76,76,2323,4.8,12.7,.374,1.3,4.1,.326,3.4,8.6,.396,.427,5.8,6.8,.847,0.9,6.2,7.1,14.3,3.5,0.2,4.2,4.4,16.6,110,107,,rubiori01
64,Greg Monroe,25,MIL,C,79,67,2314,10.8,20.7,.522,0.0,0.0,.000,10.8,20.7,.522,.522,5.0,6.8,.740,4.8,10.5,15.3,3.9,1.6,1.5,2.8,3.6,26.6,113,106,,monrogr01
65,Jae Crowder,25,BOS,SF,73,73,2308,7.6,17.2,.443,2.6,7.7,.336,5.0,9.5,.529,.518,4.1,5.0,.820,1.5,6.4,7.9,2.9,2.7,0.7,1.8,4.2,21.9,113,102,DPOY-13,crowdja01
66,Zach LaVine,20,MIN,SG,82,33,2294,9.5,21.1,.452,2.7,6.9,.389,6.8,14.1,.482,.516,3.5,4.5,.793,0.6,4.4,5.0,5.5,1.5,0.4,3.4,4.2,25.3,104,112,6MOY-14,lavinza01
67,Pau Gasol,35,CHI,C,72,72,2291,10.2,21.8,.469,0.5,1.5,.348,9.7,20.3,.478,.481,5.0,6.3,.792,3.4,14.0,17.4,6.4,0.9,3.2,3.6,3.2,26.0,107,101,AS,gasolpa01
68,Julius Randle,21,LAL,PF,81,60,2286,7.9,18.3,.429,0.2,0.8,.278,7.6,17.6,.436,.435,4.2,5.9,.715,3.8,14.4,18.2,3.2,1.2,0.6,3.3,5.3,20.2,97,108,,randlju01
69,Dwight Howard,30,HOU,C,71,71,2280,8.0,12.9,.620,0.0,0.1,.000,8.0,12.8,.626,.620,5.0,10.2,.489,5.1,12.9,18.0,2.1,1.5,2.4,3.6,4.7,21.0,111,104,,howardw01
70,Otto Porter Jr.,22,WAS,SF,75,73,2276,7.3,15.4,.473,2.1,5.7,.367,5.2,9.6,.536,.541,2.0,2.7,.754,2.1,6.3,8.4,2.6,2.2,0.7,1.5,3.5,18.7,112,105,,porteot01
71,Evan Turner,27,BOS,SG,81,12,2271,7.4,16.2,.456,0.4,1.8,.241,6.9,14.4,.482,.469,3.2,3.8,.827,1.1,7.4,8.5,7.7,1.7,0.6,3.6,3.0,18.3,102,104,6MOY-5,turneev01
72,Tristan Thompson,24,CLE,PF,82,34,2269,5.6,9.5,.588,0.0,0.0,,5.6,9.5,.588,.588,3.4,5.5,.616,6.1,10.7,16.7,1.4,0.9,1.2,1.4,4.6,14.6,130,104,6MOY-10,thomptr01
73,LaMarcus Aldridge,30,SAS,PF,74,74,2261,12.1,23.7,.513,0.0,0.4,.000,12.1,23.3,.521,.513,5.9,6.8,.858,4.0,10.3,14.3,2.5,0.9,1.8,2.2,3.4,30.1,114,99,ASNBA3,aldrila01
74,D'Angelo Russell,19,LAL,PG,80,48,2259,8.7,21.3,.410,2.9,8.2,.351,5.8,13.0,.447,.478,3.1,4.2,.737,1.0,5.0,6.1,5.9,2.1,0.3,4.4,3.2,23.4,96,112,ROY-9,russeda01
75,Dwyane Wade,34,MIA,SG,74,73,2258,12.3,26.9,.456,0.2,1.0,.159,12.1,25.9,.468,.459,7.3,9.2,.793,1.9,5.0,6.9,7.8,1.8,1.0,4.6,2.6,32.0,103,106,AS,wadedw01
76,Marcin Gortat,31,WAS,C,75,74,2256,9.4,16.5,.567,0.0,0.0,.000,9.4,16.5,.567,.567,3.2,4.5,.705,4.8,11.2,16.0,2.3,1.0,2.1,2.6,4.2,21.9,114,104,,gortama01
77,Jeff Teague,27,ATL,PG,79,78,2255,9.5,21.7,.439,2.4,6.0,.401,7.1,15.6,.454,.495,5.7,6.8,.837,0.7,4.0,4.7,10.3,2.1,0.5,4.8,3.7,27.2,105,104,,teaguje01
78,Jeff Green,29,2TM,SF,80,41,2253,8.0,18.7,.430,1.5,4.8,.315,6.5,13.8,.470,.470,3.7,5.0,.745,1.7,5.8,7.5,3.1,1.3,0.9,2.1,3.7,21.3,103,109,,greenje02
78,Jeff Green,29,MEM,SF,53,31,1544,8.0,18.6,.431,1.4,4.5,.309,6.6,14.0,.470,.469,4.1,5.2,.800,1.8,6.2,8.0,3.3,1.3,0.6,2.3,3.4,21.5,104,110,,greenje02
78,Jeff Green,29,LAC,SF,27,10,709,8.1,18.9,.427,1.8,5.4,.325,6.3,13.4,.468,.474,2.8,4.6,.615,1.3,5.1,6.4,2.8,1.3,1.5,1.7,4.4,20.7,100,106,,greenje02
79,DeMarcus Cousins,25,SAC,C,65,65,2246,12.9,28.5,.451,1.5,4.5,.333,11.4,24.0,.473,.477,10.2,14.2,.718,3.4,12.6,16.0,4.6,2.2,2.0,5.3,5.0,37.4,103,103,ASNBA2,couside01
80,Ish Smith,27,2TM,PG,77,53,2239,8.7,21.2,.411,1.2,3.7,.329,7.5,17.5,.428,.440,2.7,3.9,.693,0.9,5.8,6.7,11.0,1.9,0.5,3.8,2.9,21.3,98,110,,smithis01
80,Ish Smith,27,NOP,PG,27,3,617,7.9,18.3,.430,0.8,2.7,.303,7.1,15.7,.451,.452,2.7,3.5,.767,1.1,6.3,7.4,12.4,1.9,0.5,3.6,3.1,19.2,104,110,,smithis01
80,Ish Smith,27,PHI,PG,50,50,1622,9.0,22.3,.405,1.4,4.1,.336,7.6,18.2,.420,.436,2.7,4.0,.669,0.9,5.6,6.4,10.5,1.9,0.5,3.9,2.9,22.1,96,110,,smithis01
81,Justise Winslow,19,MIA,SF,78,8,2232,4.5,10.6,.422,0.7,2.7,.276,3.7,8.0,.471,.457,1.8,2.7,.684,1.9,7.4,9.3,2.7,1.6,0.6,2.2,4.2,11.5,97,105,ROY-6,winslju01
82,Gorgui Dieng,26,MIN,C,82,39,2220,7.0,13.1,.532,0.1,0.5,.300,6.9,12.7,.540,.537,4.7,5.6,.827,3.6,9.7,13.3,3.2,2.1,2.2,3.2,5.0,18.8,113,106,,dienggo01
83,Robin Lopez,27,NYK,C,82,82,2219,8.3,15.3,.539,0.0,0.0,.000,8.3,15.3,.540,.539,3.0,3.7,.795,6.2,7.7,13.9,2.6,0.4,3.0,3.1,4.2,19.5,113,107,,lopezro01
84,Darren Collison,28,SAC,PG,74,15,2219,8.2,16.8,.486,1.9,4.7,.401,6.3,12.1,.519,.542,4.2,4.9,.858,0.6,3.1,3.7,6.9,1.6,0.1,2.8,3.1,22.4,115,112,6MOY-15,collida01
85,Raymond Felton,31,DAL,PG,80,31,2192,6.4,15.8,.406,1.4,4.9,.282,5.0,10.9,.463,.450,3.5,4.1,.847,0.8,5.2,6.0,6.6,1.6,0.3,2.8,3.3,17.7,102,108,,feltora01
86,Matt Barnes,35,MEM,SF,76,45,2190,6.2,16.3,.381,2.8,8.7,.322,3.4,7.6,.449,.467,2.6,3.2,.804,2.0,7.9,9.9,3.8,1.8,1.3,2.8,5.5,17.8,99,107,,barnema02
87,Anthony Davis,22,NOP,C,61,61,2164,12.8,26.0,.493,0.8,2.5,.324,12.0,23.6,.511,.508,7.5,9.9,.758,3.0,11.4,14.4,2.7,1.8,2.9,2.8,3.4,33.9,110,104,DPOY-9AS,davisan02
88,Hollis Thompson,24,PHI,SG,77,17,2154,6.1,15.5,.397,3.4,8.9,.380,2.8,6.6,.420,.507,1.6,2.2,.719,1.2,5.0,6.2,2.3,0.8,0.5,1.7,4.3,17.2,101,113,,thompho01
89,Dion Waiters,24,OKC,SG,78,15,2152,6.5,16.3,.399,2.0,5.5,.358,4.5,10.7,.421,.460,2.6,3.6,.713,0.8,3.8,4.7,3.6,1.9,0.3,2.8,3.3,17.6,99,108,,waitedi01
90,Elfrid Payton,21,ORL,PG,73,69,2145,7.4,17.0,.436,0.7,2.1,.326,6.7,14.9,.451,.456,2.6,4.4,.589,1.8,4.3,6.1,10.9,2.1,0.5,4.1,3.7,18.1,100,108,,paytoel01
91,Jamal Crawford,35,LAC,SG,79,5,2126,8.9,22.1,.404,2.8,8.1,.340,6.2,14.0,.440,.466,5.8,6.4,.904,0.5,2.9,3.4,4.3,1.2,0.3,2.7,2.9,26.4,104,109,6MOY-1,crawfja01
92,Hassan Whiteside,26,MIA,C,73,43,2125,10.0,16.5,.606,0.0,0.0,,10.0,16.5,.606,.606,5.2,7.9,.650,5.7,15.1,20.9,0.7,1.1,6.5,3.3,4.9,25.1,117,95,DPOY-3DEF2,whiteha01
93,Bojan Bogdanović,26,BRK,SF,79,39,2115,7.7,17.8,.433,3.1,8.1,.382,4.6,9.8,.474,.519,2.6,3.1,.833,0.9,5.2,6.1,2.4,0.7,0.1,2.7,2.8,21.1,102,115,,bogdabo02
94,Devin Booker,19,PHO,SG,76,51,2108,8.5,20.0,.423,2.3,6.7,.343,6.2,13.4,.464,.480,5.0,5.9,.840,0.6,3.7,4.3,4.6,1.0,0.5,3.7,5.2,24.2,102,112,ROY-4,bookede01
95,Deron Williams,31,DAL,PG,65,63,2106,7.8,18.7,.414,2.3,6.8,.344,5.4,11.9,.454,.477,4.3,5.0,.869,0.5,4.1,4.6,9.1,1.5,0.3,3.6,3.7,22.2,105,109,,willide01
96,Allen Crabbe,23,POR,SG,81,8,2105,7.4,16.1,.459,2.7,6.8,.393,4.7,9.3,.506,.541,2.3,2.7,.867,0.6,4.5,5.1,2.4,1.5,0.4,1.5,4.6,19.8,114,110,6MOY-16,crabbal01
97,Jared Dudley,30,WAS,PF,81,41,2098,5.4,11.3,.478,2.3,5.5,.420,3.1,5.8,.534,.581,1.7,2.3,.735,1.3,5.4,6.6,4.0,1.7,0.4,1.9,4.4,14.8,114,107,,dudleja01
98,JJ Redick,31,LAC,SG,75,75,2097,10.1,21.0,.480,4.8,10.1,.475,5.3,11.0,.484,.593,4.3,4.9,.888,0.2,3.1,3.3,2.5,1.0,0.1,1.9,3.2,29.3,118,109,,redicjj01
99,Derrick Rose,27,CHI,PG,66,66,2097,10.7,25.1,.427,1.1,3.6,.293,9.6,21.5,.449,.448,3.4,4.3,.793,1.1,4.3,5.4,7.4,1.1,0.3,4.2,2.0,25.8,96,110,,rosede01
100,Mason Plumlee,25,POR,C,82,82,2084,6.4,12.4,.516,0.0,0.1,.000,6.4,12.3,.520,.516,5.2,8.0,.642,4.8,10.2,15.1,5.4,1.6,2.0,3.7,6.1,18.0,112,104,,plumlma01
101,Kent Bazemore,26,ATL,SF,75,68,2083,7.6,17.2,.441,2.6,7.2,.357,5.0,10.0,.502,.517,2.9,3.6,.815,0.7,8.3,9.0,4.1,2.3,0.9,3.3,4.2,20.7,99,100,,bazemke01
102,Emmanuel Mudiay,19,DEN,PG,68,66,2068,8.0,21.9,.364,1.8,5.6,.319,6.2,16.3,.379,.404,3.4,5.1,.670,0.8,4.8,5.6,9.0,1.6,0.8,5.3,3.4,21.1,88,110,ROY-7,mudiaem01
103,Jerami Grant,21,PHI,PF,77,52,2066,6.0,14.2,.419,0.8,3.5,.240,5.1,10.7,.477,.448,5.0,7.6,.658,2.3,6.2,8.6,3.2,1.3,3.0,2.6,5.1,17.8,100,108,,grantje01
104,Danny Green,28,SAS,SG,79,79,2062,5.2,13.9,.376,2.9,8.7,.332,2.4,5.3,.448,.480,0.8,1.1,.739,1.2,6.3,7.5,3.5,2.0,1.6,1.9,3.5,14.2,99,99,,greenda02
105,Jeremy Lin,27,CHO,SG,78,13,2048,7.4,17.8,.412,1.9,5.5,.336,5.5,12.3,.446,.464,5.8,7.2,.815,1.0,5.2,6.2,5.8,1.4,1.0,3.7,4.0,22.4,102,106,6MOY-7,linje01
106,Kristaps Porziņģis,20,NYK,PF,72,72,2047,9.4,22.2,.421,2.0,6.1,.333,7.3,16.1,.454,.467,5.0,6.0,.838,3.3,9.9,13.2,2.4,1.3,3.4,3.0,5.1,25.8,103,103,ROY-2,porzikr01
107,Cory Joseph,24,TOR,SG,80,4,2046,6.5,14.8,.439,0.8,2.8,.273,5.7,12.0,.478,.465,3.4,4.4,.764,1.0,4.3,5.3,6.3,1.6,0.5,2.6,3.3,17.1,106,108,,josepco01
108,Harrison Barnes,23,GSW,SF,66,59,2042,7.0,15.0,.466,1.9,5.1,.383,5.0,9.9,.508,.531,2.4,3.2,.761,1.8,5.9,7.7,2.8,1.0,0.2,1.3,3.2,18.3,114,107,,barneha02
109,Patrick Beverley,27,HOU,PG,71,63,2041,6.2,14.3,.434,3.0,7.5,.400,3.2,6.8,.472,.539,1.4,2.1,.682,1.8,4.3,6.0,5.8,2.3,0.6,2.2,5.6,16.9,114,110,,beverpa01
110,Nikola Vučević,25,ORL,C,65,60,2037,13.1,25.7,.510,0.0,0.2,.222,13.0,25.5,.512,.511,2.8,3.7,.753,4.3,9.9,14.1,4.4,1.3,1.7,3.0,4.2,29.0,106,105,,vucevni01
111,Langston Galloway,24,NYK,PG,82,7,2033,5.8,14.9,.393,1.9,5.7,.344,3.9,9.2,.423,.458,2.2,2.9,.754,1.1,6.2,7.3,5.2,1.9,0.6,1.5,4.5,15.8,105,108,,gallola01
112,José Calderón,34,NYK,PG,72,72,2024,5.3,11.6,.459,2.1,5.2,.414,3.2,6.4,.496,.552,1.1,1.2,.875,0.6,5.3,5.8,7.6,1.6,0.2,2.2,3.4,13.8,114,109,,caldejo01
113,Patrick Patterson,26,TOR,PF,79,0,2020,5.2,12.6,.414,2.7,7.5,.362,2.5,5.1,.490,.521,0.7,0.9,.853,2.0,6.8,8.7,2.4,1.4,0.8,1.7,3.3,13.9,108,107,6MOY-16,pattepa01
114,Zach Randolph,34,MEM,PF,68,53,2016,11.0,23.2,.475,0.2,0.7,.231,10.8,22.5,.482,.479,4.4,5.5,.796,4.6,8.9,13.5,3.6,1.1,0.3,2.7,3.7,26.5,107,109,,randoza01
115,Steven Adams,22,OKC,C,80,80,2014,6.4,10.5,.613,0.0,0.0,,6.4,10.5,.613,.613,2.8,4.8,.582,5.4,7.7,13.1,1.5,1.0,2.2,2.1,5.5,15.7,123,105,,adamsst01
116,Ryan Anderson,27,NOP,PF,66,7,2008,9.8,22.9,.427,3.2,8.8,.366,6.6,14.1,.466,.498,4.9,5.6,.873,3.2,6.5,9.8,1.8,0.9,0.6,2.2,2.7,27.8,108,112,6MOY-6,anderry01
117,Zaza Pachulia,31,DAL,C,76,69,2004,5.6,11.9,.466,0.0,0.1,.000,5.6,11.9,.469,.466,5.4,7.0,.768,6.3,11.9,18.2,3.3,1.6,0.6,3.0,4.6,16.5,113,104,,pachuza01
118,Derrick Favors,24,UTA,PF,62,59,1983,11.1,21.6,.515,0.0,0.1,.000,11.1,21.5,.518,.515,4.8,6.8,.709,4.5,8.9,13.4,2.5,2.0,2.4,2.8,4.0,27.0,111,101,,favorde01
119,Tony Parker,33,SAS,PG,72,72,1980,9.0,18.4,.493,0.7,1.7,.415,8.4,16.7,.501,.512,3.4,4.4,.760,0.4,4.1,4.6,9.8,1.4,0.3,3.4,2.9,22.2,109,103,,parketo01
120,Dante Cunningham,28,NOP,SF,80,46,1971,4.7,10.4,.451,1.4,4.4,.316,3.3,6.0,.550,.518,1.4,2.1,.695,1.4,4.5,5.9,1.9,1.1,0.8,1.0,4.4,12.2,109,112,,cunnida01
121,Isaiah Canaan,24,PHI,SG,77,39,1966,6.5,18.0,.360,4.4,12.1,.363,2.1,5.9,.354,.482,3.7,4.5,.833,0.5,3.8,4.3,3.4,1.4,0.3,2.3,3.3,21.1,102,113,,canaais01
122,Nerlens Noel,21,PHI,C,67,62,1965,7.6,14.6,.521,0.0,0.0,.500,7.6,14.6,.521,.522,3.3,5.7,.590,3.8,9.7,13.5,3.0,2.9,2.5,3.9,4.8,18.6,99,103,,noelne01
123,Garrett Temple,29,WAS,SF,80,43,1951,5.0,12.6,.398,2.2,6.4,.345,2.8,6.2,.453,.486,2.3,3.1,.728,0.9,4.4,5.3,3.5,1.7,0.4,1.6,4.9,14.5,104,108,,templga01
124,Taj Gibson,30,CHI,PF,73,55,1936,6.8,12.9,.526,0.0,0.1,.000,6.8,12.9,.529,.526,2.6,3.8,.692,5.3,7.7,13.1,2.7,1.2,2.0,2.0,4.7,16.2,115,106,,gibsota01
125,Rudy Gobert,23,UTA,C,61,60,1932,5.4,9.7,.559,0.0,0.0,,5.4,9.7,.559,.559,4.4,7.7,.569,5.7,12.6,18.2,2.5,1.2,3.7,3.1,4.5,15.2,112,99,DPOY-7,goberru01
126,Jared Sullinger,23,BOS,PF,81,73,1915,8.9,20.5,.435,0.7,2.6,.282,8.2,17.9,.458,.453,2.6,4.1,.640,4.9,12.2,17.1,4.8,1.9,1.2,2.6,5.3,21.2,103,100,,sullija01
127,Lou Williams,29,LAL,SG,67,35,1907,7.5,18.2,.408,2.9,8.4,.344,4.6,9.8,.464,.488,9.3,11.2,.830,0.8,3.6,4.5,4.4,1.6,0.5,2.8,2.8,27.1,115,114,,willilo02
128,Robert Covington,25,PHI,SF,67,49,1903,7.1,18.3,.385,4.4,12.4,.353,2.7,5.9,.452,.504,3.6,4.6,.791,1.7,9.1,10.8,2.5,2.7,1.0,3.7,6.0,22.1,97,106,,covinro01
129,Ersan İlyasova,28,2TM,PF,74,56,1881,7.5,17.7,.424,2.6,6.9,.371,4.9,10.8,.458,.496,3.0,4.1,.721,3.9,6.9,10.8,1.8,1.4,0.9,1.9,4.6,20.5,109,106,,ilyaser01
129,Ersan İlyasova,28,DET,PF,52,52,1434,7.6,17.9,.425,2.7,7.6,.363,4.9,10.3,.471,.502,2.8,3.8,.725,3.5,6.4,9.9,1.9,1.3,1.0,2.1,4.2,20.7,109,106,,ilyaser01
129,Ersan İlyasova,28,ORL,PF,22,4,447,7.2,17.1,.418,2.0,4.9,.409,5.1,12.2,.422,.477,3.6,5.0,.711,5.0,8.5,13.5,1.3,1.6,0.7,1.3,5.7,19.9,111,107,,ilyaser01
130,Omri Casspi,27,SAC,PF,69,21,1880,7.6,15.9,.481,2.9,7.0,.409,4.8,8.9,.537,.571,2.6,4.1,.648,1.5,9.0,10.5,2.4,1.4,0.4,2.4,3.9,20.8,109,108,,casspom01
131,Roy Hibbert,29,LAL,C,81,81,1878,4.9,11.0,.443,0.0,0.1,.000,4.9,10.9,.445,.443,3.1,3.9,.807,3.5,7.1,10.6,2.5,0.9,2.9,2.0,6.7,12.9,105,110,,hibbero01
132,Brandon Knight,24,PHO,SG,52,50,1870,9.7,23.3,.415,3.1,9.1,.342,6.5,14.2,.461,.482,4.1,4.8,.852,0.9,4.3,5.3,6.9,1.6,0.5,4.6,3.2,26.5,100,111,,knighbr03
133,Matthew Dellavedova,25,CLE,PG,76,14,1867,5.7,14.1,.405,2.7,6.6,.410,3.0,7.5,.401,.501,1.6,1.8,.864,0.9,3.6,4.5,9.3,1.2,0.2,3.2,4.9,15.7,109,108,,dellama01
134,Aaron Gordon,20,ORL,PF,78,37,1863,7.4,15.5,.473,1.1,3.8,.296,6.2,11.7,.531,.509,3.5,5.2,.668,4.1,9.5,13.6,3.4,1.6,1.5,1.8,4.1,19.3,114,105,,gordoaa01
135,Kobe Bryant,37,LAL,SF,66,66,1863,10.7,30.0,.358,3.6,12.6,.285,7.1,17.4,.410,.417,6.3,7.6,.826,1.1,5.6,6.7,5.0,1.7,0.4,3.5,3.1,31.3,95,113,AS,bryanko01
136,Doug McDermott,24,CHI,SF,81,4,1861,7.8,17.3,.452,3.0,7.0,.425,4.9,10.4,.470,.537,1.9,2.3,.857,1.0,4.3,5.3,1.6,0.4,0.2,1.4,3.4,20.6,110,112,,mcderdo01
137,Danilo Gallinari,27,DEN,SF,53,53,1839,7.8,19.1,.410,2.4,6.5,.364,5.5,12.6,.434,.472,10.2,11.8,.868,1.4,6.2,7.7,3.7,1.1,0.5,2.1,2.4,28.2,120,111,,gallida01
138,Jrue Holiday,25,NOP,PG,65,23,1831,11.1,25.3,.439,2.4,7.0,.336,8.7,18.3,.478,.485,4.9,5.9,.843,0.7,4.6,5.3,10.6,2.4,0.6,4.5,4.0,29.5,105,109,6MOY-16,holidjr01
139,Alex Len,22,PHO,C,78,46,1821,7.1,16.7,.423,0.0,0.2,.143,7.0,16.5,.426,.424,4.7,6.4,.728,4.8,11.1,15.9,2.6,1.0,1.7,3.9,6.2,18.8,96,107,,lenal01
140,Ian Mahinmi,29,IND,C,71,71,1816,7.2,12.3,.589,0.0,0.0,,7.2,12.3,.589,.589,3.6,6.2,.587,3.8,10.1,13.9,2.8,1.8,2.1,2.7,6.0,18.1,114,100,,mahinia01
141,Nik Stauskas,22,PHI,SG,73,35,1809,5.7,14.8,.385,2.9,8.8,.326,2.8,6.0,.473,.483,2.5,3.2,.771,0.6,4.3,5.0,3.7,1.2,0.5,2.5,3.1,16.7,98,113,,stausni01
142,Bismack Biyombo,23,TOR,C,82,22,1808,4.5,8.2,.542,0.0,0.0,.000,4.5,8.2,.544,.542,4.1,6.5,.628,5.2,13.5,18.7,0.8,0.5,3.8,2.0,6.4,13.0,118,101,,biyombi01
143,Amir Johnson,28,BOS,PF,79,76,1800,6.7,11.5,.585,0.3,1.2,.233,6.5,10.4,.624,.596,1.9,3.3,.570,4.8,8.9,13.7,3.7,1.4,2.2,2.5,5.8,15.6,117,102,,johnsam01
144,Chandler Parsons,27,DAL,SF,61,51,1799,9.1,18.4,.492,2.9,7.1,.414,6.1,11.3,.540,.571,2.6,3.8,.684,0.8,7.2,8.1,4.8,1.3,0.6,2.7,3.2,23.7,110,108,,parsoch01
145,Marc Gasol,31,MEM,C,52,52,1791,9.4,20.3,.464,0.1,0.1,.667,9.4,20.2,.463,.465,5.8,7.0,.829,1.7,8.7,10.4,5.6,1.4,2.0,3.4,4.1,24.7,105,106,,gasolma01
146,Chris Bosh,31,MIA,PF,53,53,1778,10.3,22.1,.467,2.3,6.4,.365,8.0,15.7,.508,.520,6.1,7.7,.795,1.4,9.9,11.3,3.7,1.0,1.0,2.3,2.9,29.1,114,104,AS,boshch01
147,Cody Zeller,23,CHO,C,73,60,1774,6.5,12.4,.529,0.0,0.3,.100,6.5,12.1,.539,.530,5.0,6.6,.754,3.9,9.0,12.9,2.0,1.6,1.8,1.9,5.8,18.0,119,102,,zelleco01
148,Mike Conley,28,MEM,PG,56,56,1761,8.6,20.3,.422,2.3,6.3,.363,6.3,14.1,.449,.478,5.6,6.7,.834,0.8,4.0,4.8,10.0,2.0,0.5,2.5,2.9,25.0,115,110,,conlemi01
149,Thabo Sefolosha,31,ATL,SF,75,11,1758,5.3,10.5,.505,1.2,3.5,.341,4.1,7.0,.586,.562,1.7,2.8,.626,1.5,7.9,9.4,3.0,2.4,1.0,1.9,3.1,13.5,108,100,,sefolth01
150,Shane Larkin,23,BRK,PG,78,17,1751,6.4,14.4,.442,1.1,3.1,.361,5.3,11.3,.464,.481,2.4,3.1,.776,0.8,4.4,5.2,9.8,2.7,0.3,4.2,3.5,16.3,100,110,,larkish01
151,Terrence Ross,24,TOR,SF,73,7,1747,8.0,18.5,.431,3.9,10.0,.386,4.1,8.5,.484,.536,1.4,1.8,.790,0.6,4.9,5.5,1.7,1.6,0.7,1.4,3.5,21.3,110,107,,rosste01
152,Nikola Jokić,20,DEN,C,80,55,1733,8.9,17.4,.512,0.8,2.4,.333,8.1,14.9,.541,.535,4.5,5.5,.811,5.2,11.0,16.2,5.5,2.3,1.4,3.0,6.0,23.0,118,104,ROY-3,jokicni01
153,Andre Iguodala,32,GSW,SF,65,1,1732,4.9,10.3,.478,1.5,4.3,.351,3.4,6.0,.570,.552,1.4,2.3,.614,1.5,5.9,7.3,6.1,2.0,0.5,2.2,2.8,12.7,115,105,6MOY-2,iguodan01
154,Enes Freedom,23,OKC,C,82,1,1721,11.9,20.7,.576,0.3,0.6,.476,11.7,20.1,.579,.583,5.8,7.2,.797,7.2,12.0,19.2,1.0,0.7,1.0,3.3,4.8,29.9,123,105,6MOY-3,kanteen01
155,Frank Kaminsky,22,CHO,C,81,3,1708,6.3,15.4,.410,2.0,5.9,.337,4.3,9.5,.455,.474,3.2,4.3,.730,2.0,7.8,9.8,2.9,1.1,1.3,1.7,3.7,17.8,105,105,,kaminfr01
156,Bradley Beal,22,WAS,SG,55,35,1708,10.2,22.8,.449,3.0,7.7,.387,7.2,15.1,.481,.515,3.9,5.0,.767,1.2,4.2,5.4,4.6,1.5,0.3,3.2,3.3,27.3,103,108,,bealbr01
157,Kenneth Faried,26,DEN,PF,67,64,1694,10.3,18.5,.558,0.0,0.1,.500,10.3,18.5,.558,.558,4.0,6.6,.613,7.0,10.2,17.2,2.3,0.9,1.8,2.7,5.0,24.7,116,107,,farieke01
158,Stanley Johnson,19,DET,SF,73,6,1687,6.7,18.0,.375,1.9,6.1,.307,4.8,11.8,.410,.428,2.4,3.1,.784,1.7,7.4,9.2,3.5,1.6,0.4,3.4,5.3,17.7,91,106,,johnsst04
159,Mirza Teletović,30,PHO,PF,79,1,1686,9.6,22.5,.427,5.2,13.3,.393,4.4,9.2,.476,.544,3.5,4.5,.774,1.6,7.1,8.7,2.6,0.9,0.6,2.4,4.6,27.9,111,110,6MOY-16,teletmi01
160,Ed Davis,26,POR,PF,81,0,1684,6.1,10.0,.611,0.0,0.0,,6.1,10.0,.611,.611,3.4,6.1,.559,6.7,11.1,17.8,2.6,1.7,2.1,1.9,6.0,15.6,128,104,6MOY-8,davised01
161,Shabazz Muhammad,23,MIN,SF,82,0,1682,9.5,20.4,.465,1.3,4.6,.289,8.2,15.9,.516,.498,5.5,7.3,.764,3.0,5.0,8.0,1.6,0.7,0.2,2.1,2.8,25.9,110,114,,muhamsh01
162,Marco Belinelli,29,SAC,SG,68,7,1672,7.0,18.2,.386,2.6,8.5,.306,4.4,9.7,.456,.457,3.3,4.0,.833,0.3,3.1,3.4,3.6,1.1,0.1,2.3,2.6,20.0,99,113,,belinma01
163,Corey Brewer,29,HOU,SF,82,12,1669,6.2,16.3,.384,1.8,6.6,.272,4.4,9.7,.460,.439,3.1,4.1,.750,1.2,4.6,5.9,3.2,2.5,0.6,2.3,4.9,17.4,98,109,,breweco01
164,Ramon Sessions,29,WAS,PG,82,5,1667,8.2,17.3,.473,1.1,3.2,.324,7.1,14.1,.507,.503,6.3,8.3,.756,0.7,5.2,5.9,7.0,1.3,0.1,3.4,3.0,23.7,109,109,,sessira01
165,J.J. Barea,31,DAL,PG,74,16,1667,9.7,21.7,.446,3.1,7.9,.385,6.6,13.8,.481,.516,2.3,2.9,.771,0.8,3.8,4.6,9.2,0.8,0.1,3.5,3.4,24.7,106,111,6MOY-12,bareajo01
166,Marcus Smart,21,BOS,PG,61,10,1667,5.4,15.5,.348,1.8,7.0,.253,3.6,8.4,.427,.405,3.8,4.9,.777,2.2,5.2,7.5,5.4,2.7,0.5,2.3,5.4,16.3,101,103,,smartma01
167,Kyrie Irving,23,CLE,PG,53,53,1667,12.2,27.1,.448,2.6,8.1,.321,9.6,19.0,.502,.496,5.2,5.9,.885,1.4,3.5,4.8,7.7,1.7,0.6,3.8,3.3,32.1,109,106,,irvinky01
168,Wesley Johnson,28,LAC,SF,80,9,1666,6.3,15.5,.404,3.1,9.3,.333,3.2,6.2,.510,.504,0.9,1.4,.652,1.1,6.3,7.5,1.5,2.7,1.7,1.6,5.2,16.5,98,102,,johnswe01
169,Patty Mills,27,SAS,PG,81,3,1662,8.0,18.9,.425,3.8,9.9,.384,4.2,9.0,.469,.525,1.4,1.8,.810,0.8,4.0,4.9,7.0,1.8,0.2,2.3,3.1,21.3,109,102,,millspa02
170,Michael Carter-Williams,24,MIL,PG,54,37,1649,7.8,17.1,.452,0.5,1.7,.273,7.3,15.4,.472,.466,3.3,5.0,.654,1.5,7.0,8.5,8.7,2.5,1.3,4.7,5.0,19.2,96,107,,cartemi01
171,Nikola Mirotić,24,CHI,PF,66,38,1646,7.6,18.6,.407,4.1,10.5,.390,3.4,8.0,.430,.518,4.4,5.5,.807,1.8,9.3,11.0,3.0,1.8,1.4,3.1,4.6,23.7,107,104,,mirotni01
172,Randy Foye,32,2TM,SG,81,8,1642,5.1,14.7,.351,2.3,7.6,.300,2.9,7.1,.405,.428,1.9,2.3,.824,0.7,4.0,4.7,4.9,1.2,0.9,2.6,4.0,14.4,95,111,,foyera01
172,Randy Foye,32,DEN,SG,54,7,1070,5.5,15.6,.351,2.3,7.9,.296,3.1,7.7,.409,.426,1.8,2.2,.830,0.7,4.2,4.9,5.2,1.2,0.7,2.7,3.9,15.1,94,112,,foyera01
172,Randy Foye,32,OKC,SG,27,1,572,4.5,12.9,.349,2.2,7.0,.309,2.3,5.9,.397,.433,1.9,2.3,.815,0.7,3.7,4.4,4.3,1.1,1.1,2.4,4.2,13.1,99,109,,foyera01
173,Luis Scola,35,TOR,PF,76,76,1636,8.5,18.9,.450,2.1,5.1,.404,6.4,13.8,.467,.504,1.9,2.7,.726,2.7,8.7,11.4,2.1,1.5,0.9,2.1,5.6,21.0,105,105,,scolalu01
174,Trevor Booker,28,UTA,PF,79,2,1632,6.1,12.5,.490,0.4,1.3,.293,5.8,11.2,.513,.505,2.3,3.4,.670,5.4,9.2,14.6,2.7,1.9,1.3,2.6,5.5,15.0,109,102,,booketr01
175,Alonzo Gee,28,NOP,SF,73,38,1632,4.0,7.7,.518,0.5,1.8,.283,3.5,5.9,.590,.551,1.3,2.0,.667,1.8,5.6,7.4,2.2,1.9,0.4,1.7,5.1,9.9,108,110,,geeal01
176,Markieff Morris,26,2TM,PF,64,45,1629,9.1,21.5,.425,1.4,4.6,.303,7.7,16.8,.458,.458,3.2,4.4,.735,2.2,8.3,10.5,3.7,1.7,1.0,4.0,5.5,22.9,93,106,,morrima02
176,Markieff Morris,26,PHO,PF,37,24,917,9.1,22.9,.397,1.2,4.0,.289,7.9,18.9,.420,.422,3.5,4.9,.717,2.3,8.0,10.3,4.6,1.8,0.9,4.8,5.5,22.8,89,108,,morrima02
176,Markieff Morris,26,WAS,PF,27,21,712,9.2,19.7,.467,1.7,5.4,.316,7.5,14.2,.524,.510,2.9,3.8,.764,2.1,8.8,10.8,2.5,1.7,1.2,3.1,5.5,22.9,100,104,,morrima02
177,Dennis Schröder,22,ATL,PG,80,6,1621,10.0,23.8,.421,2.3,7.3,.322,7.7,16.5,.465,.471,4.4,5.5,.791,0.8,5.5,6.2,10.6,2.1,0.3,5.6,4.2,26.8,97,103,6MOY-9,schrode01
178,Tony Allen,34,MEM,SG,64,57,1620,6.8,14.9,.458,0.5,1.3,.357,6.4,13.6,.468,.474,2.9,4.4,.652,3.3,6.1,9.4,2.2,3.5,0.6,2.5,5.6,17.0,101,105,DPOY-8DEF2,allento01
179,Tyson Chandler,33,PHO,C,66,60,1618,5.5,9.5,.583,0.0,0.0,.000,5.5,9.4,.585,.583,3.2,5.1,.620,5.3,12.1,17.3,1.9,1.1,1.3,2.8,4.4,14.2,114,107,,chandty01
180,Wayne Ellington,28,BRK,SG,76,41,1615,6.8,17.5,.389,3.0,8.4,.358,3.8,9.1,.416,.474,1.7,2.0,.857,0.6,4.8,5.4,2.6,1.5,0.2,1.4,2.6,18.3,101,113,,ellinwa01
181,T.J. McConnell,23,PHI,PG,81,17,1606,6.7,14.2,.470,0.9,2.7,.348,5.7,11.4,.499,.503,0.8,1.3,.634,1.3,6.3,7.6,11.2,2.9,0.3,4.3,3.5,15.0,101,108,,mccontj01
182,Lavoy Allen,26,IND,PF,79,28,1599,5.9,11.5,.516,0.0,0.0,,5.9,11.5,.516,.516,1.4,2.3,.630,5.0,8.1,13.2,2.4,0.8,1.3,2.1,4.6,13.3,110,104,,allenla01
183,Jahlil Okafor,20,PHI,C,53,48,1591,12.2,24.1,.508,0.0,0.2,.167,12.2,23.9,.511,.509,4.1,6.0,.686,3.8,7.7,11.5,2.0,0.7,1.9,3.8,4.3,28.6,99,110,ROY-5,okafoja01
184,Gerald Green,30,MIA,SG,69,14,1557,7.6,19.3,.392,2.8,8.6,.323,4.8,10.8,.446,.463,2.4,3.0,.783,0.8,4.5,5.4,1.8,1.3,0.6,1.5,4.1,20.3,99,107,,greenge01
185,Jonas Valančiūnas,23,TOR,C,60,59,1557,10.1,17.8,.565,0.0,0.0,,10.1,17.8,.565,.565,5.4,7.1,.761,6.1,12.0,18.2,1.4,0.8,2.7,2.8,5.2,25.5,120,102,,valanjo01
186,Andre Roberson,24,OKC,SG,70,70,1553,4.3,8.8,.496,1.0,3.3,.311,3.3,5.5,.608,.555,1.1,1.7,.611,2.5,5.5,8.0,1.5,1.7,1.3,1.1,4.3,10.8,119,106,,roberan03
187,Tim Duncan,39,SAS,C,61,60,1536,7.2,14.7,.488,0.0,0.1,.000,7.2,14.6,.490,.488,3.1,4.4,.702,3.8,11.1,14.9,5.4,1.6,2.6,3.0,4.2,17.4,107,96,,duncati01
188,Shaun Livingston,30,GSW,PG,78,3,1520,6.5,12.0,.536,0.1,0.4,.167,6.4,11.7,.548,.538,2.5,3.0,.860,1.3,4.0,5.4,7.5,1.8,0.9,2.5,4.5,15.5,119,106,6MOY-11,livinsh01
189,Darrell Arthur,27,DEN,PF,70,16,1516,7.3,16.2,.452,1.5,3.9,.385,5.8,12.3,.473,.498,1.3,1.8,.755,2.8,6.8,9.7,3.2,1.8,1.6,2.2,6.1,17.4,104,108,,arthuda01
190,Jordan Hill,28,IND,C,73,11,1513,9.1,18.0,.506,0.0,0.0,.000,9.1,18.0,.507,.506,2.9,4.1,.712,5.1,9.7,14.8,2.9,1.2,1.2,3.0,5.1,21.2,106,102,,hilljo01
191,Jerryd Bayless,27,MIL,SG,52,18,1505,6.3,14.8,.423,3.4,7.8,.437,2.8,7.0,.408,.539,2.4,3.0,.778,0.7,4.1,4.8,5.5,1.6,0.4,2.5,3.8,18.3,110,112,,bayleje01
192,Raul Neto,23,UTA,PG,81,53,1499,6.3,14.7,.431,2.3,5.7,.395,4.1,9.0,.453,.507,1.8,2.5,.743,0.6,3.6,4.2,6.1,2.2,0.1,3.8,4.3,16.8,99,106,,netora01
193,Kosta Koufos,26,SAC,C,78,14,1482,7.6,14.4,.532,0.0,0.0,,7.6,14.4,.532,.532,1.8,3.4,.548,5.5,8.2,13.7,1.1,1.3,2.3,1.6,6.0,17.1,113,107,,koufoko01
194,Eric Gordon,27,NOP,SG,45,44,1481,7.7,18.5,.418,3.8,9.8,.384,4.0,8.6,.457,.521,3.7,4.2,.888,0.3,3.0,3.3,4.1,1.4,0.5,2.4,3.3,23.0,108,113,,gordoer01
195,Clint Capela,21,HOU,C,77,35,1471,7.7,13.3,.582,0.0,0.0,.000,7.7,13.2,.583,.582,2.7,7.1,.379,6.5,10.0,16.5,1.6,2.0,3.1,2.0,6.4,18.1,114,104,,capelca01
196,Austin Rivers,23,LAC,SG,67,7,1464,7.7,17.7,.438,2.1,6.3,.335,5.6,11.3,.495,.498,2.7,4.0,.681,0.8,3.7,4.4,3.4,1.6,0.3,2.1,4.7,20.3,101,107,,riverau01
197,C.J. Miles,28,IND,SF,64,24,1464,8.8,21.5,.409,4.8,13.1,.367,4.0,8.4,.474,.521,3.2,4.2,.750,0.8,5.1,5.9,2.1,1.8,1.0,2.4,4.8,25.5,104,104,,milescj01
198,Tayshaun Prince,35,MIN,SF,77,44,1462,3.5,7.9,.445,0.1,0.8,.174,3.4,7.1,.476,.454,0.4,0.7,.684,1.1,4.0,5.1,2.5,1.2,0.4,0.9,2.1,7.6,100,113,,princta01
199,Maurice Harkless,22,POR,SF,78,14,1457,6.7,14.1,.474,1.3,4.8,.279,5.4,9.3,.576,.522,2.4,3.8,.622,3.5,6.1,9.6,2.3,1.7,1.2,2.1,4.3,17.1,110,108,,harklma01
200,Andrew Bogut,31,GSW,C,70,66,1451,5.8,9.3,.627,0.0,0.0,1.000,5.8,9.3,.626,.629,0.8,1.7,.480,4.0,12.4,16.4,5.4,1.1,3.8,2.8,7.4,12.5,120,99,,bogutan01
201,JaMychal Green,25,MEM,PF,78,15,1446,8.2,17.6,.465,0.5,1.6,.333,7.7,16.0,.478,.480,3.7,4.9,.752,4.9,8.3,13.3,2.4,1.6,1.2,3.0,6.7,20.6,105,107,,greenja01
202,Ben McLemore,22,SAC,SG,68,53,1443,6.5,15.1,.429,2.2,6.2,.362,4.3,9.0,.474,.502,2.5,3.4,.718,1.1,3.8,4.9,2.6,1.7,0.3,3.3,4.7,17.7,95,111,,mclembe01
203,Derrick Williams,24,NYK,SF,80,9,1435,9.1,20.2,.450,1.6,5.4,.293,7.5,14.9,.506,.488,6.9,9.2,.758,1.7,8.9,10.6,2.7,1.0,0.3,2.2,2.5,26.7,110,108,,willide02
204,Gerald Henderson,28,POR,SG,72,0,1431,8.1,18.5,.439,1.7,4.8,.353,6.4,13.7,.468,.484,3.9,5.1,.767,1.0,6.3,7.4,2.6,1.4,0.7,2.4,3.0,21.8,104,109,,hendege02
205,Mario Hezonja,20,ORL,SF,79,9,1413,6.4,14.8,.433,2.4,6.8,.349,4.0,8.0,.504,.513,1.7,1.9,.907,1.0,5.2,6.2,3.9,1.4,0.6,3.4,4.4,16.9,97,109,,hezonma01
206,Willie Cauley-Stein,22,SAC,C,66,39,1412,6.5,11.5,.563,0.0,0.1,.000,6.5,11.5,.567,.563,2.8,4.3,.648,4.6,7.4,12.0,1.3,1.6,2.2,1.6,5.0,15.7,119,107,,caulewi01
207,Ty Lawson,28,2TM,PG,66,13,1411,4.9,12.4,.393,1.3,3.8,.333,3.6,8.6,.419,.444,2.1,3.0,.686,0.9,3.3,4.2,8.3,1.8,0.2,3.3,3.0,13.0,100,111,,lawsoty01
207,Ty Lawson,28,HOU,PG,53,12,1176,4.6,12.0,.387,1.3,3.9,.330,3.3,8.1,.415,.441,2.3,3.3,.700,0.8,2.9,3.7,7.5,1.8,0.3,3.4,3.0,12.9,98,112,,lawsoty01
207,Ty Lawson,28,IND,PG,13,1,235,5.9,14.2,.418,1.1,3.0,.357,4.9,11.2,.434,.455,0.6,1.3,.500,1.3,5.3,6.6,12.0,2.1,0.2,2.7,3.4,13.5,106,104,,lawsoty01
208,David West,35,SAS,PF,78,19,1404,8.9,16.3,.545,0.1,0.3,.429,8.8,16.1,.546,.548,2.3,2.9,.788,2.6,8.6,11.3,5.2,1.6,2.0,2.5,5.2,20.2,114,98,,westda01
209,Kelly Olynyk,24,BOS,C,69,8,1395,8.8,19.4,.455,3.0,7.3,.405,5.9,12.1,.486,.531,3.4,4.5,.750,2.5,7.3,9.8,3.7,1.8,1.2,2.6,5.7,24.0,110,103,,olynyke01
210,Boris Diaw,33,SAS,PF,76,4,1386,7.5,14.1,.527,0.9,2.5,.362,6.5,11.6,.564,.560,2.1,2.8,.737,2.1,6.5,8.6,6.5,1.0,0.8,3.6,3.8,17.9,109,102,6MOY-12,diawbo01
211,Trey Lyles,20,UTA,PF,80,33,1382,7.3,16.6,.438,1.9,4.9,.383,5.4,11.8,.461,.494,2.2,3.1,.695,2.3,9.2,11.4,2.3,1.0,0.7,2.5,4.4,18.6,102,105,,lylestr01
212,Mario Chalmers,29,2TM,PG,61,7,1373,6.8,16.6,.410,1.7,5.6,.309,5.1,11.1,.461,.462,8.2,9.8,.832,0.9,5.0,5.9,8.6,3.3,0.5,4.1,6.8,23.5,110,106,,chalmma01
212,Mario Chalmers,29,MIA,PG,6,0,120,4.3,13.7,.313,0.4,4.7,.091,3.8,9.0,.429,.328,5.1,5.6,.923,0.4,5.6,6.0,8.1,3.4,0.4,3.8,6.8,14.1,91,102,,chalmma01
212,Mario Chalmers,29,MEM,PG,55,7,1253,7.1,16.9,.417,1.8,5.7,.326,5.2,11.3,.464,.472,8.5,10.2,.827,0.9,4.9,5.9,8.7,3.3,0.5,4.1,6.8,24.4,111,106,,chalmma01
213,Lance Stephenson,25,2TM,SF,69,13,1372,8.4,17.5,.481,1.1,2.9,.385,7.3,14.7,.500,.513,3.2,4.1,.784,1.5,6.8,8.3,4.9,1.6,0.3,3.5,5.0,21.2,103,107,,stephla01
213,Lance Stephenson,25,LAC,SF,43,10,680,6.0,12.2,.494,1.4,3.5,.404,4.6,8.8,.529,.551,1.5,2.2,.700,1.4,6.6,8.0,4.4,1.8,0.2,3.5,5.8,15.0,100,105,,stephla01
213,Lance Stephenson,25,MEM,SF,26,3,692,10.9,22.9,.474,0.8,2.3,.355,10.0,20.6,.487,.492,4.9,6.0,.815,1.6,7.0,8.6,5.4,1.4,0.4,3.4,4.2,27.4,105,109,,stephla01
214,Myles Turner,19,IND,C,60,30,1367,9.6,19.3,.498,0.1,0.5,.214,9.5,18.7,.506,.501,3.2,4.4,.727,2.5,9.6,12.1,1.5,0.9,3.1,2.4,5.7,22.5,103,101,ROY-8,turnemy01
215,Trey Burke,23,UTA,PG,64,0,1366,10.1,24.5,.413,3.4,9.9,.344,6.7,14.6,.460,.483,2.6,3.2,.817,0.7,3.6,4.3,5.7,1.4,0.2,3.1,3.3,26.2,102,108,,burketr01
216,Brandon Bass,30,LAL,PF,66,0,1342,6.5,11.9,.549,0.0,0.1,.000,6.5,11.8,.552,.549,4.7,5.5,.845,3.9,6.8,10.7,2.8,1.2,2.1,1.6,4.7,17.7,127,111,,bassbr01
217,Anthony Tolliver,30,DET,PF,72,5,1341,4.8,12.5,.386,3.7,10.2,.360,1.1,2.3,.500,.533,1.1,1.8,.617,1.5,7.2,8.6,2.0,1.0,0.6,1.1,3.2,14.4,113,107,,tollian01
218,Meyers Leonard,23,POR,PF,61,10,1333,7.3,16.3,.448,3.2,8.6,.377,4.1,7.8,.527,.547,1.3,1.7,.761,1.9,9.9,11.8,3.5,0.3,0.7,2.9,6.9,19.2,107,109,,leoname01
219,Timofey Mozgov,29,CLE,C,76,48,1326,7.9,13.9,.565,0.0,0.3,.143,7.8,13.7,.574,.567,2.6,3.7,.716,4.3,8.8,13.1,1.3,0.9,2.2,2.8,6.2,18.4,112,103,,mozgoti01
220,Richard Jefferson,35,CLE,SF,74,5,1326,5.6,12.1,.458,2.6,6.7,.382,3.0,5.4,.554,.564,2.3,3.4,.667,0.6,4.4,5.0,2.3,1.3,0.5,1.7,5.0,15.9,112,107,,jefferi01
221,Donald Sloan,28,BRK,PG,61,33,1318,5.9,13.4,.440,1.5,3.8,.384,4.4,9.6,.462,.494,3.0,4.0,.750,0.7,6.0,6.6,10.2,1.2,0.2,3.1,2.8,16.2,110,113,,sloando01
222,Iman Shumpert,25,CLE,SG,54,5,1316,4.5,11.9,.374,1.7,5.7,.295,2.8,6.2,.447,.444,1.6,2.0,.784,1.3,6.7,7.9,3.6,2.1,0.7,2.2,4.7,12.2,97,103,,shumpim01
223,Lance Thomas,27,NYK,PF,59,5,1313,6.6,15.0,.442,1.7,4.3,.404,4.9,10.7,.458,.500,4.0,4.7,.857,1.3,3.8,5.1,2.1,0.9,0.3,2.2,4.3,18.9,107,112,,thomala01
224,P.J. Hairston,23,2TM,SF,66,52,1313,5.6,15.7,.355,2.7,9.3,.290,2.9,6.4,.449,.441,1.9,2.5,.781,1.0,5.7,6.7,1.5,1.2,0.4,1.6,5.3,15.8,93,108,,hairspj02
224,P.J. Hairston,23,CHO,SF,48,43,938,5.3,14.8,.359,2.9,9.2,.314,2.4,5.6,.433,.457,1.8,2.2,.810,1.0,5.9,6.8,1.6,1.3,0.4,1.3,5.7,15.3,97,107,,hairspj02
224,P.J. Hairston,23,MEM,SF,18,9,375,6.3,18.1,.348,2.2,9.5,.232,4.1,8.6,.476,.409,2.2,3.0,.727,1.0,5.4,6.3,1.2,1.1,0.5,2.3,4.3,17.0,86,111,,hairspj02
225,Tony Snell,24,CHI,SF,64,33,1301,4.9,13.1,.372,2.2,6.0,.361,2.7,7.1,.380,.454,1.2,1.3,.909,0.7,6.9,7.7,2.4,0.6,0.7,2.0,3.9,13.0,93,109,,snellto01
226,Devin Harris,32,DAL,PG,64,0,1280,6.6,14.9,.447,2.1,6.3,.329,4.6,8.6,.532,.516,4.0,5.6,.721,0.7,4.8,5.5,4.7,2.4,0.5,2.6,4.9,19.4,107,107,,harride01
227,Rodney Stuckey,29,IND,PG,58,1,1275,7.1,17.3,.413,0.8,3.2,.241,6.3,14.0,.453,.436,5.1,6.2,.829,0.7,5.3,6.1,5.5,1.7,0.3,3.0,3.0,20.1,101,105,,stuckro01
228,Luc Mbah a Moute,29,LAC,PF,75,61,1274,3.7,8.1,.454,0.5,1.6,.325,3.2,6.6,.485,.486,1.2,2.2,.526,2.4,4.4,6.7,1.2,1.7,0.7,1.3,3.9,9.1,101,106,,mbahalu01
229,Larry Nance Jr.,23,LAL,PF,63,22,1266,6.3,11.9,.527,0.0,0.4,.100,6.2,11.5,.541,.528,1.3,1.9,.681,4.0,8.4,12.4,1.7,2.1,0.9,1.6,4.9,13.8,111,109,,nancela02
230,Jerian Grant,23,NYK,PG,76,6,1265,6.3,15.9,.394,0.9,4.1,.220,5.4,11.8,.454,.422,3.9,5.0,.780,0.9,4.9,5.8,7.2,2.0,0.4,3.5,3.9,17.3,97,108,,grantje02
231,E'Twaun Moore,26,CHI,SG,59,22,1263,7.4,15.4,.481,1.9,4.1,.452,5.6,11.3,.491,.541,0.9,1.4,.629,0.8,4.5,5.3,3.9,1.5,0.7,2.1,4.1,17.6,105,109,,mooreet01
232,Toney Douglas,29,NOP,PG,61,18,1262,7.2,17.5,.411,3.2,8.0,.399,4.0,9.5,.421,.502,3.3,3.9,.848,1.0,4.6,5.6,6.2,2.8,0.2,2.5,5.1,20.9,108,109,,douglto01
233,Jason Terry,38,HOU,SG,72,7,1258,5.9,14.7,.402,3.6,10.2,.356,2.3,4.5,.504,.525,1.1,1.3,.818,0.5,2.5,3.1,4.0,1.8,0.4,1.9,3.6,16.5,108,112,,terryja01
234,Jon Leuer,26,PHO,PF,67,27,1255,8.7,18.1,.481,1.6,4.3,.382,7.1,13.8,.511,.526,3.0,3.9,.762,3.0,11.5,14.5,2.8,1.5,1.2,2.9,4.9,22.0,107,106,,leuerjo01
235,Kyle Anderson,22,SAS,SF,78,11,1245,5.7,12.1,.468,0.5,1.5,.324,5.2,10.6,.488,.488,2.5,3.4,.747,1.0,9.0,10.0,5.1,2.5,1.2,2.4,4.0,14.4,104,97,,anderky01
236,Joe Ingles,28,UTA,SF,81,2,1241,5.3,12.4,.426,3.4,8.9,.386,1.8,3.4,.531,.565,0.6,0.8,.722,0.8,5.6,6.4,4.1,2.3,0.2,2.8,4.2,14.5,105,105,,inglejo01
237,Aron Baynes,29,DET,C,81,1,1233,7.9,15.7,.505,0.0,0.1,.000,7.9,15.6,.508,.505,5.2,6.8,.764,5.7,10.0,15.7,2.1,0.9,2.1,2.7,6.2,21.0,114,104,,baynear01
238,Paul Pierce,38,LAC,SF,68,38,1231,5.9,16.2,.363,3.1,9.9,.310,2.8,6.3,.445,.457,2.2,2.7,.818,0.5,7.1,7.6,2.9,1.3,0.7,2.4,5.3,17.0,93,105,,piercpa01
239,Jeremy Lamb,23,CHO,SG,66,0,1227,9.4,20.9,.451,2.3,7.4,.309,7.1,13.5,.529,.506,2.6,3.6,.727,1.8,8.5,10.3,3.1,1.7,1.2,2.0,4.3,23.7,104,103,,lambje01
240,Ronnie Price,32,PHO,PG,62,18,1211,4.7,12.1,.384,2.7,7.9,.347,1.9,4.3,.453,.497,1.2,1.6,.756,1.0,3.0,4.0,5.9,3.0,0.5,2.8,6.5,13.3,102,108,,pricero01
241,Channing Frye,32,2TM,C,70,32,1200,6.4,14.6,.438,3.8,9.9,.387,2.6,4.7,.545,.569,1.3,1.5,.857,1.5,8.4,9.9,3.0,1.2,1.2,1.8,5.3,17.9,113,106,,fryech01
241,Channing Frye,32,ORL,PF,44,29,754,5.4,12.3,.435,3.2,8.0,.397,2.2,4.3,.508,.565,1.3,1.4,.905,1.5,7.8,9.4,3.0,1.4,1.3,2.0,4.7,15.2,111,107,,fryech01
241,Channing Frye,32,CLE,C,26,3,446,8.2,18.6,.441,5.0,13.2,.377,3.2,5.4,.596,.575,1.3,1.6,.786,1.4,9.3,10.7,3.0,0.9,0.9,1.5,6.5,22.6,117,104,,fryech01
242,Norris Cole,27,NOP,PG,45,23,1198,8.1,20.0,.405,1.4,4.2,.324,6.7,15.8,.427,.439,2.2,2.7,.800,0.4,5.8,6.3,6.9,1.5,0.2,3.1,4.2,19.7,94,111,,coleno01
243,Jason Smith,29,ORL,C,76,2,1181,10.3,21.3,.485,0.2,0.7,.250,10.2,20.6,.493,.489,2.3,2.8,.806,2.2,7.0,9.3,2.6,1.4,2.8,2.4,6.9,23.1,100,105,,smithja02
244,Ömer Aşık,29,NOP,C,68,64,1178,4.4,8.2,.533,0.0,0.0,,4.4,8.2,.533,.533,2.6,4.7,.545,5.1,12.4,17.4,1.1,0.9,1.0,2.5,5.2,11.3,106,108,,asikom01
245,D.J. Augustin,28,2TM,PG,62,0,1178,6.3,14.8,.423,2.9,7.1,.405,3.4,7.7,.440,.520,4.4,5.4,.805,0.3,3.7,4.0,8.4,1.6,0.2,3.6,3.6,19.8,113,111,,augusdj01
245,D.J. Augustin,28,OKC,PG,34,0,519,4.4,11.6,.380,2.3,5.8,.393,2.1,5.7,.367,.479,2.5,3.3,.765,0.5,3.6,4.1,6.3,1.2,0.2,2.9,3.9,13.6,106,110,,augusdj01
245,D.J. Augustin,28,DEN,PG,28,0,659,7.8,17.4,.445,3.3,8.1,.411,4.4,9.3,.475,.541,5.9,7.2,.819,0.2,3.7,4.0,10.0,1.9,0.2,4.1,3.3,24.7,116,111,,augusdj01
246,Jonas Jerebko,28,BOS,PF,78,0,1176,4.9,11.9,.413,1.8,4.5,.398,3.1,7.4,.421,.488,2.5,3.2,.782,3.2,8.7,11.9,2.6,0.8,1.0,2.2,5.7,14.1,107,104,,jerebjo01
247,Noah Vonleh,20,POR,PF,78,56,1174,5.0,11.8,.421,0.5,2.0,.239,4.5,9.9,.457,.441,1.6,2.2,.745,3.9,9.1,13.0,1.3,1.2,1.1,2.1,6.5,12.1,98,107,,vonleno01
248,Blake Griffin,26,LAC,PF,35,35,1170,12.9,25.8,.499,0.3,0.8,.333,12.6,25.1,.504,.504,6.0,8.3,.727,2.2,10.4,12.6,7.3,1.2,0.7,3.6,4.1,32.1,108,103,,griffbl01
249,JaKarr Sampson,22,2TM,SF,73,40,1160,6.0,13.5,.442,0.6,2.7,.222,5.4,10.8,.496,.464,3.4,5.2,.656,2.0,6.1,8.1,2.0,1.0,1.4,3.0,6.1,15.9,94,110,,sampsja02
249,JaKarr Sampson,22,PHI,SF,47,18,691,6.1,14.3,.426,0.4,2.4,.176,5.7,11.9,.476,.441,4.4,6.9,.639,2.1,7.0,9.1,2.1,0.8,1.1,3.6,6.5,17.0,90,111,,sampsja02
249,JaKarr Sampson,22,DEN,SF,26,22,469,5.8,12.3,.470,0.9,3.1,.276,4.9,9.2,.535,.504,1.9,2.7,.720,1.7,4.8,6.5,1.7,1.3,1.8,2.0,5.5,14.3,102,110,,sampsja02
250,Mike Scott,27,ATL,PF,75,0,1146,7.6,16.2,.468,2.7,6.8,.392,4.9,9.4,.523,.551,2.2,2.7,.794,2.3,6.6,8.9,3.4,1.1,0.7,1.8,4.4,20.0,112,104,,scottmi01
251,Manu Ginóbili,38,SAS,SG,58,0,1134,8.9,19.6,.453,3.2,8.1,.391,5.7,11.6,.496,.533,4.1,5.1,.813,1.2,5.4,6.6,8.0,3.0,0.5,4.5,4.5,25.1,107,98,,ginobma01
252,Archie Goodwin,21,PHO,PG,57,13,1114,7.7,18.5,.417,1.0,4.3,.232,6.7,14.1,.474,.444,5.7,8.4,.674,1.2,5.0,6.2,5.2,1.2,0.6,4.4,3.7,22.1,95,111,,goodwar01
253,Marcus Thornton,28,2TM,SG,61,8,1109,9.6,24.0,.399,4.0,11.9,.337,5.5,12.0,.460,.482,3.0,3.5,.848,1.7,5.0,6.6,3.8,2.1,0.2,2.3,4.0,26.1,104,110,,thornma01
253,Marcus Thornton,28,HOU,SG,47,6,885,9.7,24.2,.400,4.1,12.0,.338,5.6,12.2,.461,.484,2.8,3.2,.879,1.7,4.7,6.4,3.7,1.9,0.2,2.2,4.1,26.2,105,111,,thornma01
253,Marcus Thornton,28,WAS,SG,14,2,224,9.1,23.3,.393,3.9,11.8,.333,5.2,11.5,.453,.477,3.5,4.6,.762,1.5,6.1,7.6,4.1,2.8,0.2,2.4,3.7,25.7,101,105,,thornma01
254,Aaron Brooks,31,CHI,PG,69,0,1108,8.5,21.2,.401,3.0,8.4,.357,5.5,12.9,.430,.471,2.2,2.9,.766,1.0,3.6,4.6,8.1,1.4,0.5,3.7,6.0,22.2,99,109,,brookaa01
255,Josh Richardson,22,MIA,SG,52,2,1107,5.7,12.6,.452,2.5,5.3,.461,3.2,7.3,.446,.550,1.9,2.9,.667,1.0,4.0,5.0,3.4,1.7,1.2,1.6,5.0,15.8,112,106,,richajo01
256,Bobby Portis,20,CHI,PF,62,4,1102,8.5,19.8,.427,0.7,2.4,.308,7.7,17.5,.443,.445,2.2,3.0,.727,5.6,9.7,15.3,2.4,1.1,1.0,2.5,4.5,19.8,100,106,,portibo01
257,Al Jefferson,31,CHO,C,47,18,1096,11.2,23.1,.485,0.0,0.0,,11.2,23.1,.485,.485,3.3,5.1,.649,2.6,11.2,13.8,3.2,1.4,1.9,1.6,5.4,25.7,105,102,,jeffeal01
258,Kevin Martin,32,2TM,SG,55,13,1095,7.2,19.4,.372,2.3,6.3,.360,4.9,13.1,.378,.431,7.1,7.9,.890,0.6,4.4,5.1,2.7,1.2,0.1,2.5,3.8,23.7,103,111,,martike02
258,Kevin Martin,32,MIN,SG,39,12,834,7.6,20.2,.377,2.3,6.2,.369,5.3,14.0,.381,.434,7.6,8.6,.880,0.6,4.3,4.9,2.8,1.0,0.1,2.5,4.1,25.1,104,114,,martike02
258,Kevin Martin,32,SAS,SG,16,1,261,5.9,16.7,.353,2.2,6.5,.333,3.7,10.2,.365,.418,5.5,5.9,.933,0.8,4.9,5.7,2.4,1.8,0.4,2.5,2.9,19.4,99,101,,martike02
259,Nenê,33,WAS,PF,57,11,1094,9.3,17.1,.544,0.0,0.1,.000,9.3,17.0,.549,.544,4.8,8.2,.578,2.3,9.2,11.5,4.3,2.4,1.2,3.4,7.0,23.4,106,103,,hilarne01
260,O.J. Mayo,28,MIL,SG,41,24,1090,5.6,15.0,.371,2.4,7.6,.321,3.1,7.4,.421,.452,1.4,1.9,.775,0.6,4.3,4.9,5.5,2.2,0.4,3.4,5.9,15.0,91,110,,mayooj01
261,Leandro Barbosa,33,GSW,SG,68,0,1079,7.7,16.6,.462,1.7,4.9,.355,5.9,11.6,.508,.515,2.3,2.8,.839,1.3,4.0,5.2,3.7,2.0,0.4,2.4,4.8,19.4,106,106,,barbole01
262,Nemanja Bjelica,27,MIN,PF,60,0,1075,5.2,11.0,.468,2.3,5.9,.384,2.9,5.2,.564,.570,1.9,2.6,.727,2.3,7.5,9.8,3.9,1.2,1.0,2.2,7.2,14.4,114,110,,bjeline01
263,T.J. Warren,22,PHO,SF,47,4,1070,10.1,20.1,.501,1.3,3.2,.400,8.8,16.9,.520,.533,2.0,2.9,.703,2.6,4.1,6.7,2.0,1.7,0.7,1.5,4.3,23.4,112,110,,warretj01
264,Eric Bledsoe,26,PHO,PG,31,31,1059,10.3,22.6,.453,2.2,5.9,.372,8.1,16.7,.482,.502,6.3,7.9,.802,0.8,4.9,5.8,8.7,2.9,0.9,5.1,3.5,29.1,107,107,,bledser01
265,Shelvin Mack,25,2TM,PG,52,27,1058,9.0,20.5,.439,1.9,6.2,.312,7.0,14.3,.493,.486,2.2,3.0,.738,0.6,5.7,6.3,9.2,1.7,0.1,4.7,3.5,22.1,99,106,,macksh01
265,Shelvin Mack,25,ATL,PG,24,0,179,11.0,26.2,.421,1.1,7.5,.148,9.9,18.8,.529,.442,2.5,3.3,.750,0.6,5.5,6.1,10.5,2.2,0.0,3.9,1.9,25.7,95,103,,macksh01
265,Shelvin Mack,25,UTA,PG,28,27,879,8.5,19.2,.444,2.1,5.9,.357,6.4,13.3,.482,.498,2.2,2.9,.735,0.7,5.7,6.4,8.9,1.6,0.2,4.9,3.9,21.3,100,106,,macksh01
266,Brandon Rush,30,GSW,SG,72,25,1055,5.1,11.9,.427,3.0,7.2,.414,2.1,4.7,.447,.552,0.8,1.3,.643,1.0,7.3,8.3,2.6,0.9,1.1,1.5,2.6,14.0,108,106,,rushbr01
267,Terrence Jones,24,HOU,PF,50,11,1044,7.8,17.3,.452,1.2,3.7,.316,6.6,13.6,.490,.486,3.6,5.5,.664,2.9,7.0,9.9,1.9,1.1,1.8,2.3,4.1,20.4,104,109,,joneste01
268,Joffrey Lauvergne,24,DEN,C,59,15,1041,9.4,18.3,.513,0.6,2.6,.245,8.8,15.8,.557,.530,3.0,3.3,.899,3.7,10.3,14.0,2.7,0.6,0.7,2.6,5.5,22.4,111,109,,lauvejo01
269,Jameer Nelson,33,DEN,PG,39,15,1036,5.5,14.9,.368,2.1,7.0,.299,3.4,7.9,.429,.438,1.5,1.7,.857,0.9,4.6,5.6,9.2,1.2,0.2,3.2,4.8,14.5,99,112,,nelsoja01
270,Spencer Hawes,27,CHO,PF,57,6,1035,6.0,14.8,.405,1.8,4.9,.373,4.2,9.9,.422,.467,2.6,3.2,.831,2.5,9.4,11.8,5.3,1.1,1.3,2.8,5.4,16.5,103,104,,hawessp01
271,Nick Young,30,LAL,SG,54,2,1033,6.1,18.1,.339,3.7,11.5,.325,2.4,6.6,.363,.442,3.1,3.7,.829,0.7,4.0,4.7,1.7,1.1,0.3,1.5,2.4,19.1,98,115,,youngni01
272,Jarrett Jack,32,BRK,PG,32,32,1027,6.9,17.6,.391,1.5,5.0,.304,5.3,12.6,.426,.434,4.9,5.5,.893,0.4,6.2,6.7,11.6,1.7,0.3,4.6,3.8,20.2,101,112,,jackja01
273,Vince Carter,39,MEM,SG,60,3,1005,6.8,17.6,.388,3.0,8.7,.349,3.8,8.9,.425,.474,3.6,4.3,.833,1.6,5.9,7.5,2.9,1.9,0.8,1.8,5.2,20.2,107,108,,cartevi01
274,Rashad Vaughn,19,MIL,SG,70,6,1001,4.1,13.5,.305,2.2,7.5,.293,1.9,6.1,.319,.385,0.6,0.8,.800,0.6,3.9,4.5,2.0,1.5,0.8,1.4,3.7,11.0,83,112,,vaughra01
275,Dwight Powell,24,DAL,PF,69,2,992,7.5,15.2,.493,0.1,0.8,.125,7.4,14.4,.514,.497,5.4,7.3,.739,4.3,9.7,14.0,2.3,1.8,1.2,2.1,6.1,20.5,114,104,,poweldw01
276,Steve Blake,35,DET,PG,58,2,986,4.8,12.3,.388,2.7,7.7,.344,2.1,4.6,.461,.496,0.8,1.0,.800,0.5,4.1,4.6,10.2,1.2,0.3,4.1,3.6,13.0,101,108,,blakest01
277,Markel Brown,24,BRK,SG,62,6,982,6.5,16.5,.394,2.0,6.2,.314,4.6,10.3,.443,.453,3.6,4.8,.755,1.2,5.1,6.3,4.7,2.0,0.8,2.8,4.8,18.6,99,111,,brownma02
278,Kyle Singler,27,OKC,SF,68,2,977,4.4,11.2,.389,1.5,4.9,.309,2.8,6.3,.452,.457,1.5,2.2,.659,2.5,4.6,7.2,1.2,1.5,0.5,1.6,6.1,11.7,102,108,,singlky01
279,John Henson,25,MIL,C,57,1,960,8.7,15.4,.564,0.0,0.1,.000,8.7,15.4,.566,.564,3.7,6.2,.590,4.6,7.1,11.7,2.9,1.0,5.8,3.4,7.0,21.1,108,105,,hensojo01
280,Chase Budinger,27,2TM,SF,66,2,929,5.5,12.7,.435,1.3,4.6,.279,4.3,8.1,.523,.485,2.1,3.0,.696,2.3,5.7,8.0,3.4,1.7,0.5,2.3,3.3,14.4,102,106,,budinch01
280,Chase Budinger,27,IND,SF,49,2,729,5.5,13.2,.418,1.4,4.7,.290,4.2,8.5,.488,.469,2.3,3.3,.708,2.1,6.1,8.2,3.3,2.0,0.6,2.1,3.1,14.7,102,104,,budinch01
280,Chase Budinger,27,PHO,SF,17,0,200,5.6,11.0,.511,1.0,4.1,.235,4.6,6.8,.679,.556,1.2,1.9,.625,2.9,4.1,7.1,3.7,0.7,0.2,3.2,3.9,13.4,104,113,,budinch01
281,Anthony Morrow,30,OKC,SG,68,6,926,7.3,17.9,.408,4.2,10.9,.387,3.1,6.9,.442,.527,1.6,2.1,.744,0.5,2.8,3.3,1.3,1.2,0.3,0.9,3.4,20.4,114,110,,morroan01
282,James Johnson,28,TOR,PF,57,32,926,6.4,13.4,.475,1.1,3.7,.303,5.2,9.7,.540,.517,2.2,3.8,.574,1.6,5.5,7.0,3.7,1.6,1.8,3.0,4.7,16.0,101,106,,johnsja01
283,Thomas Robinson,24,BRK,PF,71,7,917,7.1,16.0,.447,0.0,0.1,.000,7.1,15.9,.448,.447,2.6,6.0,.431,7.5,12.3,19.7,2.5,2.1,2.0,3.8,6.1,16.9,94,105,,robinth01
284,Sasha Vujačić,31,NYK,SG,61,25,908,6.0,15.7,.383,2.9,8.1,.364,3.1,7.6,.403,.477,1.8,2.2,.821,1.5,7.0,8.4,4.8,1.9,0.3,2.5,4.7,16.8,101,107,,vujacsa01
285,David Lee,32,2TM,PF,55,5,903,9.8,18.5,.531,0.0,0.1,.000,9.8,18.4,.533,.531,3.9,5.1,.763,5.6,11.2,16.8,4.6,1.2,1.5,3.6,6.3,23.5,111,103,,leeda02
285,David Lee,32,BOS,PF,30,4,470,9.0,19.9,.453,0.0,0.1,.000,9.0,19.8,.455,.453,4.1,5.3,.784,4.3,9.2,13.5,5.6,1.2,1.3,3.9,5.3,22.2,101,103,,leeda02
285,David Lee,32,DAL,PF,25,1,433,10.7,16.8,.636,0.0,0.0,,10.7,16.8,.636,.636,3.6,4.9,.738,7.1,13.5,20.6,3.5,1.2,1.8,3.3,7.4,25.0,125,102,,leeda02
286,Josh Smith,30,2TM,PF,55,7,880,7.2,19.7,.364,2.3,8.1,.287,4.9,11.6,.417,.423,2.1,3.8,.552,2.9,8.0,10.8,5.1,1.9,2.7,4.3,6.7,18.7,88,103,,smithjo03
286,Josh Smith,30,LAC,PF,32,1,459,7.5,19.7,.383,2.0,6.3,.310,5.6,13.3,.418,.433,2.7,4.6,.595,3.6,10.0,13.6,4.6,2.0,3.7,4.5,6.8,19.8,90,99,,smithjo03
286,Josh Smith,30,HOU,PF,23,6,421,6.8,19.7,.343,2.7,9.9,.271,4.1,9.8,.417,.411,1.4,2.9,.480,2.1,5.7,7.8,5.6,1.9,1.5,4.2,6.5,17.6,86,109,,smithjo03
287,Quincy Acy,25,SAC,PF,59,29,876,6.5,11.7,.556,1.0,2.7,.388,5.5,9.0,.606,.600,2.7,3.7,.735,3.6,6.7,10.3,1.5,1.6,1.3,1.5,5.6,16.8,124,108,,acyqu01
288,Miles Plumlee,27,MIL,C,61,14,870,8.2,13.6,.601,0.0,0.0,,8.2,13.6,.601,.601,2.0,3.5,.576,5.5,8.1,13.6,0.9,1.2,2.9,2.3,4.3,18.4,115,107,,plumlmi01
289,Marcelo Huertas,32,LAL,PG,53,0,869,5.6,13.3,.422,0.9,3.5,.262,4.7,9.8,.479,.457,1.6,1.7,.931,1.0,4.2,5.2,10.5,1.5,0.4,4.6,4.4,13.7,95,114,,huertma01
290,Brandon Jennings,26,2TM,PG,48,7,868,6.5,17.6,.368,3.0,9.0,.329,3.5,8.6,.409,.452,3.3,4.5,.731,0.9,4.6,5.6,9.8,1.7,0.4,3.3,3.3,19.2,105,108,,jennibr01
290,Brandon Jennings,26,DET,PG,23,1,416,6.4,17.3,.371,2.9,9.3,.312,3.5,8.0,.439,.455,3.3,4.6,.711,0.6,5.0,5.6,8.5,1.3,0.2,2.7,2.9,19.0,107,108,,jennibr01
290,Brandon Jennings,26,ORL,PG,25,6,452,6.5,17.8,.366,3.0,8.6,.346,3.5,9.2,.386,.450,3.3,4.4,.750,1.2,4.3,5.5,11.1,2.0,0.6,3.9,3.7,19.4,103,108,,jennibr01
291,Solomon Hill,24,IND,SF,59,3,866,5.3,11.9,.447,1.4,4.2,.324,4.0,7.7,.515,.505,2.1,2.4,.857,2.2,7.3,9.5,3.3,2.1,0.6,1.9,3.9,14.1,110,103,,hillso01
292,Tim Hardaway Jr.,23,ATL,SG,51,1,864,6.5,15.2,.430,2.7,8.2,.336,3.8,7.0,.541,.521,2.9,3.2,.893,0.4,4.5,4.9,2.9,1.2,0.4,1.3,2.7,18.6,110,106,,hardati02
293,Tyler Johnson,23,MIA,SG,36,5,863,7.0,14.4,.486,1.6,4.2,.380,5.4,10.2,.529,.541,3.0,3.8,.797,1.7,4.8,6.5,4.7,1.4,0.8,2.8,3.9,18.7,111,107,,johnsty01
294,Alexis Ajinça,27,NOP,C,59,17,861,8.6,18.1,.476,0.0,0.1,.000,8.6,18.1,.478,.476,3.0,3.6,.839,4.3,11.2,15.5,1.8,1.1,2.1,3.1,7.7,20.3,100,107,,ajincal01
295,Chris Johnson,25,UTA,SF,70,2,857,4.4,11.9,.371,1.7,6.1,.273,2.8,5.8,.474,.441,2.1,2.6,.810,1.7,6.5,8.1,2.8,2.0,1.2,2.5,6.2,12.6,96,104,,johnsch04
296,Johnny O'Bryant,22,MIL,PF,66,4,857,5.1,12.4,.411,0.1,0.1,1.000,5.1,12.4,.409,.414,1.6,2.4,.675,3.9,6.6,10.5,1.9,1.1,0.5,1.8,5.9,11.9,96,111,,obryajo01
297,Luke Babbitt,26,NOP,SF,47,13,845,7.2,17.0,.422,2.6,6.4,.404,4.6,10.6,.433,.498,2.3,2.9,.780,1.5,7.2,8.7,3.1,0.6,0.4,1.3,5.3,19.2,107,112,,babbilu01
298,Kris Humphries,30,3TM,PF,53,17,835,7.1,17.3,.410,2.0,6.3,.315,5.1,11.0,.465,.468,3.9,4.9,.798,3.3,9.4,12.8,2.1,0.9,1.3,2.2,5.5,20.1,104,104,,humphkr01
298,Kris Humphries,30,WAS,PF,28,14,466,6.7,16.5,.405,2.4,7.0,.343,4.3,9.5,.451,.478,3.0,3.2,.935,2.7,9.3,12.0,1.7,0.3,1.5,2.1,4.4,18.8,103,107,,humphkr01
298,Kris Humphries,30,PHO,PF,4,3,74,6.6,23.7,.278,2.0,6.6,.300,4.6,17.1,.269,.319,4.0,5.3,.750,7.2,13.8,21.1,4.6,2.0,1.3,2.6,5.3,19.1,91,104,,humphkr01
298,Kris Humphries,30,ATL,PF,21,0,295,7.9,16.9,.465,1.3,5.2,.258,6.5,11.7,.557,.505,5.4,7.5,.711,3.4,8.5,11.9,2.2,1.7,1.2,2.3,7.4,22.4,108,101,,humphkr01
299,Marreese Speights,28,GSW,C,72,0,832,11.4,26.5,.432,1.4,3.6,.387,10.0,22.9,.439,.458,5.5,6.6,.825,4.5,9.4,13.9,3.5,1.1,2.0,3.8,6.8,29.7,102,103,,speigma01
300,Pablo Prigioni,38,LAC,PG,59,3,823,3.3,9.0,.374,1.7,5.8,.295,1.6,3.2,.519,.469,0.4,0.5,.875,2.3,4.6,6.9,7.9,3.2,0.1,3.0,5.0,8.8,103,104,,prigipa01
301,Andrew Nicholson,26,ORL,PF,56,0,823,8.9,18.8,.471,2.5,6.9,.360,6.4,11.9,.536,.537,3.1,3.9,.785,2.1,10.1,12.2,1.5,0.6,1.3,2.5,4.2,23.3,106,107,,nichoan01
302,Jonathon Simmons,26,SAS,SG,55,2,813,7.7,15.2,.504,1.1,3.0,.383,6.5,12.3,.533,.541,4.3,5.8,.750,1.0,5.0,6.0,3.7,1.5,0.3,3.3,6.5,20.8,106,102,,simmojo02
303,Gary Neal,31,WAS,SG,40,2,807,9.1,19.6,.465,2.5,6.0,.410,6.6,13.6,.489,.528,2.8,3.3,.855,0.7,4.3,5.0,2.8,1.2,0.1,1.8,3.3,23.6,107,109,,nealga01
304,Cole Aldrich,27,LAC,C,60,5,800,8.4,14.1,.596,0.0,0.0,,8.4,14.1,.596,.596,3.8,5.3,.714,5.4,12.7,18.0,3.1,2.9,4.3,4.0,8.7,20.5,113,94,,aldrico01
305,Alec Burks,24,UTA,SG,31,3,797,9.1,22.1,.410,2.1,5.2,.405,6.9,16.9,.412,.458,7.0,9.3,.752,1.1,6.2,7.2,4.2,1.2,0.3,3.4,4.7,27.3,104,107,,burksal01
306,DeMarre Carroll,29,TOR,SF,26,22,786,6.9,17.8,.389,3.0,7.8,.390,3.9,10.0,.388,.474,2.0,3.3,.600,2.0,6.0,8.0,1.8,2.9,0.4,1.8,4.1,18.8,100,104,,carrode01
307,Justin Holiday,26,2TM,SG,53,5,773,5.7,14.7,.386,2.3,6.8,.343,3.4,7.9,.423,.465,1.7,2.4,.730,0.8,5.0,5.8,3.6,2.1,1.2,2.5,3.9,15.4,94,105,,holidju01
307,Justin Holiday,26,ATL,SG,26,1,263,4.5,13.7,.329,1.9,8.5,.222,2.6,5.3,.500,.397,0.9,1.9,.500,0.8,4.3,5.1,2.1,2.4,0.8,2.4,3.9,11.8,77,103,,holidju01
307,Justin Holiday,26,CHI,SG,27,4,510,6.3,15.2,.413,2.6,5.9,.433,3.7,9.3,.400,.497,2.2,2.7,.815,0.8,5.4,6.2,4.4,1.9,1.5,2.6,3.9,17.3,102,106,,holidju01
308,Festus Ezeli,26,GSW,C,46,13,770,7.8,14.3,.548,0.0,0.0,,7.8,14.3,.548,.548,4.4,8.3,.530,5.7,10.4,16.1,2.0,1.1,3.1,2.4,5.9,20.1,114,101,,ezelife01
309,Tyreke Evans,26,NOP,SG,25,25,765,8.8,20.4,.433,2.1,5.5,.388,6.7,14.8,.450,.486,4.8,6.0,.796,1.3,7.1,8.4,10.6,2.1,0.5,4.7,4.3,24.6,105,109,,evansty01
310,Kyle O'Quinn,25,NYK,PF,65,1,764,8.7,18.2,.476,0.3,1.5,.227,8.3,16.8,.498,.485,3.1,4.0,.767,5.1,11.7,16.8,4.8,1.3,3.3,4.1,7.2,20.8,102,102,,oquinky01
311,Amar'e Stoudemire,33,MIA,C,52,36,762,8.4,14.9,.566,0.0,0.0,,8.4,14.9,.566,.566,3.4,4.5,.746,4.4,10.6,14.9,1.8,1.2,2.8,3.2,6.2,20.2,111,101,,stoudam01
312,Mo Williams,33,CLE,PG,41,14,748,9.1,20.8,.437,2.5,7.0,.353,6.6,13.8,.480,.497,2.6,2.9,.905,0.4,4.5,5.0,6.7,1.0,0.3,3.9,4.1,23.3,102,108,,willima01
313,Tim Frazier,25,2TM,PG,51,2,741,6.4,15.4,.419,1.1,3.2,.333,5.4,12.2,.442,.454,3.6,5.0,.716,1.7,5.6,7.4,10.9,2.2,0.1,4.4,4.9,17.5,103,109,,fraziti01
313,Tim Frazier,25,POR,PG,35,1,272,3.7,11.0,.333,0.6,3.1,.176,3.1,7.9,.395,.358,1.5,2.8,.533,2.0,5.1,7.2,7.7,1.8,0.2,5.0,5.7,9.4,81,109,,fraziti01
313,Tim Frazier,25,NOP,PG,16,1,469,8.0,17.9,.450,1.4,3.3,.419,6.7,14.6,.457,.488,4.8,6.2,.763,1.6,5.9,7.5,12.7,2.4,0.1,4.0,4.4,22.2,111,109,,fraziti01
314,Norman Powell,22,TOR,SG,49,24,725,6.9,16.3,.424,2.6,6.3,.404,4.3,10.0,.436,.502,3.1,3.8,.811,1.1,6.8,7.9,3.4,2.1,0.7,2.3,4.2,19.5,107,105,,powelno01
315,James Anderson,26,SAC,SG,51,15,721,4.5,11.9,.376,1.5,5.7,.267,2.9,6.1,.478,.441,1.5,1.9,.759,0.9,4.9,5.7,2.7,1.4,0.9,2.8,3.6,11.9,87,111,,anderja01
316,Tyler Zeller,26,BOS,C,60,3,710,9.5,19.9,.476,0.0,0.0,,9.5,19.9,.476,.476,6.0,7.4,.815,4.3,8.0,12.2,2.0,0.7,1.5,3.2,6.7,25.0,106,105,,zellety01
317,Beno Udrih,33,2TM,PG,44,5,707,6.2,14.4,.434,1.1,3.2,.341,5.2,11.2,.461,.472,1.3,1.5,.900,0.6,4.6,5.2,8.4,1.0,0.1,3.8,3.7,14.9,97,109,,udrihbe01
317,Beno Udrih,33,MEM,PG,8,0,120,8.6,19.7,.435,1.7,4.7,.364,6.9,15.0,.457,.478,1.3,1.3,1.000,0.9,3.0,3.9,11.2,1.3,0.4,4.7,4.7,20.2,99,112,,udrihbe01
317,Beno Udrih,33,MIA,PG,36,5,587,5.8,13.3,.434,1.0,2.9,.333,4.8,10.4,.462,.470,1.3,1.5,.882,0.5,5.0,5.5,7.9,1.0,0.0,3.7,3.5,13.8,96,108,,udrihbe01
318,Dewayne Dedmon,26,ORL,C,58,20,705,7.0,12.6,.559,0.0,0.0,,7.0,12.6,.559,.559,4.0,5.4,.750,4.8,11.4,16.2,0.9,1.6,3.3,2.3,7.7,18.1,117,102,,dedmode01
319,Mike Dunleavy,35,CHI,SF,31,30,703,5.5,13.4,.410,2.8,7.1,.394,2.7,6.3,.427,.513,2.1,2.6,.784,0.6,5.3,5.9,2.8,1.0,0.7,1.9,4.7,15.8,105,109,,dunlemi02
320,Richaun Holmes,22,PHI,PF,51,1,702,8.0,15.5,.514,0.6,3.1,.182,7.4,12.4,.596,.532,3.6,5.2,.689,4.3,5.1,9.4,2.3,1.3,2.8,2.2,6.4,20.0,111,109,,holmeri01
321,Nick Collison,35,OKC,PF,59,4,699,3.6,7.7,.459,0.0,0.1,.000,3.6,7.6,.467,.459,1.6,2.3,.697,4.8,7.3,12.1,3.7,1.1,1.1,3.6,7.6,8.7,99,107,,collini01
322,Cameron Payne,21,OKC,PG,57,1,698,8.1,19.8,.410,2.6,7.9,.324,5.5,11.9,.467,.475,1.4,1.7,.792,0.6,5.4,6.0,7.7,2.6,0.4,3.1,5.7,20.1,104,105,,payneca01
323,Seth Curry,25,SAC,PG,44,9,692,7.1,15.5,.455,3.5,7.7,.450,3.6,7.8,.460,.567,3.1,3.7,.833,0.6,3.5,4.2,4.6,1.5,0.2,2.5,2.8,20.7,114,112,,curryse01
324,Kelly Oubre Jr.,20,WAS,SF,63,9,671,6.5,15.3,.427,1.8,5.7,.316,4.7,9.6,.492,.486,2.3,3.6,.633,1.8,7.8,9.7,0.9,1.6,0.5,2.5,7.3,17.1,93,106,,oubreke01
325,Charlie Villanueva,31,DAL,PF,62,4,665,9.6,25.0,.382,3.6,13.2,.273,6.0,11.9,.503,.454,1.7,1.8,.917,1.8,9.8,11.6,1.8,1.4,1.1,2.4,5.4,24.4,92,105,,villach01
326,Jeff Withey,25,UTA,C,51,10,658,7.0,13.0,.537,0.0,0.2,.000,7.0,12.8,.544,.537,3.4,4.7,.729,4.5,9.4,13.9,1.6,1.7,4.2,2.2,6.0,17.4,115,99,,witheje01
327,C.J. Watson,31,ORL,PG,33,2,656,3.6,10.4,.343,1.1,3.7,.292,2.5,6.8,.371,.394,2.6,3.0,.872,0.8,4.3,5.0,6.7,1.4,0.4,1.9,3.7,10.8,102,110,,watsocj01
328,Tyler Ennis,21,MIL,PG,46,7,654,6.5,14.6,.449,1.0,3.0,.333,5.5,11.5,.480,.484,1.9,2.6,.735,1.0,4.8,5.8,7.4,1.9,0.1,3.6,5.0,16.0,99,111,,ennisty01
329,Justin Anderson,22,DAL,SF,55,9,647,5.6,13.8,.406,1.7,6.5,.265,3.9,7.2,.533,.469,3.5,4.3,.800,1.4,9.0,10.4,2.3,1.5,2.0,1.9,3.5,16.4,103,104,,anderju01
330,Joakim Noah,30,CHI,C,29,2,635,4.0,10.5,.383,0.0,0.1,.000,4.0,10.4,.386,.383,1.7,3.6,.489,6.9,13.3,20.1,8.7,1.4,2.3,4.1,6.1,9.8,98,101,,noahjo01
331,Andrea Bargnani,30,BRK,C,46,0,634,10.1,22.2,.455,0.2,1.3,.188,9.9,20.9,.471,.461,3.7,4.5,.825,2.2,5.5,7.7,1.4,0.3,0.7,2.1,4.8,24.2,100,115,,bargnan01
332,Kirk Hinrich,35,2TM,PG,46,7,631,3.9,10.2,.380,1.9,4.9,.387,2.0,5.3,.373,.473,1.2,1.3,.938,0.6,4.9,5.6,5.8,1.2,0.2,2.4,5.1,10.9,101,109,,hinriki01
332,Kirk Hinrich,35,CHI,PG,35,7,555,4.2,10.7,.398,2.1,5.1,.411,2.2,5.6,.387,.496,1.4,1.4,.938,0.6,4.6,5.2,5.3,1.2,0.1,2.4,5.7,11.9,103,110,,hinriki01
332,Kirk Hinrich,35,ATL,PG,11,0,76,1.3,7.2,.182,0.7,3.9,.167,0.7,3.3,.200,.227,0.0,0.0,,0.7,7.2,7.8,9.1,1.3,0.7,2.0,0.7,3.3,82,104,,hinriki01
333,Sean Kilpatrick,26,2TM,SG,31,0,616,10.1,22.1,.456,3.2,9.3,.342,6.9,12.8,.538,.528,4.9,5.5,.896,1.0,3.6,4.6,2.4,1.0,0.2,2.5,3.0,28.2,110,115,,kilpase01
333,Sean Kilpatrick,26,DEN,SG,8,0,82,4.9,12.8,.381,2.4,10.4,.235,2.4,2.4,1.000,.476,4.3,4.9,.875,1.2,2.4,3.7,1.8,1.2,0.0,2.4,4.3,16.5,105,113,,kilpase01
333,Sean Kilpatrick,26,BRK,SG,23,0,534,10.9,23.5,.462,3.3,9.2,.361,7.6,14.3,.526,.532,5.0,5.6,.898,0.9,3.8,4.7,2.5,0.9,0.2,2.5,2.8,30.0,110,115,,kilpase01
334,Rondae Hollis-Jefferson,21,BRK,SF,29,17,615,5.2,11.3,.457,0.3,1.1,.286,4.8,10.2,.476,.471,3.0,4.3,.712,3.2,9.4,12.6,3.5,3.2,1.3,2.1,5.0,13.7,107,105,,holliro01
335,Shabazz Napier,24,ORL,PG,55,0,600,5.7,16.8,.338,2.8,8.7,.327,2.8,8.1,.351,.423,2.8,3.8,.733,0.8,3.8,4.6,8.1,1.9,0.1,3.8,3.2,16.9,93,109,,napiesh01
336,Anthony Brown,23,LAL,SF,29,11,599,3.3,10.6,.310,1.7,5.9,.286,1.6,4.7,.339,.389,1.4,1.7,.850,0.8,5.1,5.9,1.6,1.2,0.4,1.3,2.9,9.6,88,114,,brownan02
337,Josh McRoberts,28,MIA,PF,42,1,595,4.7,12.8,.372,1.0,4.2,.245,3.7,8.5,.434,.412,2.4,3.4,.700,1.9,7.2,9.1,7.0,1.6,0.6,2.6,5.9,12.9,99,105,,mcrobjo01
338,Metta World Peace,36,LAL,SF,35,5,590,4.7,15.1,.311,2.2,7.1,.310,2.5,7.9,.312,.384,3.4,4.9,.702,1.6,6.0,7.6,2.3,1.9,0.9,1.3,5.7,15.0,95,111,,artesro01
339,Tiago Splitter,31,ATL,C,36,2,579,6.9,13.2,.523,0.0,0.2,.000,6.9,13.1,.529,.523,3.3,4.1,.813,3.8,6.4,10.2,2.6,1.7,1.0,2.0,6.1,17.2,113,102,,splitti01
340,Ian Clark,24,GSW,SG,66,1,578,7.4,16.9,.441,2.5,7.0,.357,4.9,9.9,.500,.515,2.3,2.8,.824,1.1,4.6,5.7,5.4,1.4,1.1,3.6,4.8,19.7,102,106,,clarkia01
341,Tyus Jones,19,MIN,PG,37,0,573,4.9,13.7,.359,1.4,4.7,.302,3.5,9.1,.388,.410,2.5,3.4,.718,0.6,3.5,4.1,9.5,2.7,0.3,2.9,2.9,13.7,98,111,,jonesty01
342,Carl Landry,32,PHI,PF,36,12,569,12.0,21.5,.556,0.5,1.1,.462,11.5,20.4,.561,.568,5.8,7.8,.736,4.2,8.4,12.6,2.8,1.0,0.8,1.9,5.9,30.2,120,110,,landrca01
343,Mike Muscala,24,ATL,C,60,0,565,6.6,13.3,.500,1.0,3.4,.308,5.6,9.9,.566,.539,2.7,3.4,.795,3.3,6.9,10.2,3.0,1.1,2.4,2.4,6.3,17.1,111,102,,muscami01
344,Kevin Garnett,39,MIN,PF,38,38,556,4.9,10.4,.470,0.0,0.1,.000,4.9,10.3,.474,.470,1.3,1.9,.667,1.4,12.2,13.6,5.6,2.5,0.9,1.5,6.3,11.1,107,105,,garneke01
345,Donatas Motiejūnas,25,HOU,PF,37,22,547,8.1,18.4,.439,1.4,5.1,.281,6.7,13.3,.500,.478,3.1,4.8,.642,3.3,6.5,9.8,3.7,1.5,0.4,4.0,6.2,20.7,98,110,,motiedo01
346,Jusuf Nurkić,21,DEN,C,32,3,547,9.3,22.2,.417,0.0,0.3,.000,9.3,21.9,.423,.417,5.6,9.1,.616,6.0,10.1,16.0,3.7,2.2,4.0,5.0,8.3,24.1,92,102,,nurkiju01
347,Kendrick Perkins,31,NOP,C,37,5,542,3.7,6.9,.533,0.0,0.0,,3.7,6.9,.533,.533,1.0,2.3,.440,2.3,9.4,11.7,2.8,1.0,1.0,3.8,5.9,8.3,86,109,,perkike01
348,Kevin Séraphin,26,NYK,C,48,0,526,8.2,20.0,.410,0.0,0.2,.000,8.2,19.8,.414,.410,1.9,2.2,.826,3.0,9.3,12.3,4.6,0.8,3.5,4.2,6.5,18.3,86,105,,serapke01
349,Boban Marjanović,27,SAS,C,54,4,508,10.6,17.5,.603,0.0,0.0,,10.6,17.5,.603,.603,8.8,11.5,.763,7.4,12.2,19.6,2.1,1.2,2.3,2.9,5.4,29.9,130,96,,marjabo01
350,Glenn Robinson III,22,IND,SF,45,4,508,6.4,14.8,.430,1.4,3.6,.378,5.0,11.1,.447,.477,2.6,3.8,.692,1.2,5.5,6.6,2.5,1.7,0.9,1.8,2.1,16.7,102,105,,robingl02
351,Sonny Weems,29,2TM,SF,43,0,499,4.1,10.7,.382,1.5,4.0,.366,2.6,6.7,.391,.450,0.8,1.5,.533,0.7,4.5,5.2,4.8,1.0,0.1,4.0,4.6,10.5,82,113,,weemsso01
351,Sonny Weems,29,PHO,SG,36,0,421,4.1,10.3,.393,1.5,3.7,.406,2.5,6.6,.386,.466,0.8,1.5,.538,0.7,4.1,4.7,5.4,1.2,0.1,4.3,4.6,10.4,84,112,,weemsso01
351,Sonny Weems,29,PHI,SF,7,0,78,4.4,13.2,.333,1.3,5.7,.222,3.1,7.5,.417,.381,0.6,1.3,.500,0.6,6.9,7.5,1.3,0.0,0.0,2.5,4.4,10.7,71,114,,weemsso01
352,Tarik Black,24,LAL,C,39,0,496,5.8,10.5,.548,0.0,0.0,,5.8,10.5,.548,.548,1.9,4.6,.422,4.5,11.4,15.9,1.6,1.4,1.8,2.2,7.9,13.5,105,108,,blackta01
353,Anderson Varejão,33,2TM,C,53,0,496,5.4,12.6,.427,0.0,0.1,.000,5.4,12.5,.431,.427,3.2,5.1,.640,3.7,10.5,14.3,3.5,1.6,1.0,2.2,7.1,14.0,103,102,,varejan01
353,Anderson Varejão,33,CLE,C,31,0,310,5.3,12.6,.421,0.0,0.2,.000,5.3,12.5,.427,.421,2.7,3.5,.762,4.0,11.1,15.1,3.3,1.8,0.8,2.7,5.8,13.3,100,102,,varejan01
353,Anderson Varejão,33,GSW,C,22,0,186,5.5,12.5,.438,0.0,0.0,,5.5,12.5,.438,.438,4.2,7.5,.552,3.4,9.6,13.0,3.9,1.3,1.3,1.6,9.1,15.1,108,103,,varejan01
354,Adreian Payne,24,MIN,PF,52,2,486,5.5,15.0,.366,0.9,3.3,.281,4.6,11.7,.389,.397,1.8,2.7,.654,2.1,9.4,11.5,3.0,1.7,1.1,3.7,8.0,13.7,81,108,,paynead01
355,John Jenkins,24,2TM,SG,43,3,480,7.3,16.5,.444,1.7,5.3,.314,5.7,11.3,.505,.494,2.1,2.5,.833,0.8,5.1,5.9,3.6,0.8,0.1,2.8,2.3,18.4,99,112,,jenkijo01
355,John Jenkins,24,DAL,SG,21,1,193,7.6,18.5,.414,0.8,5.0,.158,6.9,13.5,.510,.436,2.1,2.4,.889,1.1,4.7,5.8,2.4,0.8,0.0,2.9,2.9,18.2,88,111,,jenkijo01
355,John Jenkins,24,PHO,SG,22,2,287,7.1,15.3,.467,2.2,5.4,.406,4.9,9.8,.500,.539,2.0,2.5,.800,0.7,5.3,5.9,4.4,0.8,0.2,2.7,1.9,18.5,107,112,,jenkijo01
356,Troy Daniels,24,CHO,SG,43,0,476,9.4,19.7,.476,6.2,12.9,.484,3.2,6.9,.462,.634,0.5,0.9,.556,0.7,5.3,6.0,2.2,1.2,0.3,2.5,4.2,25.5,110,107,,danietr01
357,Ray McCallum,24,2TM,PG,41,6,475,5.9,15.8,.377,1.6,4.5,.357,4.3,11.2,.385,.428,1.3,1.6,.800,0.9,4.2,5.1,6.5,1.3,0.8,2.6,3.1,14.8,95,106,,mccalra01
357,Ray McCallum,24,SAS,PG,31,3,256,5.4,13.4,.403,1.0,3.2,.313,4.4,10.2,.431,.440,1.8,2.0,.900,1.2,5.0,6.2,6.6,1.0,0.8,2.2,2.8,13.6,102,103,,mccalra01
357,Ray McCallum,24,MEM,PG,10,3,219,6.6,18.6,.354,2.4,6.1,.385,4.2,12.5,.340,.418,0.7,1.2,.600,0.5,3.3,3.8,6.3,1.6,0.7,3.1,3.5,16.2,88,111,,mccalra01
358,Jason Thompson,29,2TM,C,47,7,471,5.6,11.5,.481,0.5,1.6,.333,5.0,9.9,.505,.505,4.1,5.8,.704,3.4,10.9,14.3,3.1,1.3,2.1,1.6,8.6,15.7,119,102,,thompja02
358,Jason Thompson,29,GSW,C,28,1,179,5.4,11.3,.476,0.0,0.0,,5.4,11.3,.476,.476,5.4,8.6,.625,2.7,11.9,14.6,5.1,1.1,2.2,1.9,10.8,16.2,116,101,,thompja02
358,Jason Thompson,29,TOR,C,19,6,292,5.7,11.7,.485,0.9,2.7,.333,4.8,9.0,.529,.523,3.2,3.9,.818,3.9,10.3,14.2,1.8,1.4,2.1,1.4,7.1,15.4,121,103,,thompja02
359,Ryan Kelly,24,LAL,PF,36,0,470,5.9,15.9,.369,0.5,4.0,.135,5.3,12.0,.446,.386,4.0,5.8,.685,2.2,10.7,12.9,2.1,1.4,1.1,1.9,4.2,16.2,93,109,,kellyry01
360,Brian Roberts,30,2TM,PG,51,0,470,7.9,17.6,.448,1.6,4.5,.357,6.3,13.1,.480,.494,4.5,5.0,.894,0.6,3.7,4.4,5.8,1.1,0.2,2.5,3.7,21.9,111,109,,roberbr01
360,Brian Roberts,30,CHO,PG,30,0,333,7.7,17.3,.443,1.4,4.1,.333,6.3,13.3,.477,.483,5.1,5.6,.919,0.6,3.8,4.4,5.7,1.1,0.2,2.4,3.5,21.9,110,109,,roberbr01
360,Brian Roberts,30,POR,PG,21,0,137,8.4,18.3,.460,2.2,5.5,.400,6.2,12.8,.486,.520,2.9,3.7,.800,0.7,3.7,4.4,5.8,1.1,0.4,2.6,4.4,21.9,111,111,,roberbr01
361,James Jones,35,CLE,SF,48,0,463,6.4,15.8,.408,4.6,11.6,.394,1.9,4.2,.447,.553,2.3,2.9,.808,0.9,4.7,5.6,1.6,1.2,1.1,1.4,5.6,19.8,114,106,,jonesja02
362,Andre Miller,39,2TM,PG,39,4,461,6.5,11.7,.557,0.2,0.9,.250,6.3,10.8,.582,.566,2.6,3.5,.750,1.3,4.3,5.6,9.6,1.8,0.0,4.1,5.1,15.8,110,108,,millean02
362,Andre Miller,39,MIN,PG,26,0,280,6.5,10.4,.621,0.2,0.7,.250,6.3,9.7,.648,.629,2.7,3.4,.789,1.1,3.2,4.3,10.4,1.6,0.0,4.5,5.8,15.8,114,113,,millean02
362,Andre Miller,39,SAS,PG,13,4,181,6.5,13.6,.479,0.3,1.1,.250,6.2,12.4,.500,.490,2.5,3.7,.692,1.7,5.9,7.6,8.2,2.0,0.0,3.4,4.0,15.8,105,101,,millean02
363,Greivis Vásquez,29,MIL,PG,23,0,460,5.0,15.3,.326,2.0,8.1,.247,3.0,7.2,.415,.391,2.4,2.9,.846,0.6,4.7,5.2,10.1,1.1,0.0,4.4,4.7,14.4,90,113,,vasqugr01
364,Ryan Hollins,31,2TM,C,37,12,460,5.5,8.8,.620,0.0,0.0,,5.5,8.8,.620,.620,2.9,4.7,.619,5.2,5.7,10.9,1.1,0.7,2.3,2.7,6.9,13.8,116,109,,holliry01
364,Ryan Hollins,31,WAS,C,5,3,48,4.1,7.1,.571,0.0,0.0,,4.1,7.1,.571,.571,0.0,0.0,,7.1,4.1,11.2,0.0,0.0,1.0,3.0,4.1,8.1,104,111,,holliry01
364,Ryan Hollins,31,MEM,C,32,9,412,5.6,9.0,.625,0.0,0.0,,5.6,9.0,.625,.625,3.2,5.2,.619,5.0,5.9,10.9,1.2,0.7,2.5,2.6,7.2,14.5,117,109,,holliry01
365,J.J. Hickson,27,2TM,C,35,9,436,9.1,17.7,.516,0.0,0.1,.000,9.1,17.6,.519,.516,5.2,11.7,.447,4.4,10.6,15.1,2.6,1.7,1.6,2.9,5.4,23.5,102,105,,hicksjj01
365,J.J. Hickson,27,DEN,C,20,9,305,9.0,17.9,.505,0.0,0.0,,9.0,17.9,.505,.505,4.4,9.7,.458,3.6,10.7,14.3,2.6,1.6,2.0,2.6,5.8,22.5,101,105,,hicksjj01
365,J.J. Hickson,27,WAS,C,15,0,131,9.3,17.1,.543,0.0,0.4,.000,9.3,16.7,.556,.543,7.1,16.4,.432,6.3,10.4,16.7,2.6,1.9,0.7,3.3,4.5,25.7,104,104,,hicksjj01
366,Rasual Butler,36,SAS,SF,46,0,432,5.8,12.3,.471,1.8,5.8,.306,4.0,6.5,.618,.543,1.3,1.9,.688,0.4,6.3,6.6,2.8,1.5,2.7,0.9,1.3,14.7,112,98,,butlera01
367,Reggie Bullock,24,DET,SF,37,0,429,5.1,11.5,.439,2.6,6.2,.415,2.5,5.3,.467,.551,1.6,1.8,.933,1.6,6.4,8.0,3.2,1.2,0.2,0.9,3.4,14.4,125,107,,bullore01
368,Willie Reed,25,BRK,C,39,2,426,9.0,15.7,.571,0.0,0.0,,9.0,15.7,.571,.571,3.5,6.5,.545,5.8,8.6,14.4,1.2,0.7,3.5,1.9,5.6,21.5,116,108,,reedwi02
369,Jared Cunningham,24,2TM,SG,44,3,410,4.5,13.2,.343,1.5,4.9,.308,3.0,8.3,.364,.400,4.5,6.9,.655,0.4,4.4,4.8,2.5,1.8,0.3,2.6,5.1,15.0,91,107,,cunnija01
369,Jared Cunningham,24,CLE,SG,40,3,355,4.6,13.2,.352,1.4,4.6,.313,3.2,8.6,.373,.407,4.3,7.0,.625,0.4,3.8,4.2,2.8,1.7,0.3,2.6,5.4,15.1,91,106,,cunnija01
369,Jared Cunningham,24,MIL,SG,4,0,55,3.7,13.0,.286,1.9,6.5,.286,1.9,6.5,.286,.357,5.6,6.5,.857,0.0,8.3,8.3,0.9,1.9,0.0,2.8,3.7,14.8,87,109,,cunnija01
370,Chris Andersen,37,2TM,C,27,15,402,4.9,9.2,.528,0.5,1.8,.286,4.4,7.4,.586,.556,3.2,4.6,.694,4.6,7.9,12.5,1.5,1.9,1.7,1.2,3.7,13.4,127,106,,anderch01
370,Chris Andersen,37,MIA,C,7,1,36,5.7,14.2,.400,2.8,7.1,.400,2.8,7.1,.400,.500,4.3,5.7,.750,4.3,8.5,12.8,4.3,1.4,4.3,2.8,5.7,18.5,113,100,,anderch01
370,Chris Andersen,37,MEM,C,20,14,366,4.8,8.7,.548,0.3,1.3,.222,4.5,7.5,.604,.565,3.1,4.5,.688,4.6,7.9,12.5,1.3,2.0,1.4,1.0,3.5,12.9,129,106,,anderch01
371,Kendall Marshall,24,PHI,PG,30,6,400,5.3,14.5,.364,2.0,6.0,.327,3.3,8.5,.391,.432,1.1,1.6,.692,0.2,3.2,3.4,8.9,2.0,0.2,5.3,3.7,13.6,84,112,,marshke01
372,Sergey Karasev,22,BRK,SF,40,5,399,3.8,9.3,.405,1.4,4.7,.297,2.4,4.7,.514,.480,3.3,3.5,.929,1.0,6.3,7.3,4.4,0.8,0.3,2.8,3.4,12.3,105,114,,karasse01
373,Salah Mejri,29,DAL,C,34,6,397,6.3,10.0,.628,0.0,0.1,.000,6.3,9.9,.636,.628,3.5,5.9,.587,5.3,10.5,15.8,1.3,1.0,4.6,2.9,6.9,16.0,115,101,,mejrisa01
374,Lamar Patterson,24,ATL,SG,35,0,395,3.5,10.0,.350,1.5,6.1,.245,2.0,3.9,.516,.425,2.0,2.8,.727,0.5,5.8,6.3,4.9,1.1,0.3,2.9,5.6,10.5,89,105,,pattela01
375,Joe Young,23,IND,PG,41,0,384,8.0,21.9,.367,1.3,5.9,.217,6.7,15.9,.423,.396,2.6,3.2,.800,0.8,5.7,6.5,8.4,1.9,0.0,4.3,3.9,19.9,88,105,,youngjo01
376,Darrun Hilliard,22,DET,SG,38,2,383,6.9,17.3,.397,2.5,6.6,.380,4.3,10.7,.407,.469,3.8,5.3,.725,0.7,5.3,5.9,3.6,1.2,0.1,2.5,3.7,20.0,103,108,,hillida01
377,Jarell Martin,21,MEM,PF,27,0,380,7.3,15.7,.466,0.0,0.3,.000,7.3,15.4,.474,.466,6.1,8.4,.726,5.3,6.4,11.6,2.0,1.1,0.9,2.6,7.9,20.7,110,110,,martija01
378,Montrezl Harrell,22,HOU,PF,39,1,379,7.5,11.7,.644,0.0,0.1,.000,7.5,11.5,.652,.644,3.1,6.0,.522,3.2,5.2,8.4,2.2,1.4,1.4,2.2,6.2,18.2,119,110,,harremo01
379,Mike Miller,35,DEN,SF,47,2,373,3.0,8.3,.355,2.6,7.0,.365,0.4,1.3,.300,.508,0.0,0.0,,0.8,6.3,7.1,5.4,1.7,0.5,2.3,7.1,8.5,100,109,,millemi01
380,JaVale McGee,28,DAL,C,34,2,370,10.6,18.4,.575,0.0,0.1,.000,10.6,18.3,.579,.575,2.5,5.0,.500,7.3,11.0,18.3,0.4,0.7,3.6,2.9,6.7,23.7,110,103,,mcgeeja01
381,Michael Beasley,27,HOU,PF,20,0,363,14.5,27.8,.522,0.4,1.2,.333,14.1,26.5,.531,.529,5.1,6.6,.776,3.9,9.3,13.3,2.2,1.5,1.2,3.3,5.3,34.5,108,107,,beaslmi01
382,Chris McCullough,20,BRK,PF,24,4,362,6.1,15.2,.404,1.8,4.7,.382,4.3,10.4,.413,.463,1.5,3.2,.478,3.5,6.0,9.5,1.3,3.9,1.7,2.1,5.4,15.6,95,105,,mcculch01
383,Tyler Hansbrough,30,CHO,PF,44,0,343,4.7,10.4,.451,0.3,0.4,.667,4.4,9.9,.441,.465,5.6,9.5,.585,5.9,7.2,13.0,1.2,1.8,1.0,1.8,8.0,15.2,113,104,,hansbty01
384,James Ennis III,25,3TM,SF,22,5,329,8.2,17.1,.478,3.9,8.8,.448,4.2,8.3,.509,.593,3.8,5.2,.735,3.2,3.2,6.4,3.2,2.4,0.8,2.9,4.2,24.1,116,110,,ennisja01
384,James Ennis III,25,MIA,SF,3,0,7,0.0,0.0,,0.0,0.0,,0.0,0.0,,,0.0,0.0,,0.0,0.0,0.0,7.3,0.0,0.0,0.0,7.3,0.0,216,113,,ennisja01
384,James Ennis III,25,MEM,SF,10,0,40,5.1,16.7,.308,2.6,10.3,.250,2.6,6.4,.400,.385,7.7,12.9,.600,5.1,3.9,9.0,2.6,5.1,2.6,2.6,1.3,20.6,100,101,,ennisja01
384,James Ennis III,25,NOP,SF,9,5,282,8.8,17.6,.500,4.2,8.8,.480,4.6,8.8,.520,.620,3.3,4.2,.792,3.0,3.2,6.2,3.2,2.1,0.5,3.0,4.6,25.1,118,111,,ennisja01
385,Cristiano Felício,23,CHI,C,31,4,321,6.2,11.2,.556,0.0,0.6,.000,6.2,10.6,.588,.556,3.9,5.5,.714,4.7,11.2,15.9,4.1,0.9,2.0,2.0,4.8,16.4,123,104,,feliccr01
386,Robert Sacre,26,LAL,C,25,1,320,4.9,11.8,.413,0.0,0.0,,4.9,11.8,.413,.413,3.9,6.0,.658,5.0,6.3,11.3,2.2,0.6,1.6,1.9,6.7,13.7,104,113,,sacrero01
387,R.J. Hunter,22,BOS,SG,36,0,315,5.6,15.2,.367,2.9,9.7,.302,2.6,5.4,.486,.464,0.9,1.1,.857,0.3,5.4,5.7,2.0,2.2,0.6,1.7,4.5,15.0,94,104,,hunterj01
388,Terry Rozier,21,BOS,PG,39,0,311,4.5,16.6,.274,0.9,4.2,.222,3.6,12.4,.291,.302,1.3,1.6,.800,3.8,6.1,9.9,5.8,0.9,0.2,3.0,3.6,11.3,81,107,,roziete01
389,Drew Gooden,34,WAS,PF,30,0,305,5.3,16.5,.320,1.1,6.6,.171,4.2,9.9,.419,.354,1.4,2.2,.643,4.5,9.1,13.6,2.1,1.3,1.8,2.1,6.4,13.1,85,104,,goodedr01
390,Axel Toupane,23,DEN,SF,21,0,305,4.1,11.5,.357,2.1,6.6,.325,2.0,4.9,.400,.450,2.1,2.8,.765,1.3,3.8,5.1,2.5,1.2,1.0,1.0,6.6,12.5,106,111,,toupaax01
391,Jordan Hamilton,25,NOP,SF,11,4,304,8.0,18.9,.422,2.1,7.3,.289,5.9,11.6,.507,.478,2.3,3.4,.667,2.0,8.2,10.1,4.1,1.3,0.5,2.8,3.9,20.4,98,110,,hamiljo02
392,Kostas Papanikolaou,25,DEN,SF,26,6,294,4.1,11.3,.364,1.7,5.5,.313,2.4,5.8,.412,.439,1.5,2.4,.643,1.4,5.5,6.8,2.7,2.2,0.9,3.6,4.1,11.4,83,109,,papanko01
393,Jordan Farmar,29,MEM,PG,12,10,291,7.4,17.7,.420,2.8,8.0,.356,4.6,9.7,.473,.500,1.8,1.8,1.000,0.7,3.7,4.4,6.5,2.7,0.4,3.2,3.9,19.5,103,109,,farmajo01
394,Phil Pressey,24,2TM,PG,23,0,283,5.2,13.5,.385,0.7,3.1,.222,4.5,10.4,.433,.410,2.2,4.3,.520,0.5,4.8,5.4,13.0,3.1,0.7,5.7,4.8,13.3,88,107,,pressph01
394,Phil Pressey,24,PHI,PG,14,0,170,6.1,15.9,.382,1.2,3.7,.308,4.9,12.1,.405,.418,2.6,5.2,.500,0.0,6.6,6.6,13.3,3.2,0.3,5.5,4.0,15.9,89,107,,pressph01
394,Phil Pressey,24,PHO,PG,9,0,113,3.9,9.9,.391,0.0,2.2,.000,3.9,7.8,.500,.391,1.7,3.0,.571,1.3,2.2,3.4,12.5,3.0,1.3,6.0,6.0,9.5,86,108,,pressph01
395,Bryce Dejean-Jones,23,NOP,SG,14,11,279,5.0,12.3,.406,2.1,5.7,.375,2.8,6.6,.432,.493,2.0,3.7,.524,1.4,7.1,8.5,2.7,1.8,0.4,2.0,3.0,14.0,99,110,,dejeabr01
396,Damjan Rudež,29,MIN,SF,33,0,277,4.5,11.3,.403,3.1,9.1,.340,1.5,2.2,.667,.540,1.5,1.5,1.000,0.9,2.7,3.6,2.0,0.5,0.2,2.4,6.0,13.6,102,116,,rudezda01
397,Henry Sims,25,BRK,C,14,4,263,6.3,14.8,.429,0.0,0.0,,6.3,14.8,.429,.429,4.8,5.7,.833,4.0,9.8,13.8,1.7,1.7,2.7,2.3,7.1,17.4,104,107,,simshe01
398,James Michael McAdoo,23,GSW,PF,41,1,262,8.3,15.5,.536,0.2,0.4,.500,8.1,15.1,.537,.542,4.8,9.0,.531,5.5,5.2,10.7,3.1,1.8,1.5,3.0,7.2,21.6,112,104,,mcadoja01
399,Udonis Haslem,35,MIA,PF,37,0,260,4.5,12.0,.377,0.2,1.8,.111,4.3,10.3,.423,.385,2.4,3.2,.750,2.0,12.8,14.8,2.8,1.0,0.4,1.0,4.9,11.6,99,103,,hasleud01
400,Jeremy Evans,28,DAL,SF,30,2,251,5.3,9.7,.542,0.8,3.2,.250,4.5,6.5,.688,.583,3.0,4.3,.714,2.2,8.7,11.0,0.4,1.2,1.8,1.4,3.9,14.4,117,105,,evansje01
401,Devyn Marble,23,ORL,SG,28,0,249,4.2,14.3,.296,1.6,6.4,.250,2.6,7.8,.333,.352,2.0,4.8,.417,1.2,6.4,7.6,2.4,2.6,0.2,1.4,5.0,12.0,81,106,,marblde01
402,Xavier Munford,23,MEM,SG,14,0,244,6.7,16.2,.416,1.9,4.9,.391,4.9,11.4,.426,.474,1.5,3.0,.500,0.6,5.9,6.5,4.6,2.7,0.6,3.2,5.3,16.9,92,107,,munfoxa02
403,K.J. McDaniels,22,HOU,SF,37,1,235,6.1,15.1,.403,1.5,5.2,.280,4.6,9.8,.468,.451,5.0,6.3,.800,3.3,5.4,8.8,2.1,1.5,1.3,3.6,6.3,18.6,101,110,,mcdankj01
404,Delon Wright,23,TOR,PG,27,1,229,8.1,18.1,.450,1.1,2.9,.385,7.0,15.1,.463,.481,5.9,7.9,.743,1.8,6.5,8.3,7.0,1.8,0.7,3.6,1.6,23.2,109,106,,wrighde01
405,Lucas Nogueira,23,TOR,C,29,1,225,6.4,10.1,.636,0.2,0.7,.333,6.2,9.4,.659,.648,1.8,3.4,.533,4.1,6.4,10.6,1.6,2.8,2.8,2.5,6.7,14.9,117,101,,noguelu01
406,Elton Brand,36,PHI,C,17,1,225,6.8,15.7,.431,0.0,0.2,.000,6.8,15.5,.437,.431,1.7,2.0,.889,2.0,11.8,13.7,3.9,2.0,1.7,2.4,7.0,15.2,93,105,,brandel01
407,DeJuan Blair,26,WAS,C,29,0,218,6.3,15.2,.412,0.0,0.2,.000,6.3,15.0,.418,.412,1.1,2.9,.385,4.5,8.3,12.7,2.5,1.8,0.4,3.4,11.9,13.6,85,105,,blairde01
408,Brandan Wright,28,MEM,PF,12,2,212,8.5,12.6,.673,0.0,0.0,,8.5,12.6,.673,.673,3.2,5.8,.542,3.4,7.0,10.4,1.5,1.2,3.6,2.4,5.1,20.1,119,106,,wrighbr03
409,Matt Bonner,35,SAS,C,30,2,206,7.2,14.2,.509,3.7,8.4,.441,3.5,5.7,.609,.640,0.7,1.0,.750,0.7,6.0,6.7,2.2,1.5,0.2,0.7,4.0,18.9,126,102,,bonnema01
410,Michael Kidd-Gilchrist,22,CHO,SF,7,7,205,8.1,14.9,.541,0.7,1.7,.429,7.3,13.2,.556,.566,4.9,7.1,.690,2.9,8.1,11.0,2.2,0.7,0.7,2.0,2.2,21.8,118,106,,kiddgmi01
411,Lou Amundson,33,NYK,PF,29,0,204,4.8,13.4,.358,0.0,0.0,,4.8,13.4,.358,.358,3.5,6.8,.519,5.8,6.6,12.3,3.0,1.5,1.8,3.8,11.1,13.1,87,106,,amundlo01
412,James Young,20,BOS,SG,29,0,199,2.7,8.8,.306,1.5,6.4,.231,1.2,2.4,.500,.389,0.2,1.0,.250,1.0,5.4,6.4,2.2,1.5,0.2,1.2,4.2,7.1,84,106,,youngja01
413,Jordan McRae,24,2TM,PG,22,1,195,8.8,20.1,.436,2.6,5.7,.455,6.2,14.4,.429,.500,5.4,7.2,.750,1.0,4.1,5.2,6.4,0.8,0.3,3.9,4.4,25.5,107,110,,mcraejo01
413,Jordan McRae,24,PHO,PG,7,0,82,6.5,15.4,.423,1.8,6.5,.273,4.8,8.9,.533,.481,7.1,8.9,.800,1.2,3.6,4.8,5.9,1.8,0.0,3.6,4.2,22.0,111,111,,mcraejo01
413,Jordan McRae,24,CLE,PG,15,1,113,10.5,23.7,.442,3.2,5.0,.636,7.3,18.7,.390,.510,4.1,5.9,.692,0.9,4.6,5.5,6.8,0.0,0.5,4.1,4.6,28.2,104,110,,mcraejo01
414,Greg Smith,25,MIN,PF,18,0,192,4.7,8.4,.563,0.0,0.0,,4.7,8.4,.563,.563,1.8,4.5,.412,3.2,7.9,11.0,1.6,1.1,0.3,1.8,7.4,11.3,105,111,,smithgr02
415,Alan Anderson,33,WAS,SG,13,0,192,5.3,15.0,.356,3.0,9.4,.324,2.3,5.6,.409,.458,2.8,3.8,.733,0.3,6.6,6.9,3.6,1.0,0.3,0.5,6.3,16.5,107,108,,anderal01
416,Caron Butler,35,SAC,SF,17,1,176,6.8,16.1,.424,0.8,4.9,.167,6.0,11.2,.537,.449,2.7,3.3,.833,1.4,4.6,6.0,2.7,2.5,0.3,0.8,5.2,17.2,106,109,,butleca01
417,Elijah Millsap,28,UTA,SG,20,0,173,3.4,11.9,.282,0.3,3.7,.083,3.0,8.2,.370,.295,4.0,5.5,.722,1.8,8.8,10.7,5.8,2.1,0.9,2.7,10.1,11.0,89,102,,millsel01
418,Briante Weber,23,2TM,PG,7,4,169,4.3,11.9,.359,0.0,1.5,.000,4.3,10.4,.412,.359,0.9,1.2,.750,2.4,5.2,7.6,6.4,2.7,0.9,2.7,3.7,9.4,88,107,,weberbr01
418,Briante Weber,23,MEM,PG,6,4,166,4.0,11.8,.342,0.0,1.6,.000,4.0,10.2,.394,.342,0.9,1.2,.750,2.5,5.0,7.4,6.2,2.8,0.9,2.8,3.4,9.0,85,107,,weberbr01
418,Briante Weber,23,MIA,PG,1,0,3,17.1,17.1,1.000,0.0,0.0,,17.1,17.1,1.000,1.000,0.0,0.0,,0.0,17.1,17.1,17.1,0.0,0.0,0.0,17.1,34.2,203,103,,weberbr01
419,C.J. Wilcox,25,LAC,SG,23,0,167,7.8,19.8,.394,2.7,6.9,.391,5.1,12.9,.395,.462,2.7,3.6,.750,0.3,3.3,3.6,3.0,3.0,0.6,0.6,4.5,21.0,103,104,,wilcocj01
420,Spencer Dinwiddie,22,DET,PG,12,0,159,6.0,17.1,.352,0.3,3.2,.100,5.7,14.0,.409,.361,6.0,10.5,.576,1.3,4.1,5.4,7.0,1.0,0.0,2.2,6.3,18.4,97,109,,dinwisp01
421,Chris Copeland,31,MIL,PF,24,1,156,5.6,16.7,.333,3.3,11.8,.278,2.3,4.9,.467,.431,2.0,2.3,.857,0.3,2.9,3.3,3.6,0.7,0.0,2.0,5.6,16.3,94,115,,copelch01
422,Damien Inglis,20,MIL,SF,20,1,156,4.2,12.1,.351,1.0,4.2,.231,3.3,7.8,.417,.392,2.3,2.6,.875,0.7,9.5,10.1,3.3,2.0,1.0,3.6,3.6,11.8,81,107,,inglida01
423,Nikola Peković,30,MIN,C,12,3,156,6.1,16.2,.380,0.0,0.0,,6.1,16.2,.380,.380,5.2,6.5,.800,2.3,4.5,6.8,3.6,0.3,0.0,2.9,7.1,17.4,94,115,,pekovni01
424,Cleanthony Early,24,NYK,SF,17,2,154,4.0,13.3,.300,1.3,5.0,.267,2.7,8.3,.320,.350,1.0,1.3,.750,1.3,7.3,8.7,2.0,0.7,1.0,3.0,5.3,10.3,72,109,,earlycl01
425,Jarell Eddie,24,WAS,SF,26,0,147,6.6,21.6,.308,5.0,15.6,.319,1.7,6.0,.278,.423,2.7,2.7,1.000,0.7,7.0,7.6,1.7,1.7,0.3,0.3,1.7,20.9,98,107,,eddieja01
426,Christian Wood,20,PHI,PF,17,0,145,7.4,17.9,.415,1.4,3.7,.364,6.1,14.2,.429,.453,4.4,7.1,.619,4.4,8.4,12.8,1.0,1.7,2.4,0.7,3.7,20.6,107,107,,woodch01
427,Tony Wroten,22,PHI,PG,8,3,144,7.5,22.1,.338,1.0,5.8,.176,6.5,16.3,.396,.362,6.8,12.6,.541,0.7,6.5,7.1,6.8,1.0,0.0,9.9,3.7,22.8,70,112,,wroteto01
428,Pat Connaughton,23,POR,SG,34,0,143,4.5,17.1,.265,1.7,7.3,.238,2.8,9.8,.286,.316,1.7,1.7,1.000,3.8,7.3,11.2,3.5,0.7,0.0,3.5,2.1,12.6,80,111,,connapa01
429,Chris Kaman,33,POR,C,16,2,112,8.9,19.2,.465,0.4,1.8,.250,8.5,17.4,.487,.477,1.3,1.3,1.000,3.1,7.6,10.7,4.9,0.4,0.4,3.6,6.7,19.6,100,110,,kamanch01
430,Jeff Ayres,28,LAC,C,17,0,107,5.6,10.8,.522,0.0,0.5,.000,5.6,10.3,.545,.522,2.8,2.8,1.000,1.9,8.4,10.3,2.3,0.0,1.4,2.8,8.4,14.0,105,106,,pendeje02
431,Cameron Bairstow,25,CHI,C,18,2,103,6.3,19.5,.325,0.5,2.4,.200,5.8,17.0,.343,.338,3.4,3.9,.875,1.9,11.7,13.6,2.9,1.0,1.5,1.9,9.2,16.6,86,104,,bairsca01
432,Orlando Johnson,26,2TM,SG,7,1,101,4.4,16.6,.265,1.0,4.9,.200,3.4,11.7,.292,.294,2.9,3.9,.750,1.9,5.4,7.3,1.0,1.5,1.5,1.9,4.4,12.7,74,110,,johnsor01
432,Orlando Johnson,26,PHO,SG,2,0,47,5.2,17.6,.294,1.0,5.2,.200,4.1,12.4,.333,.324,5.2,6.2,.833,3.1,6.2,9.3,0.0,2.1,3.1,1.0,5.2,16.6,92,105,,johnsor01
432,Orlando Johnson,26,NOP,SG,5,1,54,3.7,15.6,.235,0.9,4.6,.200,2.8,11.0,.250,.265,0.9,1.8,.500,0.9,4.6,5.5,1.8,0.9,0.0,2.8,3.7,9.2,58,113,,johnsor01
433,Joel Anthony,33,DET,C,19,0,96,3.2,5.3,.600,0.0,0.0,,3.2,5.3,.600,.600,3.2,4.2,.750,4.2,6.8,11.0,0.5,1.1,6.3,1.1,7.9,9.5,136,99,,anthojo01
434,Sasha Kaun,30,CLE,C,25,0,95,4.9,9.2,.529,0.0,0.0,,4.9,9.2,.529,.529,2.7,6.0,.455,6.5,7.6,14.1,1.6,2.2,2.7,3.8,6.0,12.5,100,100,,kaunsa01
435,Aaron Harrison,21,CHO,SG,21,0,93,2.7,10.3,.263,1.6,5.4,.300,1.1,4.9,.222,.342,2.7,6.5,.417,2.2,5.9,8.1,1.1,3.2,0.0,2.2,5.4,9.7,77,103,,harriaa01
436,Anthony Bennett,22,TOR,PF,19,0,84,4.9,16.6,.296,1.8,8.6,.214,3.1,8.0,.385,.352,5.5,6.2,.900,3.7,10.5,14.1,0.0,3.1,0.0,2.5,4.9,17.2,94,102,,bennean01
437,Tibor Pleiß,26,UTA,C,12,0,82,7.1,16.1,.440,0.0,1.3,.000,7.1,14.8,.478,.440,1.3,1.3,1.000,3.9,5.8,9.6,1.3,0.6,1.3,5.1,12.2,15.4,82,106,,pleisti01
438,Edy Tavares,23,ATL,C,11,0,73,7.4,12.9,.579,0.0,0.0,,7.4,12.9,.579,.579,2.0,5.4,.375,4.7,9.5,14.2,2.0,0.7,4.1,3.4,5.4,16.9,101,99,,tavarwa01
439,Alex Stepheson,28,2TM,PF,8,0,73,6.3,19.0,.333,0.0,0.0,,6.3,19.0,.333,.333,2.8,8.4,.333,13.3,6.3,19.7,1.4,0.7,3.5,0.0,8.4,15.4,101,107,,stephal01
439,Alex Stepheson,28,LAC,PF,4,0,12,4.2,4.2,1.000,0.0,0.0,,4.2,4.2,1.000,1.000,0.0,8.4,.000,4.2,4.2,8.4,0.0,0.0,8.4,0.0,16.7,8.4,113,101,,stephal01
439,Alex Stepheson,28,MEM,PF,4,0,61,6.7,21.9,.308,0.0,0.0,,6.7,21.9,.308,.308,3.4,8.4,.400,15.2,6.7,21.9,1.7,0.8,2.5,0.0,6.7,16.9,101,108,,stephal01
440,Mitch McGary,23,OKC,PF,20,0,72,7.6,15.9,.478,0.0,2.8,.000,7.6,13.1,.579,.478,2.8,6.9,.400,2.8,9.7,12.4,2.1,0.7,1.4,4.8,6.9,17.9,86,106,,mcgarmi01
441,Alan Williams,23,PHO,PF,10,0,68,7.2,17.2,.417,0.0,0.0,,7.2,17.2,.417,.417,6.4,10.0,.643,10.0,17.2,27.2,3.6,2.9,3.6,4.3,10.7,20.8,103,97,,willial03
442,Russ Smith,24,MEM,PG,15,0,66,5.5,17.2,.318,0.8,3.9,.200,4.7,13.3,.353,.341,6.2,10.1,.615,0.8,6.2,7.0,8.6,3.9,0.8,5.5,3.9,17.9,83,104,,smithru01
443,Jorge Gutiérrez,27,CHO,PG,12,0,63,4.8,8.8,.545,0.0,1.6,.000,4.8,7.2,.667,.545,8.0,8.8,.909,0.0,5.6,5.6,13.5,2.4,0.0,4.8,2.4,17.5,124,105,,gutiejo01
444,Lorenzo Brown,25,PHO,PG,8,0,61,6.4,20.0,.320,0.8,6.4,.125,5.6,13.6,.412,.340,2.4,3.2,.750,0.0,5.6,5.6,8.8,2.4,0.8,7.2,3.2,16.0,72,108,,brownlo01
445,Jordan Mickey,21,BOS,PF,16,0,57,6.8,18.8,.364,0.0,0.0,,6.8,18.8,.364,.364,4.3,8.6,.500,5.1,6.0,11.1,0.9,0.0,9.4,0.9,4.3,18.0,94,99,,mickejo01
446,Josh Huestis,24,OKC,PF,5,0,55,4.5,10.8,.417,3.6,5.4,.667,0.9,5.4,.167,.583,0.0,3.6,.000,1.8,7.2,9.0,0.0,0.9,1.8,2.7,2.7,12.6,87,107,,huestjo01
447,Andrew Goudelock,27,HOU,PG,8,0,50,8.9,19.7,.450,1.0,8.9,.111,7.9,10.8,.727,.475,3.0,3.9,.750,1.0,1.0,2.0,3.9,5.9,2.0,6.9,3.9,21.6,83,103,,goudean01
448,Cory Jefferson,25,PHO,PF,8,0,50,8.8,21.4,.409,0.0,1.0,.000,8.8,20.5,.429,.409,3.9,5.8,.667,5.8,9.7,15.6,0.0,0.0,1.0,0.0,7.8,21.4,105,110,,jeffeco01
449,Eric Moreland,24,SAC,PF,8,0,48,3.0,6.0,.500,0.0,0.0,,3.0,6.0,.500,.500,2.0,4.0,.500,3.0,8.0,11.0,1.0,0.0,4.0,3.0,4.0,8.0,89,108,,moreler01
450,Elliot Williams,26,MEM,PG,5,0,45,2.3,11.4,.200,1.1,4.6,.250,1.1,6.9,.167,.250,3.4,4.6,.750,1.1,3.4,4.6,4.6,0.0,0.0,1.1,2.3,9.1,86,115,,williel01
451,Steve Novak,32,2TM,PF,10,0,44,9.1,20.5,.444,8.0,17.1,.467,1.1,3.4,.333,.639,1.1,1.1,1.000,0.0,5.7,5.7,0.0,0.0,0.0,1.1,3.4,27.4,122,113,,novakst01
451,Steve Novak,32,OKC,PF,7,0,24,12.4,24.8,.500,10.3,18.6,.556,2.1,6.2,.333,.708,0.0,0.0,,0.0,8.3,8.3,0.0,0.0,0.0,2.1,2.1,35.2,126,110,,novakst01
451,Steve Novak,32,MIL,PF,3,0,20,5.1,15.3,.333,5.1,15.3,.333,0.0,0.0,,.500,2.5,2.5,1.000,0.0,2.5,2.5,0.0,0.0,0.0,0.0,5.1,17.8,115,117,,novakst01
452,Bruno Caboclo,20,TOR,SF,6,1,43,1.2,14.4,.083,1.2,8.4,.143,0.0,6.0,.000,.125,0.0,0.0,,1.2,1.2,2.4,1.2,2.4,1.2,4.8,2.4,3.6,29,107,,cabocbr01
453,Jodie Meeks,28,DET,SG,3,0,43,8.2,23.5,.350,4.7,10.6,.444,3.5,12.9,.273,.450,4.7,4.7,1.000,1.2,4.7,5.9,3.5,0.0,0.0,1.2,2.3,25.8,111,111,,meeksjo01
454,Luis Montero,22,POR,SG,12,0,42,6.0,22.6,.263,1.2,10.7,.111,4.8,11.9,.400,.289,3.6,4.8,.750,0.0,4.8,4.8,1.2,0.0,0.0,4.8,1.2,16.7,63,114,,montelu01
455,Dahntay Jones,35,CLE,SF,1,0,42,7.4,17.2,.429,1.2,2.5,.500,6.1,14.7,.417,.464,0.0,0.0,,1.2,4.9,6.1,2.5,1.2,2.5,0.0,7.4,15.9,106,104,,jonesda02
456,Erick Green,24,2TM,PG,9,0,42,6.2,16.2,.385,1.2,6.2,.200,5.0,10.0,.500,.423,2.5,2.5,1.000,3.7,3.7,7.5,3.7,1.2,0.0,0.0,5.0,16.2,117,109,,greener01
456,Erick Green,24,DEN,PG,3,0,7,0.0,7.2,.000,0.0,7.2,.000,0.0,0.0,,.000,0.0,0.0,,0.0,7.2,7.2,7.2,0.0,0.0,0.0,0.0,0.0,53,114,,greener01
456,Erick Green,24,UTA,PG,6,0,35,7.5,18.1,.417,1.5,6.0,.250,6.0,12.1,.500,.458,3.0,3.0,1.000,4.5,3.0,7.5,3.0,1.5,0.0,0.0,6.0,19.6,123,108,,greener01
457,Shayne Whittington,24,IND,PF,7,0,41,6.1,13.3,.455,0.0,2.4,.000,6.1,10.9,.556,.455,1.2,2.4,.500,6.1,8.5,14.5,3.6,1.2,1.2,6.1,8.5,13.3,84,103,,whittsh01
458,Bryce Cotton,23,2TM,PG,8,0,39,5.0,12.6,.400,0.0,3.8,.000,5.0,8.8,.571,.400,0.0,0.0,,0.0,0.0,0.0,3.8,3.8,0.0,6.3,2.5,10.1,54,109,,cottobr01
458,Bryce Cotton,23,PHO,PG,3,0,33,3.0,11.8,.250,0.0,4.4,.000,3.0,7.4,.400,.250,0.0,0.0,,0.0,0.0,0.0,4.4,4.4,0.0,7.4,3.0,5.9,43,108,,cottobr01
458,Bryce Cotton,23,MEM,PG,5,0,6,17.2,17.2,1.000,0.0,0.0,,17.2,17.2,1.000,1.000,0.0,0.0,,0.0,0.0,0.0,0.0,0.0,0.0,0.0,0.0,34.3,200,118,,cottobr01
459,Cliff Alexander,20,POR,PF,8,0,36,6.9,13.9,.500,0.0,0.0,,6.9,13.9,.500,.500,0.0,0.0,,2.8,5.6,8.3,0.0,1.4,2.8,1.4,1.4,13.9,100,107,,alexacl01
460,Justin Harper,26,DET,PF,5,0,35,5.8,14.4,.400,5.8,13.0,.444,0.0,1.4,.000,.600,1.4,2.9,.500,0.0,1.4,1.4,0.0,1.4,0.0,2.9,4.3,18.7,100,110,,harpeju01
461,Branden Dawson,22,LAC,PF,6,0,29,3.5,8.6,.400,0.0,0.0,,3.5,8.6,.400,.400,1.7,1.7,1.000,3.5,3.5,6.9,0.0,0.0,1.7,0.0,3.5,8.6,113,110,,dawsobr01
462,Keith Appling,23,ORL,PG,5,0,27,3.7,14.8,.250,0.0,5.6,.000,3.7,9.3,.400,.250,3.7,3.7,1.000,0.0,1.9,1.9,1.9,1.9,0.0,5.6,9.3,11.1,57,110,,applike01
463,Chuck Hayes,32,HOU,C,2,0,24,2.0,4.1,.500,0.0,0.0,,2.0,4.1,.500,.500,4.1,4.1,1.000,0.0,16.4,16.4,4.1,0.0,0.0,6.1,12.3,8.2,79,107,,hayesch01
464,Duje Dukan,24,SAC,SF,1,0,24,4.0,20.0,.200,4.0,10.0,.400,0.0,10.0,.000,.300,0.0,0.0,,4.0,4.0,8.0,2.0,2.0,0.0,0.0,4.0,12.0,82,111,,dukandu01
465,Nate Robinson,31,NOP,PG,2,1,23,0.0,2.2,.000,0.0,2.2,.000,0.0,0.0,,.000,0.0,0.0,,0.0,0.0,0.0,8.6,2.2,0.0,0.0,10.8,0.0,121,113,,robinna01
466,Kevon Looney,19,GSW,PF,5,0,21,9.2,16.1,.571,2.3,4.6,.500,6.9,11.5,.600,.643,0.0,0.0,,9.2,13.8,23.0,0.0,0.0,0.0,2.3,4.6,20.7,125,105,,looneke01
467,Nazr Mohammed,38,OKC,C,5,0,19,7.8,13.1,.600,0.0,0.0,,7.8,13.1,.600,.600,5.2,5.2,1.000,2.6,7.8,10.5,0.0,0.0,0.0,7.8,10.5,20.9,91,110,,mohamna01
468,Jarnell Stokes,22,2TM,C,7,0,18,8.6,14.3,.600,0.0,0.0,,8.6,14.3,.600,.600,2.9,5.7,.500,2.9,8.6,11.4,2.9,2.9,0.0,0.0,2.9,20.0,131,103,,stokeja01
468,Jarnell Stokes,22,MEM,C,2,0,4,0.0,0.0,,0.0,0.0,,0.0,0.0,,,0.0,0.0,,12.9,12.9,25.7,0.0,0.0,0.0,0.0,0.0,0.0,214,109,,stokeja01
468,Jarnell Stokes,22,MIA,C,5,0,14,11.0,18.3,.600,0.0,0.0,,11.0,18.3,.600,.600,3.7,7.3,.500,0.0,7.3,7.3,3.7,3.7,0.0,0.0,3.7,25.6,126,101,,stokeja01
469,Jimmer Fredette,26,2TM,SG,6,0,18,5.6,13.9,.400,2.8,5.6,.500,2.8,8.3,.333,.500,11.1,13.9,.800,0.0,0.0,0.0,2.8,2.8,0.0,5.6,5.6,25.0,94,111,,fredeji01
469,Jimmer Fredette,26,NOP,SG,4,0,13,3.8,15.3,.250,0.0,3.8,.000,3.8,11.4,.333,.250,0.0,0.0,,0.0,0.0,0.0,3.8,3.8,0.0,3.8,3.8,7.6,51,109,,fredeji01
469,Jimmer Fredette,26,NYK,SG,2,0,5,10.3,10.3,1.000,10.3,10.3,1.000,0.0,0.0,,1.500,41.1,51.4,.800,0.0,0.0,0.0,0.0,0.0,0.0,10.3,10.3,72.0,151,116,,fredeji01
470,Joe Harris,24,CLE,SG,5,0,15,3.4,13.7,.250,3.4,13.7,.250,0.0,0.0,,.375,0.0,0.0,,0.0,10.3,10.3,6.9,0.0,0.0,3.4,3.4,10.3,81,107,,harrijo01
471,Jordan Adams,21,MEM,SG,2,0,15,6.9,20.6,.333,0.0,3.4,.000,6.9,17.2,.400,.333,10.3,17.2,.600,0.0,6.9,6.9,10.3,10.3,0.0,6.9,6.9,24.0,84,90,,adamsjo01
472,Coty Clarke,23,BOS,SF,3,0,6,16.2,32.5,.500,16.2,16.2,1.000,0.0,16.2,.000,.750,0.0,0.0,,0.0,8.1,8.1,0.0,0.0,0.0,8.1,0.0,48.7,96,108,,clarkco01
473,Sam Dekker,21,HOU,PF,3,0,6,0.0,0.0,,0.0,0.0,,0.0,0.0,,,0.0,0.0,,0.0,8.2,8.2,0.0,8.2,0.0,0.0,0.0,0.0,,95,,dekkesa01
474,Thanasis Antetokounmpo,23,NYK,SF,2,0,6,25.7,34.3,.750,0.0,8.6,.000,25.7,25.7,1.000,.750,0.0,0.0,,0.0,8.6,8.6,0.0,0.0,0.0,0.0,17.1,51.4,140,110,,antetth01
475,J.J. O'Brien,23,UTA,SF,2,0,6,0.0,8.8,.000,0.0,0.0,,0.0,8.8,.000,.000,0.0,0.0,,0.0,8.8,8.8,0.0,8.8,0.0,0.0,8.8,0.0,0,89,,obriejj01
476,Rakeem Christmas,24,IND,PF,1,0,6,16.6,16.6,1.000,0.0,0.0,,16.6,16.6,1.000,1.000,0.0,0.0,,8.3,0.0,8.3,0.0,0.0,0.0,0.0,8.3,33.1,204,112,,chrisra01