"Player","Shooter_Cluster"
"James Harden","2"
"Gordon Hayward","2"
"Kemba Walker","2"
"Trevor Ariza","1"
"Marcus Morris","3"
"Khris Middleton","3"
"Kyle Lowry","2"
"Andrew Wiggins","3"
"Giannis Antetokounmpo","5"
"Paul George","2"
"Draymond Green","2"
"DeMar DeRozan","3"
"Kentavious Caldwell-Pope","1"
"John Wall","2"
"CJ McCollum","2"
"Russell Westbrook","2"
"Monta Ellis","2"
"LeBron James","2"
"Joe Johnson","2"
"Stephen Curry","2"
"Damian Lillard","2"
"Andre Drummond","4"
"Klay Thompson","3"
"Paul Millsap","3"
"Isaiah Thomas","2"
"Wesley Matthews","1"
"Al Horford","3"
"Karl-Anthony Towns","3"
"DeAndre Jordan","4"
"Kevin Durant","3"
"Evan Fournier","1"
"Jordan Clarkson","2"
"Rodney Hood","2"
"P.J. Tucker","1"
"Rajon Rondo","2"
"Avery Bradley","1"
"Carmelo Anthony","2"
"George Hill","1"
"Tobias Harris","3"
"Serge Ibaka","3"
"Jimmy Butler","3"
"Brook Lopez","3"
"Nicolas Batum","2"
"Gary Harris","1"
"Reggie Jackson","2"
"Kevin Love","3"
"Chris Paul","2"
"Jabari Parker","5"
"Thaddeus Young","3"
"Kyle Korver","1"
"Luol Deng","5"
"Kawhi Leonard","3"
"Victor Oladipo","2"
"Rudy Gay","3"
"Arron Afflalo","3"
"Dirk Nowitzki","3"
"Goran Dragić","2"
"J.R. Smith","1"
"Will Barton","2"
"Al-Farouq Aminu","1"
"Marvin Williams","1"
"Courtney Lee","1"
"Ricky Rubio","2"
"Greg Monroe","4"
"Jae Crowder","1"
"Zach LaVine","2"
"Pau Gasol","3"
"Julius Randle","5"
"Dwight Howard","4"
"Otto Porter Jr.","1"
"Evan Turner","3"
"Tristan Thompson","4"
"LaMarcus Aldridge","3"
"D'Angelo Russell","2"
"Dwyane Wade","3"
"Marcin Gortat","4"
"Jeff Teague","2"
"Jeff Green","3"
"DeMarcus Cousins","3"
"Ish Smith","2"
"Justise Winslow","5"
"Gorgui Dieng","5"
"Robin Lopez","4"
"Darren Collison","2"
"Raymond Felton","2"
"Matt Barnes","1"
"Anthony Davis","3"
"Hollis Thompson","1"
"Dion Waiters","1"
"Elfrid Payton","2"
"Jamal Crawford","2"
"Hassan Whiteside","4"
"Bojan Bogdanović","1"
"Devin Booker","3"
"Deron Williams","2"
"Allen Crabbe","1"
"Jared Dudley","1"
"JJ Redick","1"
"Derrick Rose","2"
"Mason Plumlee","4"
"Kent Bazemore","1"
"Emmanuel Mudiay","2"
"Jerami Grant","5"
"Danny Green","1"
"Jeremy Lin","2"
"Kristaps Porziņģis","3"
"Cory Joseph","2"
"Harrison Barnes","1"
"Patrick Beverley","1"
"Nikola Vučević","3"
"Langston Galloway","1"
"José Calderón","1"
"Patrick Patterson","1"
"Zach Randolph","3"
"Steven Adams","4"
"Ryan Anderson","3"
"Zaza Pachulia","4"
"Derrick Favors","4"
"Tony Parker","2"
"Dante Cunningham","1"
"Isaiah Canaan","1"
"Nerlens Noel","5"
"Garrett Temple","1"
"Taj Gibson","4"
"Rudy Gobert","4"
"Jared Sullinger","3"
"Lou Williams","2"
"Robert Covington","1"
"Ersan İlyasova","1"
"Omri Casspi","5"
"Roy Hibbert","4"
"Brandon Knight","2"
"Matthew Dellavedova","2"
"Aaron Gordon","5"
"Kobe Bryant","2"
"Doug McDermott","1"
"Danilo Gallinari","1"
"Jrue Holiday","2"
"Alex Len","5"
"Ian Mahinmi","4"
"Nik Stauskas","1"
"Bismack Biyombo","4"
"Amir Johnson","5"
"Chandler Parsons","1"
"Marc Gasol","3"
"Chris Bosh","3"
"Cody Zeller","5"
"Mike Conley","2"
"Thabo Sefolosha","5"
"Shane Larkin","2"
"Terrence Ross","1"
"Nikola Jokić","3"
"Andre Iguodala","1"
"Enes Freedom","5"
"Frank Kaminsky","1"
"Bradley Beal","3"
"Kenneth Faried","5"
"Stanley Johnson","1"
"Mirza Teletović","1"
"Ed Davis","4"
"Shabazz Muhammad","3"
"Marco Belinelli","1"
"Corey Brewer","1"
"Ramon Sessions","3"
"J.J. Barea","2"
"Marcus Smart","1"
"Kyrie Irving","2"
"Wesley Johnson","1"
"Patty Mills","1"
"Michael Carter-Williams","2"
"Nikola Mirotić","1"
"Randy Foye","1"
"Luis Scola","3"
"Trevor Booker","5"
"Alonzo Gee","5"
"Markieff Morris","3"
"Dennis Schröder","2"
"Tony Allen","5"
"Tyson Chandler","4"
"Wayne Ellington","1"
"T.J. McConnell","2"
"Lavoy Allen","4"
"Jahlil Okafor","3"
"Gerald Green","1"
"Jonas Valančiūnas","4"
"Andre Roberson","5"
"Tim Duncan","4"
"Shaun Livingston","3"
"Darrell Arthur","1"
"Jordan Hill","5"
"Jerryd Bayless","1"
"Raul Neto","2"
"Kosta Koufos","4"
"Eric Gordon","1"
"Clint Capela","4"
"Austin Rivers","2"
"C.J. Miles","1"
"Tayshaun Prince","5"
"Maurice Harkless","5"
"Andrew Bogut","5"
"JaMychal Green","5"
"Ben McLemore","1"
"Derrick Williams","3"
"Gerald Henderson","3"
"Mario Hezonja","1"
"Willie Cauley-Stein","4"
"Ty Lawson","2"
"David West","3"
"Kelly Olynyk","1"
"Boris Diaw","3"
"Trey Lyles","1"
"Mario Chalmers","2"
"Lance Stephenson","2"
"Myles Turner","3"
"Trey Burke","2"
"Brandon Bass","4"
"Anthony Tolliver","1"
"Meyers Leonard","1"
"Timofey Mozgov","5"
"Richard Jefferson","1"
"Donald Sloan","2"
"Iman Shumpert","1"
"Lance Thomas","1"
"P.J. Hairston","1"
"Tony Snell","1"
"Devin Harris","1"
"Rodney Stuckey","2"
"Luc Mbah a Moute","5"
"Larry Nance Jr.","5"
"Jerian Grant","2"
"E'Twaun Moore","3"
"Toney Douglas","1"
"Jason Terry","1"
"Jon Leuer","3"
"Kyle Anderson","3"
"Joe Ingles","1"
"Aron Baynes","4"
"Paul Pierce","1"
"Jeremy Lamb","3"
"Ronnie Price","1"
"Channing Frye","1"
"Norris Cole","2"
"Jason Smith","3"
"Ömer Aşık","4"
"D.J. Augustin","2"
"Jonas Jerebko","1"
"Noah Vonleh","5"
"Blake Griffin","3"
"JaKarr Sampson","5"
"Mike Scott","1"
"Manu Ginóbili","2"
"Archie Goodwin","2"
"Marcus Thornton","2"
"Aaron Brooks","2"
"Josh Richardson","1"
"Bobby Portis","3"
"Al Jefferson","3"
"Kevin Martin","3"
"Nenê","4"
"O.J. Mayo","1"
"Leandro Barbosa","1"
"Nemanja Bjelica","1"
"T.J. Warren","3"
"Eric Bledsoe","2"
"Shelvin Mack","2"
"Brandon Rush","1"
"Terrence Jones","5"
"Joffrey Lauvergne","5"
"Jameer Nelson","2"
"Spencer Hawes","1"
"Nick Young","1"
"Jarrett Jack","2"
"Vince Carter","1"
"Rashad Vaughn","1"
"Dwight Powell","5"
"Steve Blake","1"
"Markel Brown","1"
"Kyle Singler","1"
"John Henson","4"
"Chase Budinger","5"
"Anthony Morrow","1"
"James Johnson","5"
"Thomas Robinson","4"
"Sasha Vujačić","1"
"David Lee","4"
"Josh Smith","1"
"Quincy Acy","5"
"Miles Plumlee","4"
"Marcelo Huertas","2"
"Brandon Jennings","2"
"Solomon Hill","1"
"Tim Hardaway Jr.","1"
"Tyler Johnson","1"
"Alexis Ajinça","4"
"Chris Johnson","1"
"Johnny O'Bryant","5"
"Luke Babbitt","1"
"Marreese Speights","3"
"Pablo Prigioni","1"
"Andrew Nicholson","3"
"Jonathon Simmons","5"
"Gary Neal","3"
"Cole Aldrich","4"
"Alec Burks","2"
"DeMarre Carroll","1"
"Justin Holiday","1"
"Festus Ezeli","4"
"Tyreke Evans","2"
"Kyle O'Quinn","3"
"Amar'e Stoudemire","4"
"Mo Williams","2"
"Tim Frazier","2"
"Norman Powell","1"
"James Anderson","1"
"Tyler Zeller","4"
"Beno Udrih","2"
"Dewayne Dedmon","4"
"Mike Dunleavy","1"
"Richaun Holmes","5"
"Nick Collison","4"
"Cameron Payne","2"
"Seth Curry","1"
"Kelly Oubre Jr.","5"
"Charlie Villanueva","3"
"Jeff Withey","4"
"C.J. Watson","1"
"Tyler Ennis","2"
"Justin Anderson","1"
"Joakim Noah","4"
"Andrea Bargnani","3"
"Kirk Hinrich","1"
"Sean Kilpatrick","3"
"Rondae Hollis-Jefferson","5"
"Shabazz Napier","2"
"Anthony Brown","1"
"Josh McRoberts","1"
"Metta World Peace","1"
"Tiago Splitter","4"
"Ian Clark","1"
"Tyus Jones","2"
"Carl Landry","3"
"Mike Muscala","5"
"Kevin Garnett","5"
"Donatas Motiejūnas","3"
"Jusuf Nurkić","4"
"Kendrick Perkins","4"
"Kevin Séraphin","3"
"Boban Marjanović","4"
"Glenn Robinson III","5"
