Rk,Player,Age,Team,Pos,G,GS,MP,FG%,Dist.,2P,0-3,3-10,10-16,16-3P,3P,2P,0-3,3-10,10-16,16-3P,3P,2P,3P,%FGA,#,%3PA,3P%,Att.,Md.,Awards,-9999
1,James Harden,26,HOU,SG,82,82,3125,.439,14.4,.594,.246,.124,.105,.120,.406,.494,.650,.328,.426,.402,.359,.181,.521,.011,16,.094,.274,0,0,MVP-9AS,hardeja01
2,Gordon Hayward,25,UTA,SF,80,80,2893,.433,13.6,.659,.209,.182,.128,.140,.341,.477,.622,.438,.409,.375,.349,.320,.797,.051,52,.234,.385,2,0,,haywago01
3,Kemba Walker,25,CHO,PG,81,81,2885,.427,14.8,.632,.250,.092,.091,.200,.368,.459,.598,.336,.380,.376,.371,.189,.599,.000,0,.106,.404,4,1,,walkeke02
4,Trevor Ariza,30,HOU,SF,81,81,2859,.416,16.2,.419,.255,.054,.035,.077,.581,.478,.594,.283,.267,.318,.371,.599,.914,.068,55,.415,.430,1,0,DPOY-13,arizatr01
5,Marcus Morris,26,DET,SF,80,80,2856,.434,15.0,.685,.158,.106,.213,.211,.315,.467,.671,.340,.383,.457,.362,.348,.926,.016,15,.285,.329,2,0,,morrima03
6,Khris Middleton,24,MIL,SG,79,79,2852,.444,15.2,.684,.146,.123,.189,.226,.316,.466,.635,.397,.440,.415,.396,.415,.888,.020,22,.224,.432,2,0,,middlkh01
7,Kyle Lowry,29,TOR,PG,77,77,2851,.427,15.6,.543,.216,.141,.070,.117,.457,.461,.602,.355,.357,.386,.388,.170,.684,.000,0,.101,.491,2,1,MVP-10DPOY-13ASNBA3,lowryky01
8,Andrew Wiggins,20,MIN,SF,81,81,2845,.459,10.9,.853,.321,.158,.132,.243,.147,.486,.648,.456,.386,.347,.300,.510,.825,.070,84,.158,.400,1,0,,wiggian01
9,Giannis Antetokounmpo,21,MIL,PG,80,79,2823,.506,7.5,.892,.509,.180,.058,.143,.108,.537,.684,.346,.288,.359,.257,.485,.821,.143,141,.321,.343,4,0,,antetgi01
10,Paul George,25,IND,SF,81,81,2819,.418,16.2,.609,.168,.081,.118,.242,.391,.447,.602,.415,.351,.397,.371,.319,.710,.024,32,.239,.415,0,0,ASNBA3DEF2,georgpa01
11,Draymond Green,25,GSW,PF,81,81,2808,.490,10.0,.685,.488,.144,.023,.029,.315,.537,.618,.339,.368,.292,.388,.618,.960,.061,47,.093,.417,1,0,MVP-7DPOY-2ASNBA2DEF1,greendr01
12,DeMar DeRozan,26,TOR,SG,78,78,2804,.446,11.2,.899,.226,.213,.214,.247,.101,.458,.630,.433,.415,.359,.338,.252,.830,.029,36,.424,.441,3,0,AS,derozde01
13,Kentavious Caldwell-Pope,22,DET,SG,76,76,2789,.420,14.8,.616,.228,.116,.107,.166,.384,.489,.639,.333,.476,.396,.309,.481,.842,.027,23,.266,.378,5,0,,caldwke01
14,John Wall,25,WAS,PG,77,77,2784,.424,13.7,.757,.290,.064,.094,.310,.243,.448,.598,.302,.370,.359,.351,.188,.670,.032,40,.116,.368,2,0,AS,walljo01
15,CJ McCollum,24,POR,SG,80,80,2780,.448,14.7,.670,.174,.149,.147,.201,.330,.463,.522,.408,.476,.443,.417,.203,.721,.008,10,.214,.436,0,0,MIP-1,mccolcj01
16,Russell Westbrook,27,OKC,PG,80,80,2750,.454,10.9,.764,.377,.110,.171,.106,.236,.503,.596,.409,.429,.392,.296,.177,.426,.054,69,.100,.265,1,0,MVP-4ASNBA1,westbru01
17,Monta Ellis,30,IND,SG,81,81,2734,.427,14.4,.724,.236,.088,.109,.292,.276,.472,.593,.478,.441,.383,.309,.221,.724,.006,6,.287,.383,5,0,,ellismo01
18,LeBron James,31,CLE,SF,76,76,2709,.520,9.6,.801,.459,.119,.093,.129,.199,.573,.722,.361,.348,.404,.309,.378,.598,.083,111,.117,.273,0,0,MVP-3DPOY-11ASNBA1,jamesle01
19,Joe Johnson,34,2TM,SF,81,81,2703,.439,15.1,.636,.075,.246,.156,.159,.364,.471,.594,.474,.507,.372,.383,.206,.892,.000,0,.339,.415,3,0,,johnsjo02
19,Joe Johnson,34,BRK,SF,57,57,1934,.406,16.0,.623,.063,.232,.156,.173,.377,.427,.579,.426,.474,.333,.371,.241,.906,.000,0,.279,.422,2,0,,johnsjo02
19,Joe Johnson,34,MIA,SF,24,24,769,.518,14.2,.665,.104,.279,.155,.127,.335,.569,.615,.571,.590,.500,.417,.147,.857,.000,0,.500,.405,1,0,,johnsjo02
20,Stephen Curry,27,GSW,PG,79,79,2700,.504,17.4,.446,.225,.084,.048,.088,.554,.566,.696,.422,.447,.443,.454,.372,.547,.004,7,.129,.482,11,2,MVP-1ASNBA1,curryst01
21,Damian Lillard,25,POR,PG,75,75,2676,.419,15.0,.586,.260,.110,.072,.145,.414,.450,.546,.315,.368,.423,.375,.203,.472,.009,11,.056,.382,3,0,MVP-8NBA2,lillada01
22,Andre Drummond,22,DET,C,81,81,2666,.521,3.1,.994,.592,.358,.042,.004,.006,.522,.612,.409,.227,.250,.333,.533,.000,.125,115,.000,,4,1,DPOY-10ASNBA3,drumman01
23,Klay Thompson,25,GSW,SG,80,80,2666,.470,16.5,.531,.182,.082,.131,.138,.469,.510,.687,.336,.423,.455,.425,.725,.920,.013,15,.246,.419,4,0,ASNBA3,thompkl01
24,Paul Millsap,30,ATL,PF,81,81,2647,.470,9.9,.782,.363,.205,.131,.084,.218,.512,.630,.385,.464,.378,.319,.644,.973,.046,40,.181,.190,1,0,DPOY-5ASDEF2,millspa01
25,Isaiah Thomas,26,BOS,PG,82,79,2644,.428,12.2,.664,.340,.135,.104,.084,.336,.462,.581,.289,.382,.362,.359,.337,.647,.000,0,.142,.470,0,0,AS,thomais02
26,Wesley Matthews,29,DAL,SF,78,78,2644,.388,18.5,.385,.105,.093,.081,.107,.615,.432,.500,.342,.406,.462,.360,.415,.884,.002,2,.288,.424,0,0,,matthwe02
27,Al Horford,29,ATL,C,82,82,2631,.505,12.3,.756,.300,.136,.089,.231,.244,.557,.745,.385,.355,.492,.344,.776,1.000,.084,84,.227,.259,0,0,DPOY-13AS,horfoal01
28,Karl-Anthony Towns,20,MIN,C,82,82,2627,.542,9.8,.924,.342,.211,.091,.279,.076,.559,.701,.465,.410,.506,.341,.667,.900,.069,72,.102,.222,1,0,ROY-1,townska01
29,DeAndre Jordan,27,LAC,C,77,77,2598,.703,1.2,.998,.839,.154,.006,.000,.002,.704,.765,.385,.333,,.000,.782,,.488,227,.000,,0,0,DPOY-4NBA1DEF1,jordade01
30,Kevin Durant,27,OKC,SF,72,72,2578,.505,14.6,.652,.212,.098,.182,.161,.348,.569,.737,.437,.542,.455,.387,.518,.640,.081,106,.037,.389,0,0,MVP-5ASNBA2,duranke01
31,Evan Fournier,23,ORL,SF,79,71,2566,.462,14.1,.580,.300,.125,.053,.103,.420,.506,.634,.405,.388,.313,.400,.473,.865,.011,9,.200,.397,4,0,,fournev01
32,Jordan Clarkson,23,LAL,SG,79,79,2552,.433,12.6,.709,.261,.195,.106,.149,.291,.468,.540,.477,.379,.384,.347,.305,.757,.026,23,.191,.295,2,0,,clarkjo01
33,Rodney Hood,23,UTA,SG,79,79,2541,.420,16.0,.538,.111,.200,.130,.098,.462,.472,.611,.448,.421,.432,.359,.206,.752,.012,10,.218,.367,2,0,,hoodro01
34,P.J. Tucker,30,PHO,SF,82,80,2540,.411,11.4,.646,.368,.172,.029,.077,.354,.455,.533,.350,.412,.333,.330,.357,.971,.012,6,.699,.340,1,0,,tuckepj01
35,Rajon Rondo,29,SAC,PG,72,72,2537,.454,10.9,.783,.344,.207,.046,.185,.217,.479,.639,.377,.306,.338,.365,.191,.710,.008,5,.341,.448,2,0,,rondora01
36,Avery Bradley,25,BOS,SG,76,72,2536,.447,16.4,.601,.216,.034,.042,.309,.399,.505,.718,.400,.349,.387,.361,.647,.912,.025,25,.329,.313,0,0,DPOY-6DEF1,bradlav01
37,Carmelo Anthony,31,NYK,SF,72,72,2530,.434,14.0,.763,.213,.087,.208,.255,.237,.463,.540,.404,.423,.453,.339,.273,.743,.018,19,.103,.375,1,0,AS,anthoca01
38,George Hill,29,IND,PG,74,73,2524,.441,15.3,.575,.222,.099,.103,.153,.425,.466,.622,.397,.342,.363,.408,.338,.820,.016,12,.379,.445,0,0,,hillge01
39,Tobias Harris,23,2TM,PF,76,74,2513,.469,10.5,.731,.375,.187,.076,.094,.269,.518,.631,.410,.353,.417,.335,.561,.938,.057,49,.351,.310,0,0,,harrito02
39,Tobias Harris,23,ORL,PF,49,49,1610,.464,10.4,.721,.403,.165,.061,.092,.279,.523,.624,.427,.242,.440,.311,.588,.915,.085,45,.397,.300,0,0,,harrito02
39,Tobias Harris,23,DET,PF,27,25,903,.477,10.7,.747,.330,.221,.101,.098,.253,.512,.643,.390,.457,.382,.375,.519,.970,.014,4,.273,.333,0,0,,harrito02
40,Serge Ibaka,26,OKC,PF,78,78,2500,.479,13.6,.788,.196,.129,.123,.341,.212,.520,.671,.500,.486,.453,.326,.837,.983,.075,61,.527,.351,0,0,,ibakase01
41,Jimmy Butler,26,CHI,SG,67,67,2474,.454,12.0,.802,.313,.120,.131,.236,.198,.489,.673,.363,.360,.385,.312,.441,.719,.071,69,.176,.361,6,1,DPOY-11ASDEF2,butleji01
42,Brook Lopez,27,BRK,C,73,73,2457,.511,7.8,.988,.324,.323,.189,.152,.012,.515,.637,.476,.452,.415,.143,.591,1.000,.050,53,.214,.000,0,0,,lopezbr01
43,Nicolas Batum,27,CHO,SF,70,70,2448,.426,17.2,.543,.151,.055,.120,.215,.457,.492,.697,.396,.438,.404,.348,.429,.784,.025,21,.108,.372,1,0,,batumni01
44,Gary Harris,21,DEN,SG,76,76,2439,.469,13.1,.612,.358,.080,.075,.099,.388,.543,.613,.410,.456,.461,.354,.622,.943,.058,41,.343,.343,1,0,,harriga01
45,Reggie Jackson,25,DET,PG,79,79,2424,.434,11.9,.732,.280,.219,.122,.109,.268,.464,.575,.381,.480,.331,.353,.064,.415,.011,13,.117,.385,2,0,,jacksre01
46,Kevin Love,27,CLE,PF,77,77,2424,.419,15.2,.551,.173,.190,.084,.104,.449,.467,.550,.452,.341,.451,.360,.602,.987,.023,20,.303,.398,0,0,,loveke01
47,Chris Paul,30,LAC,PG,74,74,2420,.462,15.8,.705,.121,.121,.184,.278,.295,.501,.615,.504,.527,.432,.371,.115,.336,.002,2,.116,.342,1,0,MVP-6DPOY-13ASNBA2DEF1,paulch01
48,Jabari Parker,20,MIL,PF,76,72,2408,.493,7.7,.961,.461,.150,.140,.210,.039,.502,.657,.356,.397,.339,.257,.719,.778,.154,129,.514,.278,0,0,,parkeja01
49,Thaddeus Young,27,BRK,PF,73,73,2407,.514,6.6,.969,.388,.388,.053,.139,.031,.523,.612,.497,.333,.418,.233,.559,.714,.030,27,.300,.111,2,0,,youngth01
50,Kyle Korver,34,ATL,SG,80,80,2401,.435,20.7,.356,.058,.021,.054,.222,.644,.502,.639,.308,.576,.467,.398,.864,.975,.002,1,.224,.449,0,0,,korveky01
51,Luol Deng,30,MIA,PF,74,73,2394,.455,13.0,.656,.305,.136,.059,.160,.344,.513,.670,.446,.205,.378,.344,.622,1.000,.035,26,.539,.362,1,0,,denglu01
52,Kawhi Leonard,24,SAS,SF,72,72,2380,.506,13.3,.733,.207,.148,.201,.178,.267,.528,.730,.472,.498,.376,.443,.450,.860,.061,64,.220,.484,0,0,MVP-2DPOY-1ASNBA1DEF1,leonaka01
53,Victor Oladipo,23,ORL,SG,72,52,2379,.438,13.5,.709,.298,.082,.100,.230,.291,.475,.574,.313,.402,.435,.348,.388,.806,.042,33,.262,.405,4,0,,oladivi01
54,Rudy Gay,29,SAC,SF,70,70,2379,.463,11.1,.786,.267,.248,.135,.136,.214,.495,.651,.384,.471,.416,.344,.528,.824,.088,78,.279,.400,1,0,,gayru01
55,Arron Afflalo,30,NYK,SG,71,57,2371,.443,14.8,.702,.115,.178,.193,.217,.298,.469,.609,.458,.455,.416,.382,.490,.912,.003,2,.424,.446,0,0,,afflaar01
56,Dirk Nowitzki,37,DAL,PF,75,75,2364,.448,16.6,.692,.075,.068,.261,.289,.308,.483,.735,.329,.476,.461,.368,.632,.984,.004,5,.102,.314,0,0,,nowitdi01
57,Goran Dragić,29,MIA,PG,72,72,2363,.477,11.3,.766,.328,.142,.169,.127,.234,.527,.666,.387,.426,.459,.312,.252,.750,.001,1,.244,.260,0,0,,dragigo01
58,J.R. Smith,30,CLE,SG,77,77,2362,.415,19.1,.400,.081,.109,.073,.135,.600,.438,.623,.398,.387,.391,.400,.430,.926,.013,11,.241,.390,1,0,,smithjr01
59,Will Barton,25,DEN,SG,82,1,2353,.432,12.6,.669,.297,.181,.091,.103,.331,.476,.599,.399,.393,.327,.345,.387,.795,.048,46,.138,.333,5,0,6MOY-4,bartowi01
60,Al-Farouq Aminu,25,POR,SF,82,82,2341,.416,14.9,.515,.252,.121,.047,.095,.485,.468,.597,.299,.382,.382,.361,.595,.921,.061,42,.410,.392,1,0,,aminual01
61,Marvin Williams,29,CHO,PF,81,81,2338,.452,16.0,.494,.214,.124,.048,.106,.506,.504,.538,.527,.556,.392,.402,.591,.993,.020,12,.270,.461,1,0,,willima02
62,Courtney Lee,30,2TM,SG,79,65,2334,.454,15.2,.660,.191,.091,.136,.243,.340,.493,.607,.466,.414,.458,.378,.606,1.000,.006,3,.369,.325,1,0,,leeco01
62,Courtney Lee,30,MEM,SG,51,37,1489,.458,15.0,.671,.172,.105,.153,.241,.329,.502,.597,.568,.406,.465,.370,.631,1.000,.010,3,.399,.255,0,0,,leeco01
62,Courtney Lee,30,CHO,SG,28,28,845,.445,15.5,.641,.227,.064,.105,.245,.359,.475,.620,.143,.435,.444,.392,.552,1.000,.000,0,.316,.480,1,0,,leeco01
63,Ricky Rubio,25,MIN,PG,76,76,2323,.374,15.8,.676,.205,.053,.082,.336,.324,.396,.517,.258,.229,.386,.326,.268,.903,.000,0,.195,.432,1,0,,rubiori01
64,Greg Monroe,25,MIL,C,79,67,2314,.522,4.1,.999,.542,.324,.067,.065,.001,.522,.596,.446,.429,.393,.000,.570,,.021,19,.000,,0,0,,monrogr01
65,Jae Crowder,25,BOS,SF,73,73,2308,.443,15.1,.554,.274,.075,.064,.139,.446,.529,.704,.246,.346,.416,.336,.756,.943,.023,19,.226,.329,1,0,DPOY-13,crowdja01
66,Zach LaVine,20,MIN,SG,82,33,2294,.452,14.3,.670,.277,.090,.055,.249,.330,.482,.677,.349,.302,.351,.389,.416,.732,.059,52,.149,.468,0,0,6MOY-14,lavinza01
67,Pau Gasol,35,CHI,C,72,72,2291,.469,11.1,.931,.245,.192,.167,.327,.069,.478,.566,.435,.452,.452,.348,.668,.958,.025,24,.362,.320,0,0,AS,gasolpa01
68,Julius Randle,21,LAL,PF,81,60,2286,.429,6.7,.957,.474,.248,.079,.156,.043,.436,.568,.362,.227,.254,.278,.451,.700,.077,60,.111,.000,0,0,,randlju01
69,Dwight Howard,30,HOU,C,71,71,2280,.620,2.6,.990,.658,.322,.008,.003,.010,.626,.752,.378,.400,.000,.000,.710,,.318,176,.000,,2,0,,howardw01
70,Otto Porter Jr.,22,WAS,SF,75,73,2276,.473,15.2,.628,.244,.077,.084,.225,.372,.536,.674,.364,.450,.472,.367,.680,.969,.028,18,.360,.385,2,0,,porteot01
71,Evan Turner,27,BOS,SG,81,12,2271,.456,10.6,.890,.264,.162,.311,.153,.110,.482,.638,.418,.427,.391,.241,.303,.950,.013,8,.494,.341,1,0,6MOY-5,turneev01
72,Tristan Thompson,24,CLE,PF,82,34,2269,.588,2.4,1.000,.695,.260,.036,.010,.000,.588,.671,.413,.400,.000,,.700,,.255,98,,,0,0,6MOY-10,thomptr01
73,LaMarcus Aldridge,30,SAS,PF,74,74,2261,.513,10.0,.985,.279,.191,.211,.303,.015,.521,.733,.465,.427,.426,.000,.660,,.047,47,.500,.000,0,0,ASNBA3,aldrila01
74,D'Angelo Russell,19,LAL,PG,80,48,2259,.410,15.3,.613,.189,.129,.144,.151,.387,.447,.586,.463,.341,.361,.351,.271,.692,.002,2,.143,.358,7,0,ROY-9,russeda01
75,Dwyane Wade,34,MIA,SG,74,73,2258,.456,9.6,.963,.295,.230,.179,.259,.037,.468,.648,.430,.340,.386,.159,.278,.714,.030,36,.136,.333,3,1,AS,wadedw01
76,Marcin Gortat,31,WAS,C,75,74,2256,.567,5.3,.999,.452,.313,.195,.039,.001,.567,.704,.490,.403,.433,.000,.794,,.067,48,.000,,0,0,,gortama01
77,Jeff Teague,27,ATL,PG,79,78,2255,.439,11.0,.723,.372,.156,.098,.094,.277,.454,.563,.338,.412,.269,.401,.167,.636,.005,4,.106,.448,0,0,,teaguje01
78,Jeff Green,29,2TM,SF,80,41,2253,.430,11.3,.742,.308,.218,.090,.125,.258,.470,.602,.344,.486,.350,.315,.401,.896,.063,47,.343,.329,4,0,,greenje02
78,Jeff Green,29,MEM,SF,53,31,1544,.431,11.3,.756,.314,.206,.102,.133,.244,.470,.583,.383,.491,.324,.309,.399,.833,.072,35,.287,.333,4,0,,greenje02
78,Jeff Green,29,LAC,SF,27,10,709,.427,11.4,.712,.296,.243,.064,.109,.288,.468,.646,.277,.471,.414,.325,.404,1.000,.045,12,.442,.324,0,0,,greenje02
79,DeMarcus Cousins,25,SAC,C,65,65,2246,.451,9.2,.842,.360,.286,.035,.161,.158,.473,.595,.412,.255,.358,.333,.550,1.000,.062,73,.033,.286,1,0,ASNBA2,couside01
80,Ish Smith,27,2TM,PG,77,53,2239,.411,10.4,.824,.333,.188,.104,.199,.176,.428,.550,.341,.356,.344,.329,.188,.589,.009,7,.118,.400,1,0,,smithis01
80,Ish Smith,27,NOP,PG,27,3,617,.430,9.5,.855,.382,.206,.079,.189,.145,.451,.598,.340,.389,.302,.303,.159,.700,.004,1,.242,.375,0,0,,smithis01
80,Ish Smith,27,PHI,PG,50,50,1622,.405,11.2,.815,.318,.183,.112,.202,.185,.420,.532,.341,.349,.356,.336,.198,.565,.011,6,.088,.417,1,0,,smithis01
81,Justise Winslow,19,MIA,SF,78,8,2232,.422,10.5,.749,.392,.175,.039,.145,.251,.471,.575,.383,.278,.358,.276,.589,.969,.045,19,.716,.277,2,0,ROY-6,winslju01
82,Gorgui Dieng,26,MIN,C,82,39,2220,.532,8.2,.965,.387,.197,.157,.223,.035,.540,.710,.395,.462,.434,.300,.712,1.000,.131,69,.650,.385,0,0,,dienggo01
83,Robin Lopez,27,NYK,C,82,82,2219,.539,4.6,.998,.456,.394,.100,.048,.002,.540,.619,.529,.333,.313,.000,.524,,.069,44,1.000,.000,0,0,,lopezro01
84,Darren Collison,28,SAC,PG,74,15,2219,.486,13.3,.720,.272,.133,.094,.222,.280,.519,.645,.398,.493,.448,.401,.345,.770,.005,4,.300,.462,2,0,6MOY-15,collida01
85,Raymond Felton,31,DAL,PG,80,31,2192,.406,13.8,.688,.217,.198,.073,.199,.312,.463,.635,.400,.380,.368,.282,.207,.733,.000,0,.178,.263,2,0,,feltora01
86,Matt Barnes,35,MEM,SF,76,45,2190,.381,15.4,.466,.270,.107,.029,.061,.534,.449,.561,.311,.400,.214,.322,.634,.941,.013,8,.284,.305,3,0,,barnema02
87,Anthony Davis,22,NOP,C,61,61,2164,.493,10.3,.905,.299,.195,.165,.246,.095,.511,.697,.396,.420,.434,.324,.728,.943,.146,147,.213,.261,2,0,DPOY-9AS,davisan02
88,Hollis Thompson,24,PHI,SG,77,17,2154,.397,17.8,.424,.146,.103,.062,.112,.576,.420,.576,.371,.357,.303,.380,.645,.973,.004,3,.306,.450,1,0,,thompho01
89,Dion Waiters,24,OKC,SG,78,15,2152,.399,13.9,.660,.286,.076,.065,.229,.340,.421,.515,.333,.435,.333,.358,.306,.872,.025,16,.400,.385,0,0,,waitedi01
90,Elfrid Payton,21,ORL,PG,73,69,2145,.436,8.8,.874,.411,.212,.104,.147,.126,.451,.583,.381,.355,.252,.326,.285,.933,.016,9,.283,.308,1,0,,paytoel01
91,Jamal Crawford,35,LAC,SG,79,5,2126,.404,16.8,.634,.099,.134,.160,.241,.366,.440,.613,.468,.387,.389,.340,.260,.735,.001,1,.230,.418,6,0,6MOY-1,crawfja01
92,Hassan Whiteside,26,MIA,C,73,43,2125,.606,4.7,1.000,.503,.317,.104,.075,.000,.606,.773,.435,.437,.431,,.659,,.224,148,,,0,0,DPOY-3DEF2,whiteha01
93,Bojan Bogdanović,26,BRK,SF,79,39,2115,.433,14.3,.549,.258,.147,.076,.069,.451,.474,.601,.336,.316,.462,.382,.590,.907,.024,17,.402,.426,0,0,,bogdabo02
94,Devin Booker,19,PHO,SG,76,51,2108,.423,14.6,.667,.212,.129,.106,.219,.333,.464,.641,.411,.370,.368,.343,.455,.788,.012,9,.194,.375,1,0,ROY-4,bookede01
95,Deron Williams,31,DAL,PG,65,63,2106,.414,14.8,.636,.164,.183,.111,.178,.364,.454,.591,.401,.407,.413,.344,.241,.804,.001,1,.184,.481,2,0,,willide01
96,Allen Crabbe,23,POR,SG,81,8,2105,.459,17.2,.580,.133,.069,.109,.270,.420,.506,.711,.362,.514,.443,.393,.769,.964,.019,11,.302,.430,1,0,6MOY-16,crabbal01
97,Jared Dudley,30,WAS,PF,81,41,2098,.478,18.7,.511,.127,.027,.057,.298,.489,.534,.758,.385,.464,.469,.420,.872,1.000,.000,0,.244,.483,0,0,,dudleja01
98,JJ Redick,31,LAC,SG,75,75,2097,.480,19.5,.522,.074,.060,.050,.339,.478,.484,.631,.453,.364,.473,.475,.833,.940,.000,0,.159,.552,0,0,,redicjj01
99,Derrick Rose,27,CHI,PG,66,66,2097,.427,10.7,.857,.300,.205,.160,.191,.143,.449,.510,.423,.476,.360,.293,.223,.909,.001,1,.147,.318,2,0,,rosede01
100,Mason Plumlee,25,POR,C,82,82,2084,.516,3.6,.992,.619,.282,.058,.033,.008,.520,.631,.342,.333,.294,.000,.689,,.184,86,.000,,2,0,,plumlma01
101,Kent Bazemore,26,ATL,SF,75,68,2083,.441,12.7,.579,.390,.080,.026,.083,.421,.502,.594,.276,.368,.333,.357,.536,.927,.029,15,.384,.410,1,0,,bazemke01
102,Emmanuel Mudiay,19,DEN,PG,68,66,2068,.364,12.7,.744,.293,.117,.146,.186,.256,.379,.475,.292,.311,.339,.319,.286,.730,.018,14,.078,.278,1,0,ROY-7,mudiaem01
103,Jerami Grant,21,PHI,PF,77,52,2066,.419,8.4,.756,.491,.184,.047,.035,.244,.477,.619,.209,.179,.286,.240,.685,1.000,.137,73,.500,.288,0,0,,grantje01
104,Danny Green,28,SAS,SG,79,79,2062,.376,18.3,.378,.166,.050,.064,.094,.622,.448,.602,.250,.361,.340,.332,.716,.966,.018,6,.312,.294,3,0,,greenda02
105,Jeremy Lin,27,CHO,SG,78,13,2048,.412,13.0,.690,.305,.130,.088,.166,.310,.446,.568,.379,.344,.331,.336,.348,.816,.001,1,.102,.391,0,0,6MOY-7,linje01
106,Kristaps Porziņģis,20,NYK,PF,72,72,2047,.421,13.2,.726,.216,.184,.167,.159,.274,.454,.576,.356,.405,.454,.333,.586,.988,.064,52,.099,.292,1,0,ROY-2,porzikr01
107,Cory Joseph,24,TOR,SG,80,4,2046,.439,10.9,.812,.297,.239,.111,.164,.188,.478,.615,.400,.385,.406,.273,.189,.967,.000,0,.309,.441,1,0,,josepco01
108,Harrison Barnes,23,GSW,SF,66,59,2042,.466,13.9,.662,.227,.147,.104,.183,.338,.508,.625,.409,.394,.509,.383,.634,.988,.093,54,.444,.358,0,0,,barneha02
109,Patrick Beverley,27,HOU,PG,71,63,2041,.434,15.3,.478,.197,.175,.059,.047,.522,.472,.581,.365,.457,.429,.400,.351,.839,.003,2,.416,.403,0,0,,beverpa01
110,Nikola Vučević,25,ORL,C,65,60,2037,.510,9.8,.991,.247,.279,.166,.299,.009,.512,.616,.500,.431,.482,.222,.610,.500,.032,29,.000,,1,0,,vucevni01
111,Langston Galloway,24,NYK,PG,82,7,2033,.393,15.4,.619,.235,.097,.060,.228,.381,.423,.580,.421,.371,.276,.344,.468,.844,.003,2,.263,.475,6,0,,gallola01
112,José Calderón,34,NYK,PG,72,72,2024,.459,18.4,.554,.099,.029,.114,.312,.446,.496,.644,.538,.404,.479,.414,.304,.869,.000,0,.133,.481,0,0,,caldejo01
113,Patrick Patterson,26,TOR,PF,79,0,2020,.414,17.2,.406,.124,.152,.087,.043,.594,.490,.525,.560,.349,.429,.362,.500,.991,.037,16,.386,.372,0,0,6MOY-16,pattepa01
114,Zach Randolph,34,MEM,PF,68,53,2016,.475,8.6,.971,.314,.310,.103,.245,.029,.482,.604,.423,.462,.410,.231,.478,.833,.001,1,.077,.500,3,0,,randoza01
115,Steven Adams,22,OKC,C,80,80,2014,.613,2.2,1.000,.721,.258,.016,.005,.000,.613,.655,.500,.571,.500,,.762,,.277,101,,,0,0,,adamsst01
116,Ryan Anderson,27,NOP,PF,66,7,2008,.427,15.3,.615,.227,.097,.112,.179,.385,.466,.521,.433,.375,.470,.366,.444,.924,.020,16,.165,.322,5,0,6MOY-6,anderry01
117,Zaza Pachulia,31,DAL,C,76,69,2004,.466,5.9,.994,.523,.200,.147,.123,.006,.469,.589,.383,.290,.310,.000,.680,,.030,13,.000,,3,0,,pachuza01
118,Derrick Favors,24,UTA,PF,62,59,1983,.515,7.7,.995,.380,.210,.249,.157,.005,.518,.714,.453,.391,.331,.000,.646,,.107,85,.000,,2,0,,favorde01
119,Tony Parker,33,SAS,PG,72,72,1980,.493,10.5,.908,.311,.173,.141,.285,.092,.501,.615,.431,.420,.455,.415,.279,.815,.000,0,.692,.356,0,0,,parketo01
120,Dante Cunningham,28,NOP,SF,80,46,1971,.451,14.5,.578,.296,.083,.039,.163,.422,.550,.705,.235,.500,.433,.316,.855,1.000,.066,24,.615,.336,2,0,,cunnida01
121,Isaiah Canaan,24,PHI,SG,77,39,1966,.360,19.0,.328,.130,.096,.047,.057,.672,.354,.489,.261,.294,.244,.363,.417,.744,.000,0,.198,.406,0,0,,canaais01
122,Nerlens Noel,21,PHI,C,67,62,1965,.521,5.1,.997,.545,.228,.106,.118,.003,.521,.716,.306,.306,.232,.500,.669,1.000,.278,151,.000,,0,0,,noelne01
123,Garrett Temple,29,WAS,SF,80,43,1951,.398,15.7,.489,.261,.071,.046,.113,.511,.453,.561,.306,.348,.333,.345,.571,.944,.026,13,.457,.364,1,0,,templga01
124,Taj Gibson,30,CHI,PF,73,55,1936,.526,5.8,.994,.524,.188,.160,.124,.006,.529,.630,.447,.388,.403,.000,.643,,.152,71,.000,,0,0,,gibsota01
125,Rudy Gobert,23,UTA,C,61,60,1932,.559,1.8,1.000,.802,.175,.006,.017,.000,.559,.641,.226,.000,.333,,.626,,.297,96,,,0,0,DPOY-7,goberru01
126,Jared Sullinger,23,BOS,PF,81,73,1915,.435,11.3,.872,.292,.202,.092,.287,.128,.458,.591,.399,.351,.398,.282,.609,1.000,.009,7,.019,.500,2,0,,sullija01
127,Lou Williams,29,LAL,SG,67,35,1907,.408,16.3,.538,.153,.126,.121,.140,.462,.464,.594,.437,.345,.443,.344,.295,.655,.009,4,.259,.361,1,0,,willilo02
128,Robert Covington,25,PHI,SF,67,49,1903,.385,18.5,.323,.190,.083,.027,.024,.677,.452,.593,.237,.211,.353,.353,.558,.947,.015,9,.137,.333,3,1,,covinro01
129,Ersan İlyasova,28,2TM,PF,74,56,1881,.424,13.2,.608,.292,.124,.050,.144,.392,.458,.570,.317,.394,.368,.371,.641,.927,.003,1,.131,.353,0,0,,ilyaser01
129,Ersan İlyasova,28,DET,PF,52,52,1434,.425,14.6,.577,.266,.126,.049,.136,.423,.471,.593,.297,.440,.406,.363,.638,.936,.002,0,.140,.333,0,0,,ilyaser01
129,Ersan İlyasova,28,ORL,PF,22,4,447,.418,11.8,.712,.379,.118,.052,.170,.288,.422,.517,.389,.250,.269,.409,.652,.889,.007,1,.091,.500,0,0,,ilyaser01
130,Omri Casspi,27,SAC,PF,69,21,1880,.481,13.0,.559,.280,.256,.023,.003,.441,.537,.661,.440,.214,.000,.409,.663,.857,.050,29,.168,.435,1,0,,casspom01
131,Roy Hibbert,29,LAL,C,81,81,1878,.443,8.3,.995,.297,.299,.146,.253,.005,.445,.623,.341,.383,.394,.000,.610,,.085,33,.000,,0,0,,hibbero01
132,Brandon Knight,24,PHO,SG,52,50,1870,.415,15.5,.608,.199,.132,.068,.210,.392,.461,.624,.407,.361,.372,.342,.251,.608,.006,5,.134,.468,1,0,,knighbr03
133,Matthew Dellavedova,25,CLE,PG,76,14,1867,.405,15.9,.532,.092,.241,.135,.065,.468,.401,.489,.398,.304,.485,.410,.321,.806,.000,0,.172,.488,0,0,,dellama01
134,Aaron Gordon,20,ORL,PF,78,37,1863,.473,10.3,.755,.454,.105,.086,.112,.245,.531,.654,.344,.340,.338,.296,.517,.976,.131,72,.380,.315,5,0,,gordoaa01
135,Kobe Bryant,37,LAL,SF,66,66,1863,.358,17.3,.580,.093,.102,.173,.213,.420,.410,.644,.398,.411,.312,.285,.328,.692,.004,5,.126,.322,1,0,AS,bryanko01
136,Doug McDermott,24,CHI,SF,81,4,1861,.452,14.5,.598,.242,.126,.093,.137,.402,.470,.577,.370,.467,.375,.425,.757,.982,.019,12,.282,.411,0,0,,mcderdo01
137,Danilo Gallinari,27,DEN,SF,53,53,1839,.410,14.5,.659,.297,.071,.061,.226,.341,.434,.538,.240,.302,.399,.364,.460,.885,.061,40,.121,.345,3,1,,gallida01
138,Jrue Holiday,25,NOP,PG,65,23,1831,.439,12.3,.723,.290,.164,.149,.121,.277,.478,.576,.418,.446,.363,.336,.207,.517,.011,10,.127,.212,2,1,6MOY-16,holidjr01
139,Alex Len,22,PHO,C,78,46,1821,.423,6.9,.989,.442,.224,.128,.192,.011,.426,.572,.279,.300,.350,.143,.669,1.000,.160,89,.571,.250,0,0,,lenal01
140,Ian Mahinmi,29,IND,C,71,71,1816,.589,3.8,1.000,.627,.248,.040,.085,.000,.589,.690,.486,.222,.316,,.758,,.123,51,,,0,0,,mahinia01
141,Nik Stauskas,22,PHI,SG,73,35,1809,.385,16.8,.404,.251,.057,.026,.070,.596,.473,.547,.290,.357,.395,.326,.558,.915,.039,18,.323,.343,0,0,,stausni01
142,Bismack Biyombo,23,TOR,C,82,22,1808,.542,3.5,.997,.656,.205,.101,.035,.003,.544,.640,.322,.448,.300,.000,.737,,.299,78,.000,,0,0,,biyombi01
143,Amir Johnson,28,BOS,PF,79,76,1800,.585,5.2,.899,.547,.305,.035,.014,.101,.624,.712,.508,.400,.333,.233,.665,1.000,.134,56,.233,.500,1,0,,johnsam01
144,Chandler Parsons,27,DAL,SF,61,51,1799,.492,13.6,.614,.300,.138,.052,.126,.386,.540,.713,.322,.412,.415,.414,.481,.865,.034,22,.175,.500,3,0,,parsoch01
145,Marc Gasol,31,MEM,C,52,52,1791,.464,10.2,.996,.164,.328,.240,.263,.004,.463,.595,.448,.424,.435,.667,.690,1.000,.031,19,.333,.000,0,0,,gasolma01
146,Chris Bosh,31,MIA,PF,53,53,1778,.467,14.5,.711,.206,.086,.149,.270,.289,.508,.715,.364,.456,.425,.365,.606,.975,.034,25,.257,.386,0,0,AS,boshch01
147,Cody Zeller,23,CHO,C,73,60,1774,.529,4.9,.977,.648,.151,.041,.137,.023,.539,.640,.439,.222,.267,.100,.787,1.000,.195,78,.200,.500,0,0,,zelleco01
148,Mike Conley,28,MEM,PG,56,56,1761,.422,13.5,.691,.261,.139,.115,.175,.309,.449,.544,.402,.400,.377,.363,.273,.782,.001,1,.177,.421,2,0,,conlemi01
149,Thabo Sefolosha,31,ATL,SF,75,11,1758,.505,12.1,.669,.417,.067,.048,.137,.331,.586,.665,.440,.444,.471,.341,.705,.952,.043,16,.512,.444,2,1,,sefolth01
150,Shane Larkin,23,BRK,PG,78,17,1751,.442,11.9,.785,.319,.149,.100,.217,.215,.464,.600,.427,.340,.349,.361,.339,.590,.000,0,.194,.286,0,0,,larkish01
151,Terrence Ross,24,TOR,SF,73,7,1747,.431,18.9,.458,.086,.061,.123,.190,.542,.484,.704,.474,.468,.395,.386,.540,.947,.035,22,.295,.380,2,0,,rosste01
152,Nikola Jokić,20,DEN,C,80,55,1733,.512,7.6,.860,.418,.293,.078,.068,.140,.541,.622,.477,.447,.415,.333,.595,.929,.018,11,.143,.333,0,0,ROY-3,jokicni01
153,Andre Iguodala,32,GSW,SF,65,1,1732,.478,14.5,.582,.310,.063,.073,.136,.418,.570,.728,.348,.407,.400,.351,.631,.944,.141,49,.377,.431,3,0,6MOY-2,iguodan01
154,Enes Freedom,23,OKC,C,82,1,1721,.576,4.9,.971,.620,.159,.120,.072,.029,.579,.650,.447,.512,.365,.476,.594,1.000,.065,42,.762,.500,1,0,6MOY-3,kanteen01
155,Frank Kaminsky,22,CHO,C,81,3,1708,.410,12.6,.615,.331,.187,.040,.057,.385,.455,.523,.408,.238,.367,.337,.578,.985,.034,15,.129,.269,1,0,,kaminfr01
156,Bradley Beal,22,WAS,SG,55,35,1708,.449,14.5,.661,.229,.114,.139,.179,.339,.481,.639,.451,.405,.357,.387,.429,.800,.029,21,.155,.429,2,0,,bealbr01
157,Kenneth Faried,26,DEN,PF,67,64,1694,.558,3.5,.997,.645,.251,.045,.056,.003,.558,.634,.452,.321,.343,.500,.684,1.000,.166,96,.500,1.000,1,0,,farieke01
158,Stanley Johnson,19,DET,SF,73,6,1687,.375,13.2,.658,.255,.173,.117,.113,.342,.410,.569,.308,.357,.265,.307,.346,.889,.020,10,.400,.378,3,0,,johnsst04
159,Mirza Teletović,30,PHO,PF,79,1,1686,.427,17.9,.408,.129,.134,.069,.076,.592,.476,.670,.413,.370,.356,.393,.536,.950,.013,10,.096,.364,1,0,6MOY-16,teletmi01
160,Ed Davis,26,POR,PF,81,0,1684,.611,2.0,1.000,.748,.240,.012,.000,.000,.611,.659,.469,.500,,,.583,,.131,40,,,0,0,6MOY-8,davised01
161,Shabazz Muhammad,23,MIN,SF,82,0,1682,.465,9.6,.777,.373,.232,.094,.078,.223,.516,.650,.418,.359,.358,.289,.615,1.000,.093,60,.421,.406,1,0,,muhamsh01
162,Marco Belinelli,29,SAC,SG,68,7,1672,.386,19.7,.532,.068,.052,.066,.346,.468,.456,.767,.303,.405,.427,.306,.805,.912,.008,5,.152,.400,5,0,,belinma01
163,Corey Brewer,29,HOU,SF,82,12,1669,.384,13.1,.594,.330,.149,.051,.065,.406,.460,.593,.268,.393,.278,.272,.682,.951,.029,15,.625,.293,9,0,,breweco01
164,Ramon Sessions,29,WAS,PG,82,5,1667,.473,8.6,.813,.434,.216,.105,.057,.188,.507,.576,.375,.468,.559,.324,.426,.889,.029,15,.243,.407,0,0,,sessira01
165,J.J. Barea,31,DAL,PG,74,16,1667,.446,13.5,.634,.193,.243,.113,.086,.366,.481,.591,.405,.525,.393,.385,.189,.570,.000,0,.146,.342,1,0,6MOY-12,bareajo01
166,Marcus Smart,21,BOS,PG,61,10,1667,.348,14.4,.544,.291,.146,.053,.055,.456,.427,.513,.312,.393,.310,.253,.390,.738,.013,5,.245,.203,4,0,,smartma01
167,Kyrie Irving,23,CLE,PG,53,53,1667,.448,13.2,.702,.243,.164,.131,.166,.298,.502,.584,.403,.504,.473,.321,.206,.595,.001,1,.218,.386,0,0,,irvinky01
168,Wesley Johnson,28,LAC,SF,80,9,1666,.404,18.9,.400,.140,.037,.047,.177,.600,.510,.708,.474,.458,.374,.333,.867,.981,.045,20,.424,.420,0,0,,johnswe01
169,Patty Mills,27,SAS,PG,81,3,1662,.425,18.7,.477,.142,.028,.034,.273,.523,.469,.655,.294,.429,.395,.384,.438,.846,.000,0,.253,.370,2,0,,millspa02
170,Michael Carter-Williams,24,MIL,PG,54,37,1649,.452,8.6,.901,.351,.270,.135,.144,.099,.472,.569,.460,.347,.375,.273,.360,.733,.050,24,.255,.357,1,0,,cartemi01
171,Nikola Mirotić,24,CHI,PF,66,38,1646,.407,17.3,.432,.210,.074,.053,.095,.568,.430,.602,.222,.156,.362,.390,.690,.948,.021,11,.228,.443,2,0,,mirotni01
172,Randy Foye,32,2TM,SG,81,8,1642,.351,17.3,.481,.195,.079,.029,.178,.519,.405,.553,.289,.286,.314,.300,.255,.693,.002,1,.264,.303,2,0,,foyera01
172,Randy Foye,32,DEN,SG,54,7,1070,.351,17.2,.492,.198,.087,.027,.180,.508,.409,.530,.276,.222,.367,.296,.254,.640,.003,1,.213,.333,2,0,,foyera01
172,Randy Foye,32,OKC,SG,27,1,572,.349,17.5,.456,.188,.060,.034,.174,.544,.397,.607,.333,.400,.192,.309,.259,.800,.000,0,.370,.267,0,0,,foyera01
173,Luis Scola,35,TOR,PF,76,76,1636,.450,11.6,.731,.268,.249,.074,.140,.269,.467,.613,.403,.341,.369,.404,.603,.985,.002,1,.497,.475,0,0,,scolalu01
174,Trevor Booker,28,UTA,PF,79,2,1632,.490,5.8,.894,.601,.186,.039,.070,.106,.513,.635,.306,.133,.222,.293,.596,1.000,.168,61,.780,.344,1,0,,booketr01
175,Alonzo Gee,28,NOP,SF,73,38,1632,.518,8.2,.765,.561,.082,.035,.078,.235,.590,.699,.286,.111,.350,.283,.687,1.000,.282,65,.900,.296,0,0,,geeal01
176,Markieff Morris,26,2TM,PF,64,45,1629,.425,12.8,.784,.258,.142,.182,.202,.216,.458,.600,.353,.435,.372,.303,.605,.979,.075,49,.142,.318,2,1,,morrima02
176,Markieff Morris,26,PHO,PF,37,24,917,.397,11.6,.824,.283,.165,.181,.195,.176,.420,.549,.310,.410,.333,.289,.523,1.000,.063,23,.079,.167,1,0,,morrima02
176,Markieff Morris,26,WAS,PF,27,21,712,.467,14.0,.725,.220,.108,.185,.213,.275,.524,.698,.452,.472,.426,.316,.716,.960,.094,26,.203,.375,1,1,,morrima02
177,Dennis Schröder,22,ATL,PG,80,6,1621,.421,12.6,.694,.371,.078,.063,.182,.306,.465,.528,.344,.388,.415,.322,.230,.727,.005,2,.109,.346,4,0,6MOY-9,schrode01
178,Tony Allen,34,MEM,SG,64,57,1620,.458,6.3,.910,.582,.168,.047,.113,.090,.468,.575,.203,.364,.358,.357,.580,.933,.051,23,.714,.367,0,0,DPOY-8DEF2,allento01
179,Tyson Chandler,33,PHO,C,66,60,1618,.583,2.8,.997,.768,.124,.038,.067,.003,.585,.685,.333,.167,.143,.000,.667,,.373,103,.000,,1,0,,chandty01
180,Wayne Ellington,28,BRK,SG,76,41,1615,.389,18.3,.522,.123,.045,.061,.294,.478,.416,.609,.320,.353,.364,.358,.574,.865,.011,6,.332,.393,1,0,,ellinwa01
181,T.J. McConnell,23,PHI,PG,81,17,1606,.470,12.4,.808,.190,.244,.241,.134,.192,.499,.580,.478,.500,.419,.348,.198,.613,.000,0,.180,.438,5,0,,mccontj01
182,Lavoy Allen,26,IND,PF,79,28,1599,.516,7.6,1.000,.381,.273,.103,.243,.000,.516,.709,.446,.289,.389,,.691,,.081,28,,,0,0,,allenla01
183,Jahlil Okafor,20,PHI,C,53,48,1591,.508,6.3,.992,.394,.327,.192,.079,.008,.511,.675,.463,.353,.274,.167,.412,1.000,.058,40,.167,.000,0,0,ROY-5,okafoja01
184,Gerald Green,30,MIA,SG,69,14,1557,.392,16.8,.557,.148,.075,.135,.199,.443,.446,.586,.318,.494,.359,.323,.527,.929,.046,22,.335,.333,1,0,,greenge01
185,Jonas Valančiūnas,23,TOR,C,60,59,1557,.565,4.2,1.000,.543,.312,.084,.062,.000,.565,.646,.473,.489,.424,,.611,,.112,53,,,0,0,,valanjo01
186,Andre Roberson,24,OKC,SG,70,70,1553,.496,9.8,.624,.533,.077,.007,.007,.376,.608,.637,.524,.000,.000,.311,.712,.969,.157,40,.748,.364,1,0,,roberan03
187,Tim Duncan,39,SAS,C,61,60,1536,.488,7.2,.995,.324,.406,.088,.179,.005,.490,.671,.458,.385,.278,.000,.684,,.011,4,.000,,1,0,,duncati01
188,Shaun Livingston,30,GSW,PG,78,3,1520,.536,9.2,.968,.259,.201,.404,.106,.032,.548,.724,.434,.523,.425,.167,.473,1.000,.106,36,.667,.250,1,0,6MOY-11,livinsh01
189,Darrell Arthur,27,DEN,PF,70,16,1516,.452,14.6,.761,.209,.096,.115,.342,.239,.473,.569,.362,.446,.455,.385,.784,1.000,.045,19,.282,.364,2,0,,arthuda01
190,Jordan Hill,28,IND,C,73,11,1513,.506,8.0,.998,.332,.281,.148,.237,.002,.507,.659,.474,.506,.338,.000,.561,,.067,35,1.000,.000,0,0,,hilljo01
191,Jerryd Bayless,27,MIL,SG,52,18,1505,.423,17.5,.471,.149,.101,.069,.156,.529,.408,.492,.295,.400,.397,.437,.393,.901,.011,4,.286,.439,2,0,,bayleje01
192,Raul Neto,23,UTA,PG,81,53,1499,.431,14.1,.612,.237,.153,.115,.108,.388,.453,.586,.328,.354,.444,.395,.233,.797,.002,1,.370,.417,3,0,,netora01
193,Kosta Koufos,26,SAC,C,78,14,1482,.532,4.4,1.000,.376,.541,.077,.005,.000,.532,.695,.450,.324,.000,,.742,,.063,27,,,0,0,,koufoko01
194,Eric Gordon,27,NOP,SG,45,44,1481,.418,16.3,.467,.225,.096,.033,.116,.533,.457,.524,.358,.500,.391,.384,.441,.850,.022,10,.153,.289,0,0,,gordoer01
195,Clint Capela,21,HOU,C,77,35,1471,.582,1.7,.997,.786,.209,.000,.003,.003,.583,.660,.301,,.000,.000,.667,,.277,98,.000,,1,0,,capelca01
196,Austin Rivers,23,LAC,SG,67,7,1464,.438,13.4,.641,.277,.165,.079,.120,.359,.495,.615,.447,.341,.387,.335,.341,.823,.006,2,.216,.400,1,0,,riverau01
197,C.J. Miles,28,IND,SF,64,24,1464,.409,18.5,.390,.158,.071,.055,.104,.610,.474,.560,.378,.486,.409,.367,.487,.915,.027,12,.155,.467,2,0,,milescj01
198,Tayshaun Prince,35,MIN,SF,77,44,1462,.445,14.5,.900,.127,.140,.127,.507,.100,.476,.759,.375,.483,.431,.174,.745,1.000,.022,5,.957,.182,0,0,,princta01
199,Maurice Harkless,22,POR,SF,78,14,1457,.474,9.7,.659,.501,.117,.012,.029,.341,.576,.660,.292,.400,.333,.279,.558,.949,.170,61,.486,.265,1,0,,harklma01
200,Andrew Bogut,31,GSW,C,70,66,1451,.627,2.7,.996,.677,.258,.047,.014,.004,.626,.757,.375,.231,.250,1.000,.764,.000,.297,78,.000,,0,0,,bogutan01
201,JaMychal Green,25,MEM,PF,78,15,1446,.465,8.6,.909,.481,.137,.067,.224,.091,.478,.563,.353,.455,.378,.333,.665,1.000,.133,53,.644,.379,1,0,,greenja01
202,Ben McLemore,22,SAC,SG,68,53,1443,.429,14.2,.593,.262,.138,.053,.141,.407,.474,.689,.238,.500,.297,.362,.680,.925,.053,21,.389,.347,0,0,,mclembe01
203,Derrick Williams,24,NYK,SF,80,9,1435,.450,11.3,.735,.391,.096,.094,.154,.265,.506,.633,.296,.453,.345,.293,.590,.864,.087,47,.353,.415,2,0,,willide02
204,Gerald Henderson,28,POR,SG,72,0,1431,.439,14.9,.743,.157,.096,.183,.304,.257,.468,.747,.314,.412,.410,.353,.500,.958,.043,22,.529,.444,0,0,,hendege02
205,Mario Hezonja,20,ORL,SF,79,9,1413,.433,16.9,.541,.203,.081,.050,.206,.459,.504,.659,.412,.476,.395,.349,.526,.836,.053,19,.182,.429,4,0,,hezonma01
206,Willie Cauley-Stein,22,SAC,C,66,39,1412,.563,3.7,.994,.602,.271,.065,.056,.006,.567,.667,.457,.364,.263,.000,.759,,.286,81,1.000,.000,0,0,,caulewi01
207,Ty Lawson,28,2TM,PG,66,13,1411,.393,13.8,.695,.237,.102,.121,.234,.305,.419,.571,.389,.395,.289,.333,.214,.806,.000,0,.194,.381,3,0,,lawsoty01
207,Ty Lawson,28,HOU,PG,53,12,1176,.387,14.9,.672,.216,.111,.111,.233,.328,.415,.581,.344,.406,.299,.330,.238,.839,.000,0,.191,.389,2,0,,lawsoty01
207,Ty Lawson,28,IND,PG,13,1,235,.418,12.7,.791,.328,.060,.164,.239,.209,.434,.545,.750,.364,.250,.357,.130,.600,.000,0,.214,.333,1,0,,lawsoty01
208,David West,35,SAS,PF,78,19,1404,.545,10.1,.984,.257,.230,.152,.346,.016,.546,.713,.485,.500,.484,.429,.784,1.000,.029,11,.143,.000,0,0,,westda01
209,Kelly Olynyk,24,BOS,C,69,8,1395,.455,12.8,.622,.356,.113,.056,.097,.378,.486,.657,.238,.323,.241,.405,.619,.953,.018,10,.110,.609,0,0,,olynyke01
210,Boris Diaw,33,SAS,PF,76,4,1386,.527,8.7,.820,.394,.277,.073,.076,.180,.564,.662,.547,.250,.414,.362,.480,.960,.000,0,.072,.200,1,0,6MOY-12,diawbo01
211,Trey Lyles,20,UTA,PF,80,33,1382,.438,12.8,.706,.236,.181,.126,.165,.294,.461,.573,.392,.418,.403,.383,.585,.959,.039,15,.547,.443,1,0,,lylestr01
212,Mario Chalmers,29,2TM,PG,61,7,1373,.410,12.8,.664,.320,.203,.056,.086,.336,.461,.528,.411,.360,.395,.309,.213,.739,.002,0,.255,.263,4,0,,chalmma01
212,Mario Chalmers,29,MIA,PG,6,0,120,.313,13.3,.656,.313,.188,.031,.125,.344,.429,.500,.167,1.000,.500,.091,.222,1.000,.000,0,.636,.143,1,0,,chalmma01
212,Mario Chalmers,29,MEM,PG,55,7,1253,.417,12.2,.665,.320,.204,.058,.083,.335,.464,.530,.429,.333,.382,.326,.213,.733,.002,0,.225,.290,3,0,,chalmma01
213,Lance Stephenson,25,2TM,SF,69,13,1372,.481,10.6,.835,.386,.154,.101,.194,.165,.500,.661,.315,.396,.380,.385,.253,.733,.027,11,.321,.280,1,0,,stephla01
213,Lance Stephenson,25,LAC,SF,43,10,680,.494,12.3,.717,.367,.078,.084,.187,.283,.529,.705,.308,.357,.355,.404,.270,.789,.036,5,.447,.333,1,0,,stephla01
213,Lance Stephenson,25,MEM,SF,26,3,692,.474,8.9,.899,.396,.195,.110,.198,.101,.487,.639,.317,.412,.393,.355,.244,.636,.023,6,.129,.000,0,0,,stephla01
214,Myles Turner,19,IND,C,60,30,1367,.498,10.8,.974,.292,.130,.189,.364,.026,.506,.690,.464,.400,.425,.214,.797,1.000,.053,26,.143,.500,0,0,ROY-8,turnemy01
215,Trey Burke,23,UTA,PG,64,0,1366,.413,16.2,.596,.159,.117,.118,.202,.404,.460,.525,.392,.480,.438,.344,.144,.909,.000,0,.215,.345,6,0,,burketr01
216,Brandon Bass,30,LAL,PF,66,0,1342,.549,5.1,.994,.596,.132,.151,.114,.006,.552,.667,.381,.396,.361,.000,.764,,.287,86,.000,,0,0,,bassbr01
217,Anthony Tolliver,30,DET,PF,72,5,1341,.386,21.3,.181,.099,.021,.021,.042,.819,.500,.667,.143,.429,.286,.360,.767,.990,.018,6,.320,.379,0,0,,tollian01
218,Meyers Leonard,23,POR,PF,61,10,1333,.448,18.0,.476,.103,.097,.124,.149,.524,.527,.533,.548,.500,.523,.377,.752,1.000,.025,9,.127,.345,2,0,,leoname01
219,Timofey Mozgov,29,CLE,C,76,48,1326,.565,4.7,.981,.610,.178,.103,.089,.019,.574,.689,.391,.297,.469,.143,.851,1.000,.251,78,.857,.167,0,0,,mozgoti01
220,Richard Jefferson,35,CLE,SF,74,5,1326,.458,16.1,.446,.231,.080,.054,.080,.554,.554,.750,.320,.353,.360,.382,.714,.955,.054,15,.486,.440,0,0,,jefferi01
221,Donald Sloan,28,BRK,PG,61,33,1318,.440,11.8,.717,.391,.103,.057,.166,.283,.462,.562,.333,.250,.379,.384,.310,.868,.003,1,.283,.429,2,0,,sloando01
222,Iman Shumpert,25,CLE,SG,54,5,1316,.374,16.7,.521,.197,.069,.072,.184,.479,.447,.600,.143,.227,.482,.295,.507,.977,.056,12,.404,.288,3,0,,shumpim01
223,Lance Thomas,27,NYK,PF,59,5,1313,.442,13.4,.715,.217,.183,.105,.209,.285,.458,.578,.357,.450,.425,.404,.592,.909,.026,10,.541,.390,1,0,,thomala01
224,P.J. Hairston,23,2TM,SF,66,52,1313,.355,16.9,.409,.218,.069,.042,.081,.591,.449,.596,.286,.235,.303,.290,.613,.971,.020,5,.257,.306,0,0,,hairspj02
224,P.J. Hairston,23,CHO,SF,48,43,938,.359,17.8,.377,.207,.054,.036,.080,.623,.433,.544,.200,.300,.364,.314,.756,.981,.014,2,.273,.340,0,0,,hairspj02
224,P.J. Hairston,23,MEM,SF,18,9,375,.348,16.0,.477,.242,.098,.053,.083,.523,.476,.688,.385,.143,.182,.232,.400,.938,.030,3,.217,.200,0,0,,hairspj02
225,Tony Snell,24,CHI,SF,64,33,1301,.372,15.6,.543,.204,.162,.035,.142,.457,.380,.478,.273,.667,.292,.361,.457,.946,.038,10,.232,.306,1,0,,snellto01
226,Devin Harris,32,DAL,PG,64,0,1280,.447,14.3,.578,.316,.104,.051,.107,.422,.532,.653,.333,.474,.400,.329,.470,.923,.000,0,.392,.419,6,0,,harride01
227,Rodney Stuckey,29,IND,PG,58,1,1275,.413,12.4,.813,.287,.129,.129,.271,.187,.453,.575,.368,.404,.383,.241,.405,.850,.002,0,.410,.206,3,0,,stuckro01
228,Luc Mbah a Moute,29,LAC,PF,75,61,1274,.454,8.2,.807,.536,.116,.029,.126,.193,.485,.541,.458,.000,.385,.325,.901,1.000,.063,10,.900,.333,0,0,,mbahalu01
229,Larry Nance Jr.,23,LAL,PF,63,22,1266,.527,8.1,.967,.463,.150,.097,.257,.033,.541,.683,.467,.345,.403,.100,.739,1.000,.197,53,.500,.200,2,0,,nancela02
230,Jerian Grant,23,NYK,PG,76,6,1265,.394,11.3,.744,.368,.138,.107,.130,.256,.454,.521,.426,.381,.353,.220,.333,.727,.015,6,.110,.455,1,0,,grantje02
231,E'Twaun Moore,26,CHI,SG,59,22,1263,.481,12.9,.733,.177,.260,.131,.165,.267,.491,.652,.485,.412,.391,.452,.436,.915,.015,6,.452,.468,0,0,,mooreet01
232,Toney Douglas,29,NOP,PG,61,18,1262,.411,16.1,.544,.200,.101,.106,.139,.456,.421,.584,.333,.234,.403,.399,.402,.679,.000,0,.187,.526,1,0,,douglto01
233,Jason Terry,38,HOU,SG,72,7,1258,.402,19.6,.306,.072,.093,.072,.069,.694,.504,.704,.514,.407,.385,.356,.397,.903,.000,0,.418,.376,1,0,,terryja01
234,Jon Leuer,26,PHO,PF,67,27,1255,.481,11.3,.764,.305,.180,.137,.142,.236,.511,.725,.345,.422,.348,.382,.604,1.000,.088,38,.145,.188,1,0,,leuerjo01
235,Kyle Anderson,22,SAS,SF,78,11,1245,.468,11.5,.875,.217,.200,.251,.210,.125,.488,.609,.373,.500,.452,.324,.484,1.000,.034,9,.865,.375,0,0,,anderky01
236,Joe Ingles,28,UTA,SF,81,2,1241,.426,20.1,.278,.120,.031,.017,.110,.722,.531,.743,.333,.800,.313,.386,.372,.901,.007,2,.367,.494,1,0,,inglejo01
237,Aron Baynes,29,DET,C,81,1,1233,.505,5.4,.995,.456,.318,.117,.104,.005,.508,.606,.434,.400,.425,.000,.753,,.112,39,.500,.000,0,0,,baynear01
238,Paul Pierce,38,LAC,SF,68,38,1231,.363,19.6,.390,.068,.055,.121,.146,.610,.445,.407,.318,.438,.517,.310,.493,.960,.003,1,.112,.222,0,0,,piercpa01
239,Jeremy Lamb,23,CHO,SG,66,0,1227,.451,13.7,.645,.292,.118,.096,.137,.355,.529,.631,.450,.367,.500,.309,.466,.786,.027,11,.138,.320,1,0,,lambje01
240,Ronnie Price,32,PHO,PG,62,18,1211,.384,19.1,.351,.142,.060,.046,.106,.649,.453,.628,.278,.429,.313,.347,.083,.868,.020,6,.276,.463,1,0,,pricero01
241,Channing Frye,32,2TM,C,70,32,1200,.438,19.4,.323,.112,.069,.037,.098,.677,.545,.641,.500,.462,.500,.387,.738,.989,.035,11,.221,.365,0,0,,fryech01
241,Channing Frye,32,ORL,PF,44,29,754,.435,19.2,.349,.140,.059,.022,.124,.651,.508,.615,.364,.500,.478,.397,.758,.979,.048,8,.215,.346,0,0,,fryech01
241,Channing Frye,32,CLE,C,26,3,446,.441,19.7,.292,.081,.081,.056,.068,.708,.596,.692,.615,.444,.545,.377,.714,1.000,.019,3,.228,.385,0,0,,fryech01
242,Norris Cole,27,NOP,PG,45,23,1198,.405,14.1,.789,.209,.124,.105,.351,.211,.427,.495,.400,.431,.394,.324,.258,.879,.010,5,.186,.474,0,0,,coleno01
243,Jason Smith,29,ORL,C,76,2,1181,.485,15.0,.968,.137,.058,.121,.652,.032,.493,.580,.379,.574,.470,.250,.888,1.000,.008,4,.438,.429,0,0,,smithja02
244,Ömer Aşık,29,NOP,C,68,64,1178,.533,1.5,1.000,.851,.133,.015,.005,.000,.533,.590,.231,.000,.000,,.712,,.231,43,,,0,0,,asikom01
245,D.J. Augustin,28,2TM,PG,62,0,1178,.423,15.5,.520,.260,.106,.071,.080,.480,.440,.516,.270,.480,.393,.405,.175,.632,.000,0,.220,.514,3,1,,augusdj01
245,D.J. Augustin,28,OKC,PG,34,0,519,.380,15.7,.496,.256,.099,.033,.107,.504,.367,.452,.250,.000,.385,.393,.227,.750,.000,0,.246,.400,1,0,,augusdj01
245,D.J. Augustin,28,DEN,PG,28,0,659,.445,15.3,.533,.262,.109,.092,.066,.467,.475,.550,.280,.571,.400,.411,.155,.568,.000,0,.206,.591,2,1,,augusdj01
246,Jonas Jerebko,28,BOS,PF,78,0,1176,.413,13.0,.622,.343,.136,.035,.108,.378,.421,.531,.308,.300,.258,.398,.693,1.000,.035,8,.343,.405,1,0,,jerebjo01
247,Noah Vonleh,20,POR,PF,78,56,1174,.421,9.3,.835,.417,.191,.054,.173,.165,.457,.603,.283,.467,.292,.239,.528,1.000,.129,33,.304,.286,0,0,,vonleno01
248,Blake Griffin,26,LAC,PF,35,35,1170,.499,11.2,.970,.292,.151,.070,.458,.030,.504,.739,.484,.357,.384,.333,.641,.667,.061,36,.167,.000,0,0,,griffbl01
249,JaKarr Sampson,22,2TM,SF,73,40,1160,.442,8.3,.801,.451,.256,.057,.041,.199,.496,.657,.284,.333,.231,.222,.563,.857,.107,26,.444,.214,0,0,,sampsja02
249,JaKarr Sampson,22,PHI,SF,47,18,691,.426,7.4,.832,.441,.302,.054,.035,.168,.476,.697,.246,.182,.143,.176,.525,.667,.079,11,.412,.143,0,0,,sampsja02
249,JaKarr Sampson,22,DEN,SF,26,22,469,.470,9.1,.748,.470,.174,.061,.052,.252,.535,.593,.400,.571,.333,.276,.630,1.000,.157,15,.483,.286,0,0,,sampsja02
250,Mike Scott,27,ATL,PF,75,0,1146,.468,13.7,.580,.263,.157,.093,.066,.420,.523,.636,.458,.571,.160,.392,.851,.968,.064,16,.222,.286,0,0,,scottmi01
251,Manu Ginóbili,38,SAS,SG,58,0,1134,.453,13.9,.589,.278,.138,.087,.085,.411,.496,.537,.450,.395,.541,.391,.543,.914,.005,2,.128,.522,1,0,,ginobma01
252,Archie Goodwin,21,PHO,PG,57,13,1114,.417,8.9,.765,.526,.130,.021,.088,.235,.474,.577,.145,.444,.351,.232,.346,.696,.064,24,.162,.125,1,0,,goodwar01
253,Marcus Thornton,28,2TM,SG,61,8,1109,.399,16.7,.502,.192,.116,.079,.113,.498,.460,.587,.333,.419,.410,.337,.424,.857,.000,0,.211,.386,4,0,,thornma01
253,Marcus Thornton,28,HOU,SG,47,6,885,.400,16.2,.503,.193,.120,.078,.113,.497,.461,.560,.346,.353,.490,.338,.416,.849,.000,0,.204,.409,3,0,,thornma01
253,Marcus Thornton,28,WAS,SG,14,2,224,.393,17.1,.495,.187,.103,.084,.112,.505,.453,.700,.273,.667,.083,.333,.458,.889,.000,0,.241,.308,1,0,,thornma01
254,Aaron Brooks,31,CHI,PG,69,0,1108,.401,14.4,.606,.237,.186,.102,.083,.394,.430,.468,.425,.396,.359,.357,.090,.576,.000,0,.086,.375,4,0,,brookaa01
255,Josh Richardson,22,MIA,SG,52,2,1107,.452,14.9,.577,.228,.107,.110,.132,.423,.446,.613,.310,.267,.417,.461,.414,.962,.055,14,.348,.550,0,0,,richajo01
256,Bobby Portis,20,CHI,PF,62,4,1102,.427,10.5,.881,.321,.197,.110,.250,.119,.443,.586,.372,.250,.404,.308,.629,.938,.069,24,.154,.000,1,0,,portibo01
257,Al Jefferson,31,CHO,C,47,18,1096,.485,7.9,1.000,.271,.341,.250,.139,.000,.485,.642,.407,.405,.514,,.555,,.028,13,,,0,0,,jeffeal01
258,Kevin Martin,32,2TM,SG,55,13,1095,.372,15.0,.675,.160,.126,.158,.234,.325,.378,.582,.340,.288,.316,.360,.542,.939,.033,13,.162,.500,0,0,,martike02
258,Kevin Martin,32,MIN,SG,39,12,834,.377,15.2,.692,.153,.123,.156,.260,.308,.381,.608,.341,.308,.310,.369,.557,.947,.039,12,.146,.467,0,0,,martike02
258,Kevin Martin,32,SAS,SG,16,1,261,.353,14.9,.612,.188,.141,.165,.129,.388,.365,.500,.333,.214,.364,.333,.474,.909,.012,1,.212,.571,0,0,,martike02
259,Nenê,33,WAS,PF,57,11,1094,.544,6.9,.992,.474,.180,.125,.214,.008,.549,.698,.449,.396,.390,.000,.641,,.112,39,.667,.000,0,0,,hilarne01
260,O.J. Mayo,28,MIL,SG,41,24,1090,.371,17.4,.495,.150,.081,.100,.165,.505,.421,.479,.192,.375,.509,.321,.522,.962,.000,0,.278,.244,0,0,,mayooj01
261,Leandro Barbosa,33,GSW,SG,68,0,1079,.462,11.8,.703,.368,.127,.073,.132,.297,.508,.632,.255,.296,.531,.355,.682,.974,.003,1,.309,.500,1,0,,barbole01
262,Nemanja Bjelica,27,MIN,PF,60,0,1075,.468,15.0,.468,.281,.136,.013,.038,.532,.564,.727,.344,.333,.222,.384,.677,.896,.026,6,.096,.500,0,0,,bjeline01
263,T.J. Warren,22,PHO,SF,47,4,1070,.501,10.8,.841,.274,.202,.204,.161,.159,.520,.678,.438,.489,.394,.400,.653,.929,.043,19,.543,.447,2,0,,warretj01
264,Eric Bledsoe,26,PHO,PG,31,31,1059,.453,12.8,.738,.264,.161,.093,.220,.262,.482,.585,.367,.543,.417,.372,.143,.479,.010,4,.109,.143,0,0,,bledser01
265,Shelvin Mack,25,2TM,PG,52,27,1058,.439,12.3,.699,.217,.280,.092,.113,.301,.493,.689,.440,.395,.319,.312,.294,.667,.000,0,.304,.395,0,0,,macksh01
265,Shelvin Mack,25,ATL,PG,24,0,179,.421,12.4,.716,.242,.211,.116,.147,.284,.529,.739,.500,.455,.286,.148,.361,.500,.000,0,.259,.286,0,0,,macksh01
265,Shelvin Mack,25,UTA,PG,28,27,879,.444,12.2,.694,.209,.300,.084,.103,.306,.482,.672,.427,.370,.333,.357,.271,.686,.000,0,.316,.419,0,0,,macksh01
266,Brandon Rush,30,GSW,SG,72,25,1055,.427,17.6,.396,.196,.062,.042,.096,.604,.447,.549,.250,.273,.440,.414,.891,.908,.038,8,.420,.364,0,0,,rushbr01
267,Terrence Jones,24,HOU,PF,50,11,1044,.452,8.5,.785,.444,.270,.027,.044,.215,.490,.638,.293,.200,.375,.316,.716,.920,.093,29,.203,.250,1,0,,joneste01
268,Joffrey Lauvergne,24,DEN,C,59,15,1041,.513,8.4,.861,.405,.247,.053,.155,.139,.557,.643,.489,.350,.508,.245,.714,.923,.116,37,.377,.200,0,0,,lauvejo01
269,Jameer Nelson,33,DEN,PG,39,15,1036,.368,17.3,.531,.150,.107,.052,.221,.469,.429,.630,.273,.375,.382,.299,.200,.512,.000,0,.076,.273,0,0,,nelsoja01
270,Spencer Hawes,27,CHO,PF,57,6,1035,.405,12.6,.667,.281,.173,.134,.078,.333,.422,.558,.358,.317,.250,.373,.616,1.000,.033,10,.255,.423,0,0,,hawessp01
271,Nick Young,30,LAL,SG,54,2,1033,.339,21.0,.363,.038,.022,.099,.204,.637,.363,.429,.250,.405,.342,.325,.490,.805,.003,0,.224,.415,0,0,,youngni01
272,Jarrett Jack,32,BRK,PG,32,32,1027,.391,15.4,.715,.109,.201,.098,.307,.285,.426,.615,.319,.343,.455,.304,.174,.548,.000,0,.235,.333,2,0,,jackja01
273,Vince Carter,39,MEM,SG,60,3,1005,.388,16.9,.507,.207,.093,.073,.134,.493,.425,.535,.313,.360,.370,.349,.500,.864,.052,16,.172,.345,4,2,,cartevi01
274,Rashad Vaughn,19,MIL,SG,70,6,1001,.305,17.2,.447,.154,.094,.083,.117,.553,.319,.341,.240,.227,.419,.293,.789,1.000,.008,1,.449,.258,0,0,,vaughra01
275,Dwight Powell,24,DAL,PF,69,2,992,.493,8.4,.946,.473,.108,.071,.294,.054,.514,.714,.250,.333,.333,.125,.889,1.000,.149,38,.375,.333,0,0,,poweldw01
276,Steve Blake,35,DET,PG,58,2,986,.388,21.0,.371,.104,.050,.058,.158,.629,.461,.720,.250,.214,.447,.344,.195,.712,.000,0,.258,.462,8,0,,blakest01
277,Markel Brown,24,BRK,SG,62,6,982,.394,14.6,.624,.255,.109,.040,.220,.376,.443,.573,.314,.385,.366,.314,.528,.842,.056,16,.322,.436,0,0,,brownma02
278,Kyle Singler,27,OKC,SF,68,2,977,.389,14.1,.561,.213,.204,.068,.077,.439,.452,.553,.400,.533,.235,.309,.732,1.000,.018,4,.598,.293,1,0,,singlky01
279,John Henson,25,MIL,C,57,1,960,.564,3.3,.997,.536,.405,.041,.014,.003,.566,.647,.475,.583,.000,.000,.756,,.120,30,.000,,0,0,,hensojo01
280,Chase Budinger,27,2TM,SF,66,2,929,.435,11.3,.640,.364,.142,.063,.071,.360,.523,.678,.324,.400,.235,.279,.600,.958,.059,14,.430,.270,0,0,,budinch01
280,Chase Budinger,27,IND,SF,49,2,729,.418,12.3,.644,.330,.155,.072,.088,.356,.488,.656,.333,.357,.235,.290,.607,.950,.062,12,.420,.276,0,0,,budinch01
280,Chase Budinger,27,PHO,SF,17,0,200,.511,10.3,.622,.511,.089,.022,.000,.378,.679,.739,.250,1.000,,.235,.579,1.000,.044,2,.471,.250,0,0,,budinch01
281,Anthony Morrow,30,OKC,SG,68,6,926,.408,19.1,.387,.060,.093,.114,.117,.613,.442,.500,.484,.342,.487,.387,.526,.911,.000,0,.412,.393,0,0,,morroan01
282,James Johnson,28,TOR,PF,57,32,926,.475,9.3,.725,.475,.167,.029,.054,.275,.540,.632,.400,.286,.308,.303,.340,1.000,.067,16,.515,.265,1,0,,johnsja01
283,Thomas Robinson,24,BRK,PF,71,7,917,.447,4.8,.997,.588,.210,.127,.072,.003,.448,.608,.230,.189,.238,.000,.531,,.124,32,.000,,1,0,,robinth01
284,Sasha Vujačić,31,NYK,SG,61,25,908,.383,19.2,.484,.112,.022,.065,.285,.516,.403,.548,.000,.167,.430,.364,.704,.942,.000,0,.217,.323,0,0,,vujacsa01
285,David Lee,32,2TM,PF,55,5,903,.531,3.9,.997,.606,.281,.054,.057,.003,.533,.635,.383,.389,.316,.000,.674,,.093,30,.000,,0,0,,leeda02
285,David Lee,32,BOS,PF,30,4,470,.453,4.6,.995,.557,.302,.068,.068,.005,.455,.533,.379,.385,.231,.000,.609,,.057,10,.000,,0,0,,leeda02
285,David Lee,32,DAL,PF,25,1,433,.636,3.2,1.000,.671,.252,.035,.042,.000,.636,.750,.389,.400,.500,,.736,,.140,20,,,0,0,,leeda02
286,Josh Smith,30,2TM,PF,55,7,880,.364,13.7,.590,.238,.229,.040,.083,.410,.417,.627,.300,.214,.241,.287,.605,.951,.049,14,.133,.263,2,0,,smithjo03
286,Josh Smith,30,LAC,PF,32,1,459,.383,12.3,.678,.283,.233,.050,.111,.322,.418,.608,.333,.111,.250,.310,.627,.944,.078,11,.069,.500,1,0,,smithjo03
286,Josh Smith,30,HOU,PF,23,6,421,.343,15.1,.497,.189,.225,.030,.053,.503,.417,.656,.263,.400,.222,.271,.571,.957,.018,3,.176,.200,1,0,,smithjo03
287,Quincy Acy,25,SAC,PF,59,29,876,.556,9.7,.771,.458,.121,.037,.154,.229,.606,.735,.385,.500,.424,.388,.710,.947,.215,43,.347,.529,0,0,,acyqu01
288,Miles Plumlee,27,MIL,C,61,14,870,.601,2.6,1.000,.687,.258,.043,.013,.000,.601,.638,.550,.500,.000,,.750,,.305,64,,,0,0,,plumlmi01
289,Marcelo Huertas,32,LAL,PG,53,0,869,.422,13.0,.735,.187,.283,.157,.109,.265,.479,.605,.477,.389,.400,.262,.284,.813,.000,0,.131,.125,6,0,,huertma01
290,Brandon Jennings,26,2TM,PG,48,7,868,.368,17.4,.490,.155,.118,.066,.148,.510,.409,.574,.361,.400,.289,.329,.246,.608,.000,0,.181,.321,3,0,,jennibr01
290,Brandon Jennings,26,DET,PG,23,1,416,.371,17.2,.462,.189,.140,.028,.098,.538,.439,.593,.400,.250,.286,.312,.345,.375,.000,0,.169,.308,3,0,,jennibr01
290,Brandon Jennings,26,ORL,PG,25,6,452,.366,17.5,.516,.124,.099,.099,.193,.484,.386,.550,.313,.438,.290,.346,.156,.815,.000,0,.192,.333,0,0,,jennibr01
291,Solomon Hill,24,IND,SF,59,3,866,.447,12.1,.644,.341,.163,.091,.053,.356,.515,.648,.353,.368,.364,.324,.493,1.000,.063,12,.365,.444,2,0,,hillso01
292,Tim Hardaway Jr.,23,ATL,SG,51,1,864,.430,17.0,.460,.226,.057,.042,.140,.540,.541,.700,.333,.455,.378,.336,.697,.938,.034,9,.294,.357,2,0,,hardati02
293,Tyler Johnson,23,MIA,SG,36,5,863,.486,13.0,.708,.329,.111,.070,.198,.292,.529,.625,.407,.529,.438,.380,.462,.963,.045,6,.310,.545,3,0,,johnsty01
294,Alexis Ajinça,27,NOP,C,59,17,861,.476,9.4,.997,.283,.257,.108,.346,.003,.478,.674,.346,.324,.468,.000,.767,,.098,27,.000,,0,0,,ajincal01
295,Chris Johnson,25,UTA,SF,70,2,857,.371,15.4,.490,.247,.088,.072,.082,.510,.474,.667,.118,.286,.438,.273,.489,.963,.021,3,.606,.267,1,0,,johnsch04
296,Johnny O'Bryant,22,MIL,PF,66,4,857,.411,9.3,.995,.344,.177,.096,.378,.005,.409,.472,.351,.200,.430,1.000,.729,1.000,.053,10,1.000,1.000,0,0,,obryajo01
297,Luke Babbitt,26,NOP,SF,47,13,845,.422,12.9,.623,.218,.263,.104,.038,.377,.433,.429,.447,.400,.455,.404,.538,.955,.010,3,.220,.292,0,0,,babbilu01
298,Kris Humphries,30,3TM,PF,53,17,835,.410,14.2,.634,.224,.125,.085,.200,.366,.465,.621,.216,.440,.458,.315,.782,.941,.064,18,.167,.278,1,0,,humphkr01
298,Kris Humphries,30,WAS,PF,28,14,466,.405,15.7,.576,.222,.101,.076,.177,.424,.451,.629,.125,.333,.464,.343,.756,.913,.051,7,.164,.273,1,0,,humphkr01
298,Kris Humphries,30,PHO,PF,4,3,74,.278,12.9,.722,.306,.139,.028,.250,.278,.269,.364,.000,.000,.333,.300,.857,1.000,.083,3,.200,.500,0,0,,humphkr01
298,Kris Humphries,30,ATL,PF,21,0,295,.465,14.1,.693,.198,.158,.119,.218,.307,.557,.750,.375,.583,.500,.258,.795,1.000,.079,8,.161,.200,0,0,,humphkr01
299,Marreese Speights,28,GSW,C,72,0,832,.432,12.5,.864,.252,.147,.079,.386,.136,.439,.513,.358,.278,.455,.387,.803,.917,.050,17,.097,.333,1,0,,speigma01
300,Pablo Prigioni,38,LAC,PG,59,3,823,.374,19.2,.354,.190,.068,.075,.020,.646,.519,.643,.400,.273,.667,.295,.148,.571,.000,0,.116,.455,4,0,,prigipa01
301,Andrew Nicholson,26,ORL,PF,56,0,823,.471,12.7,.632,.210,.294,.087,.042,.368,.536,.708,.484,.370,.385,.360,.362,.976,.061,17,.167,.421,0,0,,nichoan01
302,Jonathon Simmons,26,SAS,SG,55,2,813,.504,8.4,.806,.479,.194,.054,.074,.194,.533,.664,.340,.385,.333,.383,.558,1.000,.124,26,.447,.524,2,0,,simmojo02
303,Gary Neal,31,WAS,SG,40,2,807,.465,16.3,.692,.071,.160,.157,.305,.308,.489,.652,.538,.412,.465,.410,.473,.659,.000,0,.190,.368,0,0,,nealga01
304,Cole Aldrich,27,LAC,C,60,5,800,.596,2.8,1.000,.560,.427,.013,.000,.000,.596,.667,.521,.000,,,.776,,.093,17,,,0,0,,aldrico01
305,Alec Burks,24,UTA,SG,31,3,797,.410,12.1,.763,.278,.168,.132,.186,.237,.412,.570,.321,.341,.306,.405,.238,.625,.024,8,.354,.429,2,0,,burksal01
306,DeMarre Carroll,29,TOR,SF,26,22,786,.389,14.3,.563,.219,.207,.063,.074,.437,.388,.576,.286,.235,.250,.390,.542,.957,.019,5,.220,.385,0,0,,carrode01
307,Justin Holiday,26,2TM,SG,53,5,773,.386,15.3,.539,.263,.088,.061,.127,.461,.423,.483,.250,.214,.517,.343,.692,.972,.053,12,.362,.368,0,0,,holidju01
307,Justin Holiday,26,ATL,SG,26,1,263,.329,16.4,.384,.233,.068,.027,.055,.616,.500,.471,.400,.500,.750,.222,.786,1.000,.055,4,.578,.231,0,0,,holidju01
307,Justin Holiday,26,CHI,SG,27,4,510,.413,14.2,.613,.277,.097,.077,.161,.387,.400,.488,.200,.167,.480,.433,.658,.962,.052,8,.200,.667,0,0,,holidju01
308,Festus Ezeli,26,GSW,C,46,13,770,.548,2.9,1.000,.649,.272,.061,.018,.000,.548,.682,.339,.143,.250,,.816,,.342,68,,,0,0,,ezelife01
309,Tyreke Evans,26,NOP,SG,25,25,765,.433,10.3,.729,.513,.070,.016,.127,.271,.450,.509,.227,.000,.400,.388,.204,.545,.003,1,.059,.000,0,0,,evansty01
310,Kyle O'Quinn,25,NYK,PF,65,1,764,.476,10.6,.919,.299,.166,.151,.303,.081,.498,.630,.378,.488,.439,.227,.637,.600,.026,7,.136,.000,0,0,,oquinky01
311,Amar'e Stoudemire,33,MIA,C,52,36,762,.566,4.8,1.000,.624,.163,.063,.149,.000,.566,.623,.472,.500,.455,,.712,,.158,34,,,0,0,,stoudam01
312,Mo Williams,33,CLE,PG,41,14,748,.437,17.0,.662,.093,.096,.146,.328,.338,.480,.536,.379,.409,.525,.353,.240,.833,.000,0,.275,.357,1,1,,willima01
313,Tim Frazier,25,2TM,PG,51,2,741,.419,12.4,.790,.284,.144,.148,.218,.210,.442,.569,.364,.294,.420,.333,.288,.563,.004,1,.042,.000,0,0,,fraziti01
313,Tim Frazier,25,POR,PG,35,1,272,.333,12.6,.717,.300,.150,.100,.183,.283,.395,.444,.444,.333,.273,.176,.471,.667,.017,1,.059,.000,0,0,,fraziti01
313,Tim Frazier,25,NOP,PG,16,1,469,.450,12.2,.817,.278,.142,.166,.231,.183,.457,.617,.333,.286,.462,.419,.238,.538,.000,0,.032,.000,0,0,,fraziti01
314,Norman Powell,22,TOR,SG,49,24,725,.424,13.7,.611,.279,.109,.083,.144,.389,.436,.609,.120,.316,.394,.404,.344,.944,.061,14,.461,.512,0,0,,powelno01
315,James Anderson,26,SAC,SG,51,15,721,.376,14.8,.517,.253,.152,.051,.062,.483,.478,.622,.407,.000,.455,.267,.523,.870,.039,6,.198,.412,1,0,,anderja01
316,Tyler Zeller,26,BOS,C,60,3,710,.476,7.0,1.000,.434,.252,.072,.241,.000,.476,.675,.301,.190,.386,,.783,,.066,16,,,0,0,,zellety01
317,Beno Udrih,33,2TM,PG,44,5,707,.434,14.4,.778,.187,.051,.247,.288,.222,.461,.514,.400,.531,.386,.341,.352,.933,.000,0,.318,.500,2,0,,udrihbe01
317,Beno Udrih,33,MEM,PG,8,0,120,.435,14.0,.761,.239,.065,.174,.283,.239,.457,.455,.667,.500,.385,.364,.438,1.000,.000,0,.455,.600,0,0,,udrihbe01
317,Beno Udrih,33,MIA,PG,36,5,587,.434,14.9,.783,.171,.046,.270,.289,.217,.462,.538,.286,.537,.386,.333,.327,.909,.000,0,.273,.444,2,0,,udrihbe01
318,Dewayne Dedmon,26,ORL,C,58,20,705,.559,4.3,1.000,.599,.232,.090,.079,.000,.559,.651,.415,.500,.357,,.778,,.249,38,,,0,0,,dedmode01
319,Mike Dunleavy,35,CHI,SF,31,30,703,.410,15.8,.473,.277,.053,.048,.096,.527,.427,.596,.100,.111,.278,.394,.763,1.000,.005,1,.222,.409,0,0,,dunlemi02
320,Richaun Holmes,22,PHI,PF,51,1,702,.514,7.7,.802,.572,.126,.072,.032,.198,.596,.724,.214,.375,.286,.182,.717,1.000,.212,46,.091,.250,2,0,,holmeri01
321,Nick Collison,35,OKC,PF,59,4,699,.459,5.0,.982,.523,.294,.073,.092,.018,.467,.509,.406,.500,.400,.000,.660,,.046,4,.500,.000,0,0,,collini01
322,Cameron Payne,21,OKC,PG,57,1,698,.410,15.3,.601,.129,.194,.162,.115,.399,.467,.472,.426,.489,.500,.324,.141,.778,.004,1,.279,.355,1,0,,payneca01
323,Seth Curry,25,SAC,PG,44,9,692,.455,17.7,.504,.089,.147,.071,.196,.496,.460,.700,.394,.563,.364,.450,.423,.780,.000,0,.243,.556,1,0,,curryse01
324,Kelly Oubre Jr.,20,WAS,SF,63,9,671,.427,11.6,.626,.417,.142,.024,.043,.374,.492,.591,.333,.600,.000,.316,.523,1.000,.109,19,.291,.304,1,0,,oubreke01
325,Charlie Villanueva,31,DAL,PF,62,4,665,.382,15.5,.474,.190,.202,.046,.037,.526,.503,.629,.424,.467,.333,.273,.564,.979,.012,4,.163,.357,0,0,,villach01
326,Jeff Withey,25,UTA,C,51,10,658,.537,4.2,.988,.586,.259,.086,.056,.012,.544,.653,.405,.429,.222,.000,.805,,.198,27,.000,,1,0,,witheje01
327,C.J. Watson,31,ORL,PG,33,2,656,.343,15.8,.650,.197,.102,.102,.248,.350,.371,.481,.357,.571,.206,.292,.424,.929,.000,0,.292,.643,2,0,,watsocj01
328,Tyler Ennis,21,MIL,PG,46,7,654,.449,10.5,.791,.380,.144,.187,.080,.209,.480,.563,.296,.486,.400,.333,.338,1.000,.000,0,.179,.714,1,0,,ennisty01
329,Justin Anderson,22,DAL,SF,55,9,647,.406,14.9,.526,.251,.097,.063,.114,.474,.533,.773,.235,.455,.300,.265,.449,.909,.097,17,.410,.294,0,0,,anderju01
330,Joakim Noah,30,CHI,C,29,2,635,.383,2.9,.992,.737,.195,.015,.045,.008,.386,.439,.192,.500,.333,.000,.588,,.075,9,.000,,0,0,,noahjo01
331,Andrea Bargnani,30,BRK,C,46,0,634,.455,13.8,.943,.140,.122,.194,.487,.057,.471,.462,.471,.593,.426,.188,.863,1.000,.000,0,.000,,1,0,,bargnan01
332,Kirk Hinrich,35,2TM,PG,46,7,631,.380,15.9,.519,.194,.109,.070,.147,.481,.373,.480,.286,.000,.474,.387,.440,.708,.000,0,.258,.438,0,0,,hinriki01
332,Kirk Hinrich,35,CHI,PG,35,7,555,.398,16.3,.525,.186,.119,.059,.161,.475,.387,.500,.286,.000,.474,.411,.417,.696,.000,0,.250,.429,0,0,,hinriki01
332,Kirk Hinrich,35,ATL,PG,11,0,76,.182,15.5,.455,.273,.000,.182,.000,.545,.200,.333,,.000,,.167,1.000,1.000,.000,0,.333,.500,0,0,,hinriki01
333,Sean Kilpatrick,26,2TM,SG,31,0,616,.456,16.8,.578,.252,.148,.081,.096,.422,.538,.691,.375,.500,.423,.342,.571,.872,.015,3,.333,.395,0,0,,kilpase01
333,Sean Kilpatrick,26,DEN,SG,8,0,82,.381,19.9,.190,.095,.095,.000,.000,.810,1.000,1.000,1.000,,,.235,.250,1.000,.000,0,.471,.250,0,0,,kilpase01
333,Sean Kilpatrick,26,BRK,SG,23,0,534,.462,13.7,.610,.265,.153,.088,.104,.390,.526,.682,.342,.500,.423,.361,.588,.857,.016,3,.309,.433,0,0,,kilpase01
334,Rondae Hollis-Jefferson,21,BRK,SF,29,17,615,.457,9.2,.899,.449,.138,.080,.232,.101,.476,.581,.158,.636,.406,.286,.576,.750,.065,9,.357,.200,0,0,,holliro01
335,Shabazz Napier,24,ORL,PG,55,0,600,.338,18.1,.483,.134,.070,.065,.214,.517,.351,.259,.357,.385,.395,.327,.206,.647,.000,0,.154,.250,0,0,,napiesh01
336,Anthony Brown,23,LAL,SF,29,11,599,.310,18.1,.444,.143,.063,.087,.151,.556,.339,.389,.125,.455,.316,.286,.684,.950,.008,1,.314,.318,0,0,,brownan02
337,Josh McRoberts,28,MIA,PF,42,1,595,.372,13.4,.669,.264,.176,.088,.142,.331,.434,.564,.423,.154,.381,.245,.581,1.000,.061,8,.082,.250,1,0,,mcrobjo01
338,Metta World Peace,36,LAL,SF,35,5,590,.311,15.0,.525,.254,.107,.062,.102,.475,.312,.333,.211,.273,.389,.310,.414,.923,.006,1,.381,.313,0,0,,artesro01
339,Tiago Splitter,31,ATL,C,36,2,579,.523,3.0,.987,.748,.194,.013,.032,.013,.529,.595,.333,.000,.400,.000,.753,,.077,12,.500,.000,1,0,,splitti01
340,Ian Clark,24,GSW,SG,66,1,578,.441,14.5,.584,.238,.139,.114,.094,.416,.500,.625,.357,.391,.526,.357,.492,.933,.005,1,.333,.321,0,0,,clarkia01
341,Tyus Jones,19,MIN,PG,37,0,573,.359,13.5,.660,.205,.231,.096,.128,.340,.388,.531,.389,.200,.300,.302,.275,.625,.000,0,.189,.300,0,0,,jonesty01
342,Carl Landry,32,PHI,PF,36,12,569,.556,10.3,.948,.368,.112,.116,.352,.052,.561,.750,.357,.552,.432,.462,.759,1.000,.048,12,.154,.500,0,0,,landrca01
343,Mike Muscala,24,ATL,C,60,0,565,.500,11.9,.743,.342,.125,.092,.184,.257,.566,.673,.632,.286,.464,.308,.797,1.000,.046,6,.308,.250,1,0,,muscami01
344,Kevin Garnett,39,MIN,PF,38,38,556,.470,13.6,.991,.157,.122,.139,.574,.009,.474,.667,.500,.313,.455,.000,.944,,.017,1,1.000,.000,0,0,,garneke01
345,Donatas Motiejūnas,25,HOU,PF,37,22,547,.439,10.8,.722,.205,.400,.098,.020,.278,.500,.595,.488,.350,.500,.281,.716,1.000,.010,2,.368,.143,0,0,,motiedo01
346,Jusuf Nurkić,21,DEN,C,32,3,547,.417,4.5,.988,.483,.397,.041,.066,.012,.423,.496,.344,.300,.438,.000,.743,,.045,11,.000,,0,0,,nurkiju01
347,Kendrick Perkins,31,NOP,C,37,5,542,.533,6.3,1.000,.347,.453,.067,.133,.000,.533,.654,.529,.200,.400,,.850,,.027,2,,,0,0,,perkike01
348,Kevin Séraphin,26,NYK,C,48,0,526,.410,9.2,.990,.200,.337,.283,.171,.010,.414,.537,.435,.328,.371,.000,.607,,.044,7,.000,,1,0,,serapke01
349,Boban Marjanović,27,SAS,C,54,4,508,.603,4.6,1.000,.483,.345,.132,.040,.000,.603,.738,.500,.391,.571,,.619,,.201,32,,,0,0,,marjabo01
350,Glenn Robinson III,22,IND,SF,45,4,508,.430,11.9,.755,.331,.139,.060,.225,.245,.447,.580,.476,.222,.294,.378,.627,.929,.113,15,.405,.400,0,0,,robingl02
351,Sonny Weems,29,2TM,SF,43,0,499,.382,14.1,.627,.255,.118,.127,.127,.373,.391,.500,.385,.143,.429,.366,.630,1.000,.036,4,.390,.375,0,0,,weemsso01
351,Sonny Weems,29,PHO,SG,36,0,421,.393,14.9,.640,.247,.101,.135,.157,.360,.386,.500,.333,.167,.429,.406,.591,1.000,.034,3,.406,.462,0,0,,weemsso01
351,Sonny Weems,29,PHI,SF,7,0,78,.333,13.4,.571,.286,.190,.095,.000,.429,.417,.500,.500,.000,,.222,.800,1.000,.048,1,.333,.000,0,0,,weemsso01
352,Tarik Black,24,LAL,C,39,0,496,.548,2.8,1.000,.702,.240,.038,.029,.000,.548,.658,.320,.250,.000,,.737,,.346,31,,,0,0,,blackta01
353,Anderson Varejão,33,2TM,C,53,0,496,.427,7.9,.992,.379,.202,.194,.218,.008,.431,.511,.400,.500,.259,.000,.717,,.008,1,.000,,0,0,,varejan01
353,Anderson Varejão,33,CLE,C,31,0,310,.421,9.3,.987,.289,.224,.250,.224,.013,.427,.545,.294,.474,.353,.000,.750,,.000,0,.000,,0,0,,varejan01
353,Anderson Varejão,33,GSW,C,22,0,186,.438,6.5,1.000,.521,.167,.104,.208,.000,.438,.480,.625,.600,.100,,.667,,.021,1,,,0,0,,varejan01
354,Adreian Payne,24,MIN,PF,52,2,486,.366,12.6,.779,.228,.214,.076,.262,.221,.389,.606,.258,.273,.342,.281,.591,.889,.069,9,.250,.250,0,0,,paynead01
355,John Jenkins,24,2TM,SG,43,3,480,.444,15.6,.681,.169,.119,.056,.338,.319,.505,.704,.368,.333,.481,.314,.600,.875,.000,0,.294,.467,0,0,,jenkijo01
355,John Jenkins,24,DAL,SG,21,1,193,.414,15.4,.729,.129,.157,.071,.371,.271,.510,.778,.455,.400,.462,.158,.615,1.000,.000,0,.263,.200,0,0,,jenkijo01
355,John Jenkins,24,PHO,SG,22,2,287,.467,15.7,.644,.200,.089,.044,.311,.356,.500,.667,.250,.250,.500,.406,.586,.846,.000,0,.313,.600,0,0,,jenkijo01
356,Troy Daniels,24,CHO,SG,43,0,476,.476,21.2,.348,.037,.053,.064,.193,.652,.462,.571,.400,.250,.528,.484,.800,.949,.000,0,.254,.613,0,0,,danietr01
357,Ray McCallum,24,2TM,PG,41,6,475,.377,13.8,.712,.226,.089,.178,.219,.288,.385,.606,.154,.346,.281,.357,.450,.933,.007,1,.310,.308,0,0,,mccalra01
357,Ray McCallum,24,SAS,PG,31,3,256,.403,12.1,.761,.299,.090,.224,.149,.239,.431,.600,.167,.400,.300,.313,.455,1.000,.015,1,.500,.375,0,0,,mccalra01
357,Ray McCallum,24,MEM,PG,10,3,219,.354,15.5,.671,.165,.089,.139,.278,.329,.340,.615,.143,.273,.273,.385,.444,.900,.000,0,.192,.200,0,0,,mccalra01
358,Jason Thompson,29,2TM,C,47,7,471,.481,7.7,.861,.398,.269,.111,.083,.139,.505,.651,.414,.250,.444,.333,.660,1.000,.074,8,.133,.000,0,0,,thompja02
358,Jason Thompson,29,GSW,C,28,1,179,.476,5.7,1.000,.405,.381,.167,.048,.000,.476,.647,.313,.429,.500,,.600,,.095,4,,,0,0,,thompja02
358,Jason Thompson,29,TOR,C,19,6,292,.485,9.7,.773,.394,.197,.076,.106,.227,.529,.654,.538,.000,.429,.333,.704,1.000,.061,4,.133,.000,0,0,,thompja02
359,Ryan Kelly,24,LAL,PF,36,0,470,.369,12.9,.752,.242,.188,.134,.188,.248,.446,.500,.393,.300,.536,.135,.720,1.000,.027,3,.216,.125,1,0,,kellyry01
360,Brian Roberts,30,2TM,PG,51,0,470,.448,14.9,.745,.188,.115,.091,.352,.255,.480,.645,.368,.333,.466,.357,.356,.667,.000,0,.167,.286,0,0,,roberbr01
360,Brian Roberts,30,CHO,PG,30,0,333,.443,14.8,.765,.191,.104,.096,.374,.235,.477,.591,.417,.273,.488,.333,.357,.556,.000,0,.111,.000,0,0,,roberbr01
360,Brian Roberts,30,POR,PG,21,0,137,.460,15.1,.700,.180,.140,.080,.300,.300,.486,.778,.286,.500,.400,.400,.353,.833,.000,0,.267,.500,0,0,,roberbr01
361,James Jones,35,CLE,SF,48,0,463,.408,21.7,.268,.035,.021,.106,.113,.732,.447,.800,.667,.333,.438,.394,.765,.927,.007,1,.212,.455,0,0,,jonesja02
362,Andre Miller,39,2TM,PG,39,4,461,.557,8.4,.925,.462,.179,.208,.075,.075,.582,.612,.579,.500,.625,.250,.333,1.000,.000,0,.125,.000,3,0,,millean02
362,Andre Miller,39,MIN,PG,26,0,280,.621,8.5,.931,.534,.138,.190,.069,.069,.648,.677,.625,.545,.750,.250,.371,1.000,.000,0,.000,,3,0,,millean02
362,Andre Miller,39,SAS,PG,13,4,181,.479,8.4,.917,.375,.229,.229,.083,.083,.500,.500,.545,.455,.500,.250,.273,1.000,.000,0,.250,.000,0,0,,millean02
363,Greivis Vásquez,29,MIL,PG,23,0,460,.326,16.9,.471,.174,.130,.072,.094,.529,.415,.458,.278,.600,.385,.247,.444,.667,.000,0,.137,.200,2,0,,vasqugr01
364,Ryan Hollins,31,2TM,C,37,12,460,.620,4.4,1.000,.633,.304,.038,.025,.000,.620,.700,.458,1.000,.000,,.714,,.354,24,,,0,0,,holliry01
364,Ryan Hollins,31,WAS,C,5,3,48,.571,6.3,1.000,.429,.286,.143,.143,.000,.571,.667,.500,1.000,.000,,.750,,.143,1,,,0,0,,holliry01
364,Ryan Hollins,31,MEM,C,32,9,412,.625,2.4,1.000,.653,.306,.028,.014,.000,.625,.702,.455,1.000,.000,,.711,,.375,23,,,0,0,,holliry01
365,J.J. Hickson,27,2TM,C,35,9,436,.516,5.2,.994,.561,.213,.135,.084,.006,.519,.690,.303,.286,.308,.000,.713,,.187,29,.000,,0,0,,hicksjj01
365,J.J. Hickson,27,DEN,C,20,9,305,.505,4.7,1.000,.587,.183,.147,.083,.000,.505,.672,.250,.188,.444,,.764,,.211,23,,,0,0,,hicksjj01
365,J.J. Hickson,27,WAS,C,15,0,131,.543,5.7,.978,.500,.283,.109,.087,.022,.556,.739,.385,.600,.000,.000,.600,,.130,6,.000,,0,0,,hicksjj01
366,Rasual Butler,36,SAS,SF,46,0,432,.471,16.0,.529,.183,.115,.106,.135,.471,.618,.789,.250,.455,.786,.306,.676,1.000,.029,3,.388,.316,0,0,,butlera01
367,Reggie Bullock,24,DET,SF,37,0,429,.439,16.6,.459,.204,.051,.112,.092,.541,.467,.550,.400,.364,.444,.415,.619,1.000,.020,2,.491,.500,0,0,,bullore01
368,Willie Reed,25,BRK,C,39,2,426,.571,3.7,1.000,.609,.286,.060,.045,.000,.571,.704,.421,.250,.167,,.684,,.211,24,,,0,0,,reedwi02
369,Jared Cunningham,24,2TM,SG,44,3,410,.343,14.0,.629,.362,.124,.029,.114,.371,.364,.579,.000,.333,.083,.308,.667,1.000,.086,7,.487,.421,1,0,,cunnija01
369,Jared Cunningham,24,CLE,SG,40,3,355,.352,11.9,.648,.385,.110,.033,.121,.352,.373,.571,.000,.333,.091,.313,.682,1.000,.099,7,.500,.438,0,0,,cunnija01
369,Jared Cunningham,24,MIL,SG,4,0,55,.286,16.1,.500,.214,.214,.000,.071,.500,.286,.667,.000,,.000,.286,.500,1.000,.000,0,.429,.333,1,0,,cunnija01
370,Chris Andersen,37,2TM,C,27,15,402,.528,10.8,.806,.639,.056,.028,.083,.194,.586,.674,.000,.000,.500,.286,.676,1.000,.097,7,.071,.000,0,0,,anderch01
370,Chris Andersen,37,MIA,C,7,1,36,.400,15.2,.500,.300,.100,.000,.100,.500,.400,.667,.000,,.000,.400,.000,1.000,.100,1,.000,,0,0,,anderch01
370,Chris Andersen,37,MEM,C,20,14,366,.548,6.4,.855,.694,.048,.032,.081,.145,.604,.674,.000,.000,.600,.222,.719,1.000,.097,6,.111,.000,0,0,,anderch01
371,Kendall Marshall,24,PHI,PG,30,6,400,.364,16.4,.585,.169,.127,.119,.169,.415,.391,.550,.267,.429,.300,.327,.296,.875,.000,0,.224,.364,1,0,,marshke01
372,Sergey Karasev,22,BRK,SF,40,5,399,.405,17.2,.500,.203,.068,.081,.149,.500,.514,.600,.800,.167,.455,.297,.632,1.000,.000,0,.270,.200,1,0,,karasse01
373,Salah Mejri,29,DAL,C,34,6,397,.628,1.7,.987,.859,.103,.000,.026,.013,.636,.716,.125,,.000,.000,.755,,.423,31,.000,,0,0,,mejrisa01
374,Lamar Patterson,24,ATL,SG,35,0,395,.350,17.3,.388,.250,.025,.050,.063,.613,.516,.650,.500,.250,.200,.245,.750,.917,.000,0,.265,.385,0,0,,pattela01
375,Joe Young,23,IND,PG,41,0,384,.367,14.7,.728,.207,.136,.071,.320,.272,.423,.571,.304,.333,.389,.217,.173,.700,.030,4,.196,.222,0,0,,youngjo01
376,Darrun Hilliard,22,DET,SG,38,2,383,.397,15.9,.618,.214,.099,.076,.237,.382,.407,.571,.077,.400,.387,.380,.424,.895,.015,2,.400,.350,3,0,,hillida01
377,Jarell Martin,21,MEM,PF,27,0,380,.466,7.8,.983,.466,.172,.129,.216,.017,.474,.574,.350,.600,.280,.000,.574,,.052,5,.000,,1,0,,martija01
378,Montrezl Harrell,22,HOU,PF,39,1,379,.644,3.4,.989,.667,.233,.022,.067,.011,.652,.750,.524,.000,.333,.000,.638,,.311,26,.000,,0,0,,harremo01
379,Mike Miller,35,DEN,SF,47,2,373,.355,22.2,.161,.032,.065,.032,.032,.839,.300,.500,.250,.500,.000,.365,.667,.842,.000,0,.192,.400,0,0,,millemi01
380,JaVale McGee,28,DAL,C,34,2,370,.575,3.6,.993,.664,.179,.067,.082,.007,.579,.719,.250,.111,.545,.000,.701,,.388,49,.000,,0,0,,mcgeeja01
381,Michael Beasley,27,HOU,PF,20,0,363,.522,8.9,.956,.361,.205,.161,.229,.044,.531,.649,.476,.455,.447,.333,.567,1.000,.049,10,.667,.333,0,0,,beaslmi01
382,Chris McCullough,20,BRK,PF,24,4,362,.404,14.0,.688,.303,.092,.055,.229,.312,.413,.545,.300,.167,.360,.382,.710,.923,.119,11,.235,.250,1,0,,mcculch01
383,Tyler Hansbrough,30,CHO,PF,44,0,343,.451,3.5,.958,.606,.310,.028,.014,.042,.441,.581,.182,.500,.000,.667,.567,1.000,.141,9,.000,,0,0,,hansbty01
384,James Ennis III,25,3TM,SF,22,5,329,.478,16.0,.487,.372,.044,.009,.062,.513,.509,.595,.200,.000,.286,.448,.714,.885,.097,10,.276,.563,0,0,,ennisja01
384,James Ennis III,25,MIA,SF,3,0,7,,,,,,,,,,,,,,,,,,0,,,0,0,,ennisja01
384,James Ennis III,25,MEM,SF,10,0,40,.308,18.1,.385,.231,.000,.000,.154,.615,.400,.667,,,.000,.250,.500,1.000,.077,1,.125,1.000,0,0,,ennisja01
384,James Ennis III,25,NOP,SF,9,5,282,.500,13.8,.500,.390,.050,.010,.050,.500,.520,.590,.200,.000,.400,.480,.731,.875,.100,9,.300,.533,0,0,,ennisja01
385,Cristiano Felício,23,CHI,C,31,4,321,.556,7.0,.944,.583,.097,.028,.236,.056,.588,.619,.571,.500,.529,.000,.800,,.139,9,.000,,0,0,,feliccr01
386,Robert Sacre,26,LAL,C,25,1,320,.413,7.1,1.000,.280,.373,.213,.133,.000,.413,.619,.143,.625,.400,,.710,,.067,5,,,0,0,,sacrero01
387,R.J. Hunter,22,BOS,SG,36,0,315,.367,19.6,.357,.133,.061,.010,.153,.643,.486,.615,.333,1.000,.400,.302,.647,.842,.031,3,.365,.261,0,0,,hunterj01
388,Terry Rozier,21,BOS,PG,39,0,311,.274,12.4,.745,.292,.142,.132,.179,.255,.291,.355,.200,.214,.316,.222,.261,1.000,.000,0,.333,.333,0,0,,roziete01
389,Drew Gooden,34,WAS,PF,30,0,305,.320,15.3,.602,.243,.087,.107,.175,.398,.419,.480,.333,.364,.389,.171,.423,1.000,.019,1,.146,.333,0,0,,goodedr01
390,Axel Toupane,23,DEN,SF,21,0,305,.357,16.5,.429,.229,.043,.043,.114,.571,.400,.563,.000,.000,.375,.325,.917,1.000,.014,1,1.000,.325,0,0,,toupaax01
391,Jordan Hamilton,25,NOP,SF,11,4,304,.422,14.0,.612,.293,.121,.086,.112,.388,.507,.647,.357,.300,.462,.289,.389,.769,.017,2,.156,.143,0,0,,hamiljo02
392,Kostas Papanikolaou,25,DEN,SF,26,6,294,.364,15.7,.515,.288,.061,.076,.091,.485,.412,.579,.000,.200,.333,.313,.571,.900,.015,1,.250,.250,1,0,,papanko01
393,Jordan Farmar,29,MEM,PG,12,10,291,.420,15.8,.550,.200,.100,.090,.160,.450,.473,.550,.300,.333,.563,.356,.192,.438,.000,0,.244,.364,0,0,,farmajo01
394,Phil Pressey,24,2TM,PG,23,0,283,.385,9.8,.769,.462,.115,.051,.141,.231,.433,.583,.111,.500,.182,.222,.115,.500,.038,1,.056,.000,1,0,,pressph01
394,Phil Pressey,24,PHI,PG,14,0,170,.382,10.4,.764,.455,.127,.055,.127,.236,.405,.560,.000,.333,.286,.308,.176,.500,.036,1,.077,.000,1,0,,pressph01
394,Phil Pressey,24,PHO,PG,9,0,113,.391,9.3,.783,.478,.087,.043,.174,.217,.500,.636,.500,1.000,.000,.000,.000,,.043,0,.000,,0,0,,pressph01
395,Bryce Dejean-Jones,23,NOP,SG,14,11,279,.406,15.3,.536,.319,.014,.058,.145,.464,.432,.455,.000,.250,.500,.375,.375,.833,.101,4,.188,.333,0,0,,dejeabr01
396,Damjan Rudež,29,MIN,SF,33,0,277,.403,20.3,.194,.161,.016,.016,.000,.806,.667,.800,.000,.000,,.340,.750,1.000,.016,1,.240,.250,1,0,,rudezda01
397,Henry Sims,25,BRK,C,14,4,263,.429,7.8,1.000,.416,.195,.195,.182,.000,.429,.531,.400,.333,.357,,.879,,.039,3,,,0,0,,simshe01
398,James Michael McAdoo,23,GSW,PF,41,1,262,.536,3.8,.976,.643,.226,.060,.048,.024,.537,.648,.105,.800,.750,.500,.773,1.000,.190,15,.000,,0,0,,mcadoja01
399,Udonis Haslem,35,MIA,PF,37,0,260,.377,13.1,.852,.197,.115,.213,.328,.148,.423,.667,.571,.385,.250,.111,.909,1.000,.016,1,.667,.167,0,0,,hasleud01
400,Jeremy Evans,28,DAL,SF,30,2,251,.542,10.3,.667,.521,.063,.021,.063,.333,.688,.760,.333,.000,.667,.250,.864,1.000,.271,12,.438,.143,0,0,,evansje01
401,Devyn Marble,23,ORL,SG,28,0,249,.296,15.8,.549,.239,.070,.070,.169,.451,.333,.529,.400,.000,.167,.250,.462,1.000,.000,0,.250,.375,0,0,,marblde01
402,Xavier Munford,23,MEM,SG,14,0,244,.416,13.5,.701,.156,.273,.130,.143,.299,.426,.500,.429,.300,.455,.391,.304,.778,.013,1,.217,.400,0,0,,munfoxa02
403,K.J. McDaniels,22,HOU,SF,37,1,235,.403,11.0,.653,.403,.139,.056,.056,.347,.468,.552,.400,.250,.250,.280,.545,.857,.153,10,.360,.333,0,0,,mcdankj01
404,Delon Wright,23,TOR,PG,27,1,229,.450,8.2,.838,.513,.188,.063,.088,.163,.463,.561,.333,.200,.286,.385,.161,.200,.013,1,.154,.000,0,0,,wrighde01
405,Lucas Nogueira,23,TOR,C,29,1,225,.636,3.1,.932,.818,.068,.023,.023,.068,.659,.722,.333,.000,.000,.333,.963,1.000,.409,17,.000,,0,0,,noguelu01
406,Elton Brand,36,PHI,C,17,1,225,.431,10.9,.986,.153,.125,.514,.194,.014,.437,.727,.444,.270,.643,.000,.839,,.000,0,1.000,.000,0,0,,brandel01
407,DeJuan Blair,26,WAS,C,29,0,218,.412,8.2,.985,.382,.250,.221,.132,.015,.418,.538,.294,.400,.333,.000,.821,,.000,0,.000,,1,0,,blairde01
408,Brandan Wright,28,MEM,PF,12,2,212,.673,4.2,1.000,.519,.346,.058,.077,.000,.673,.815,.556,.000,.750,,.714,,.269,13,,,0,0,,wrighbr03
409,Matt Bonner,35,SAS,C,30,2,206,.509,19.2,.404,.123,.105,.070,.105,.596,.609,.429,.833,.750,.500,.441,.714,1.000,.000,0,.147,.400,1,0,,bonnema01
410,Michael Kidd-Gilchrist,22,CHO,SF,7,7,205,.541,6.8,.885,.574,.131,.082,.098,.115,.556,.657,.250,.400,.500,.429,.533,1.000,.082,5,.429,.333,0,0,,kiddgmi01
411,Lou Amundson,33,NYK,PF,29,0,204,.358,4.8,1.000,.566,.226,.113,.094,.000,.358,.533,.167,.000,.200,,.632,,.038,2,,,0,0,,amundlo01
412,James Young,20,BOS,SG,29,0,199,.306,20.2,.278,.139,.056,.083,.000,.722,.500,.400,1.000,.333,,.231,.600,1.000,.000,0,.423,.091,2,0,,youngja01
413,Jordan McRae,24,2TM,PG,22,1,195,.436,12.8,.718,.295,.141,.179,.103,.282,.429,.609,.182,.429,.250,.455,.208,.500,.026,2,.227,.400,0,0,,mcraejo01
413,Jordan McRae,24,PHO,PG,7,0,82,.423,14.6,.577,.308,.038,.115,.115,.423,.533,.625,.000,.667,.333,.273,.250,.667,.077,2,.273,.333,0,0,,mcraejo01
413,Jordan McRae,24,CLE,PG,15,1,113,.442,11.0,.788,.288,.192,.212,.096,.212,.390,.600,.200,.364,.200,.636,.188,.429,.000,0,.182,.500,0,0,,mcraejo01
414,Greg Smith,25,MIN,PF,18,0,192,.563,1.4,1.000,.844,.156,.000,.000,.000,.563,.593,.400,,,,.778,,.219,5,,,0,0,,smithgr02
415,Alan Anderson,33,WAS,SG,13,0,192,.356,18.7,.373,.153,.085,.102,.034,.627,.409,.556,.200,.333,.500,.324,.333,1.000,.000,0,.216,.375,1,0,,anderal01
416,Caron Butler,35,SAC,SF,17,1,176,.424,18.8,.695,.034,.051,.153,.458,.305,.537,.500,.667,.667,.481,.167,.636,1.000,.000,0,.278,.200,1,0,,butleca01
417,Elijah Millsap,28,UTA,SG,20,0,173,.282,9.4,.692,.513,.128,.000,.051,.308,.370,.500,.000,,.000,.083,.500,1.000,.026,0,.500,.167,0,0,,millsel01
418,Briante Weber,23,2TM,PG,7,4,169,.359,9.2,.872,.103,.256,.231,.282,.128,.412,.750,.200,.333,.545,.000,.214,,.000,0,.000,,0,0,,weberbr01
418,Briante Weber,23,MEM,PG,6,4,166,.342,13.4,.868,.105,.237,.237,.289,.132,.394,.750,.111,.333,.545,.000,.231,,.000,0,.000,,0,0,,weberbr01
418,Briante Weber,23,MIA,PG,1,0,3,1.000,5.0,1.000,.000,1.000,.000,.000,.000,1.000,,1.000,,,,.000,,.000,0,,,0,0,,weberbr01
419,C.J. Wilcox,25,LAC,SG,23,0,167,.394,16.9,.652,.152,.061,.091,.348,.348,.395,.700,.000,.333,.348,.391,.647,.889,.015,1,.130,1.000,0,0,,wilcocj01
420,Spencer Dinwiddie,22,DET,PG,12,0,159,.352,9.9,.815,.333,.185,.148,.130,.185,.409,.611,.100,.375,.429,.100,.111,.000,.019,1,.000,,0,0,,dinwisp01
421,Chris Copeland,31,MIL,PF,24,1,156,.333,19.2,.294,.137,.078,.020,.059,.706,.467,.714,.500,.000,.000,.278,.571,1.000,.000,0,.222,.125,0,0,,copelch01
422,Damien Inglis,20,MIL,SF,20,1,156,.351,13.7,.649,.351,.081,.135,.081,.351,.417,.615,.333,.200,.000,.231,.700,.667,.054,2,.385,.400,1,0,,inglida01
423,Nikola Peković,30,MIN,C,12,3,156,.380,4.5,1.000,.360,.600,.040,.000,.000,.380,.500,.300,.500,,,.842,,.000,0,,,0,0,,pekovni01
424,Cleanthony Early,24,NYK,SF,17,2,154,.300,15.3,.625,.250,.075,.025,.275,.375,.320,.500,.333,.000,.182,.267,.625,1.000,.000,0,.400,.000,0,0,,earlycl01
425,Jarell Eddie,24,WAS,SF,26,0,147,.308,22.1,.277,.046,.077,.031,.123,.723,.278,.000,.200,.000,.500,.319,.800,.933,.000,0,.213,.300,1,0,,eddieja01
426,Christian Wood,20,PHI,PF,17,0,145,.415,9.0,.792,.453,.170,.075,.094,.208,.429,.625,.111,.500,.000,.364,.667,.750,.151,6,.182,.500,0,0,,woodch01
427,Tony Wroten,22,PHI,PG,8,3,144,.338,8.4,.738,.569,.123,.031,.015,.262,.396,.486,.000,.000,1.000,.176,.158,1.000,.000,0,.059,.000,0,0,,wroteto01
428,Pat Connaughton,23,POR,SG,34,0,143,.265,14.2,.571,.286,.122,.061,.102,.429,.286,.429,.167,.000,.200,.238,.500,.800,.000,0,.143,.000,0,0,,connapa01
429,Chris Kaman,33,POR,C,16,2,112,.465,12.3,.907,.209,.140,.186,.372,.093,.487,.556,.667,.250,.500,.250,.737,1.000,.000,0,.250,.000,0,0,,kamanch01
430,Jeff Ayres,28,LAC,C,17,0,107,.522,6.7,.957,.478,.217,.130,.130,.043,.545,.636,.000,1.000,.667,.000,.750,,.087,1,.000,,0,0,,pendeje02
431,Cameron Bairstow,25,CHI,C,18,2,103,.325,10.3,.875,.275,.250,.150,.200,.125,.343,.273,.300,.500,.375,.200,.667,1.000,.000,0,.600,.333,0,0,,bairsca01
432,Orlando Johnson,26,2TM,SG,7,1,101,.265,12.6,.706,.382,.088,.059,.176,.294,.292,.385,.333,.000,.167,.200,.571,1.000,.000,0,.500,.400,0,0,,johnsor01
432,Orlando Johnson,26,PHO,SG,2,0,47,.294,11.9,.706,.471,.059,.059,.118,.294,.333,.500,.000,.000,.000,.200,.500,1.000,.000,0,.600,.333,0,0,,johnsor01
432,Orlando Johnson,26,NOP,SG,5,1,54,.235,13.3,.706,.294,.118,.059,.235,.294,.250,.200,.500,.000,.250,.200,.667,1.000,.000,0,.400,.500,0,0,,johnsor01
433,Joel Anthony,33,DET,C,19,0,96,.600,4.4,1.000,.500,.200,.300,.000,.000,.600,.800,.000,.667,,,.667,,.200,2,,,0,0,,anthojo01
434,Sasha Kaun,30,CLE,C,25,0,95,.529,2.1,1.000,.765,.235,.000,.000,.000,.529,.692,.000,,,,.667,,.059,1,,,0,0,,kaunsa01
435,Aaron Harrison,21,CHO,SG,21,0,93,.263,17.2,.474,.211,.053,.000,.211,.526,.222,.500,.000,,.000,.300,1.000,.667,.000,0,.400,.250,0,0,,harriaa01
436,Anthony Bennett,22,TOR,PF,19,0,84,.296,14.7,.481,.296,.074,.074,.000,.519,.385,.625,.000,.000,,.214,.200,1.000,.074,2,.286,.500,0,0,,bennean01
437,Tibor Pleiß,26,UTA,C,12,0,82,.440,6.1,.920,.520,.240,.040,.120,.080,.478,.462,.167,1.000,1.000,.000,.909,,.120,3,.500,.000,0,0,,pleisti01
438,Edy Tavares,23,ATL,C,11,0,73,.579,2.8,1.000,.737,.158,.053,.053,.000,.579,.714,.333,.000,.000,,.636,,.316,5,,,0,0,,tavarwa01
439,Alex Stepheson,28,2TM,PF,8,0,73,.333,2.1,1.000,.556,.296,.111,.037,.000,.333,.467,.125,.333,.000,,.333,,.000,0,,,0,0,,stephal01
439,Alex Stepheson,28,LAC,PF,4,0,12,1.000,0.0,1.000,1.000,.000,.000,.000,.000,1.000,1.000,,,,,.000,,.000,0,,,0,0,,stephal01
439,Alex Stepheson,28,MEM,PF,4,0,61,.308,4.2,1.000,.538,.308,.115,.038,.000,.308,.429,.125,.333,.000,,.375,,.000,0,,,0,0,,stephal01
440,Mitch McGary,23,OKC,PF,20,0,72,.478,10.1,.826,.391,.130,.087,.217,.174,.579,.667,.333,.500,.600,.000,.545,,.087,2,.500,.000,0,0,,mcgarmi01
441,Alan Williams,23,PHO,PF,10,0,68,.417,2.9,1.000,.583,.375,.042,.000,.000,.417,.429,.444,.000,,,.500,,.000,0,,,0,0,,willial03
442,Russ Smith,24,MEM,PG,15,0,66,.318,8.6,.773,.455,.227,.045,.045,.227,.353,.500,.000,.000,1.000,.200,.167,1.000,.045,1,.200,1.000,0,0,,smithru01
443,Jorge Gutiérrez,27,CHO,PG,12,0,63,.545,12.5,.818,.273,.091,.091,.364,.182,.667,1.000,1.000,.000,.500,.000,.167,,.000,0,.500,.000,0,0,,gutiejo01
444,Lorenzo Brown,25,PHO,PG,8,0,61,.320,15.8,.680,.200,.080,.160,.240,.320,.412,.600,.500,.250,.333,.125,.286,1.000,.000,0,.000,,1,0,,brownlo01
445,Jordan Mickey,21,BOS,PF,16,0,57,.364,3.7,1.000,.682,.136,.091,.091,.000,.364,.467,.000,.500,.000,,.500,,.136,2,,,0,0,,mickejo01
446,Josh Huestis,24,OKC,PF,5,0,55,.417,17.4,.500,.083,.167,.083,.167,.500,.167,1.000,.000,.000,.000,.667,1.000,1.000,.083,1,.333,.500,0,0,,huestjo01
447,Andrew Goudelock,27,HOU,PG,8,0,50,.450,18.0,.550,.000,.200,.150,.200,.450,.727,,.500,1.000,.750,.111,.125,.000,.000,0,.222,.000,0,0,,goudean01
448,Cory Jefferson,25,PHO,PF,8,0,50,.409,5.2,.955,.591,.227,.045,.091,.045,.429,.615,.000,1.000,.000,.000,.778,,.227,5,.000,,0,0,,jeffeco01
449,Eric Moreland,24,SAC,PF,8,0,48,.500,2.5,1.000,.500,.500,.000,.000,.000,.500,1.000,.000,,,,1.000,,.333,2,,,0,0,,moreler01
450,Elliot Williams,26,MEM,PG,5,0,45,.200,19.0,.600,.000,.100,.000,.500,.400,.167,,.000,,.200,.250,1.000,.000,.000,0,.250,.000,0,0,,williel01
451,Steve Novak,32,2TM,PF,10,0,44,.444,23.6,.167,.000,.000,.056,.111,.833,.333,,,1.000,.000,.467,.000,1.000,.000,0,.400,.667,0,0,,novakst01
451,Steve Novak,32,OKC,PF,7,0,24,.500,22.3,.250,.000,.000,.083,.167,.750,.333,,,1.000,.000,.556,.000,1.000,.000,0,.556,.600,0,0,,novakst01
451,Steve Novak,32,MIL,PF,3,0,20,.333,25.0,.000,.000,.000,.000,.000,1.000,,,,,,.333,,1.000,.000,0,.167,1.000,0,0,,novakst01
452,Bruno Caboclo,20,TOR,SF,6,1,43,.083,18.9,.417,.000,.167,.083,.167,.583,.000,,.000,.000,.000,.143,,1.000,.000,0,.714,.200,0,0,,cabocbr01
453,Jodie Meeks,28,DET,SG,3,0,43,.350,15.6,.550,.150,.150,.150,.100,.450,.273,.333,.000,.667,.000,.444,1.000,.500,.000,0,.222,.000,0,0,,meeksjo01
454,Luis Montero,22,POR,SG,12,0,42,.263,18.3,.526,.211,.105,.000,.211,.474,.400,.500,.000,,.500,.111,.250,.000,.000,0,.111,.000,1,0,,montelu01
455,Dahntay Jones,35,CLE,SF,1,0,42,.429,11.1,.857,.286,.214,.143,.214,.143,.417,.000,.667,.500,.667,.500,.400,1.000,.000,0,.500,1.000,0,0,,jonesda02
456,Erick Green,24,2TM,PG,9,0,42,.385,20.5,.615,.000,.154,.154,.308,.385,.500,,.500,.500,.500,.200,.000,1.000,.000,0,.000,,0,0,,greener01
456,Erick Green,24,DEN,PG,3,0,7,.000,24.0,.000,.000,.000,.000,.000,1.000,,,,,,.000,,,.000,0,.000,,0,0,,greener01
456,Erick Green,24,UTA,PG,6,0,35,.417,17.0,.667,.000,.167,.167,.333,.333,.500,,.500,.500,.500,.250,.000,1.000,.000,0,.000,,0,0,,greener01
457,Shayne Whittington,24,IND,PF,7,0,41,.455,7.1,.818,.636,.091,.000,.091,.182,.556,.714,.000,,.000,.000,.400,,.000,0,.000,,0,0,,whittsh01
458,Bryce Cotton,23,2TM,PG,8,0,39,.400,15.9,.700,.100,.200,.000,.400,.300,.571,.000,.500,,.750,.000,.250,,.000,0,.000,,0,0,,cottobr01
458,Bryce Cotton,23,PHO,PG,3,0,33,.250,15.3,.625,.125,.250,.000,.250,.375,.400,.000,.500,,.500,.000,.500,,.000,0,.000,,0,0,,cottobr01
458,Bryce Cotton,23,MEM,PG,5,0,6,1.000,16.5,1.000,.000,.000,.000,1.000,.000,1.000,,,,1.000,,.000,,.000,0,,,0,0,,cottobr01
459,Cliff Alexander,20,POR,PF,8,0,36,.500,7.4,1.000,.400,.300,.100,.200,.000,.500,1.000,.000,.000,.500,,.400,,.200,2,,,0,0,,alexacl01
460,Justin Harper,26,DET,PF,5,0,35,.400,24.5,.100,.000,.000,.000,.100,.900,.000,,,,.000,.444,,1.000,.000,0,.000,,0,0,,harpeju01
461,Branden Dawson,22,LAC,PF,6,0,29,.400,2.8,1.000,.600,.400,.000,.000,.000,.400,.333,.500,,,,.500,,.000,0,,,0,0,,dawsobr01
462,Keith Appling,23,ORL,PG,5,0,27,.250,14.9,.625,.250,.000,.125,.250,.375,.400,1.000,,.000,.000,.000,.000,,.000,0,.667,.000,0,0,,applike01
463,Chuck Hayes,32,HOU,C,2,0,24,.500,5.0,1.000,.500,.500,.000,.000,.000,.500,1.000,.000,,,,1.000,,.000,0,,,0,0,,hayesch01
464,Duje Dukan,24,SAC,SF,1,0,24,.200,20.4,.500,.000,.100,.000,.400,.500,.000,,.000,,.000,.400,,1.000,.000,0,.400,.000,0,0,,dukandu01
465,Nate Robinson,31,NOP,PG,2,1,23,.000,24.0,.000,.000,.000,.000,.000,1.000,,,,,,.000,,,.000,0,.000,,0,0,,robinna01
466,Kevon Looney,19,GSW,PF,5,0,21,.571,12.1,.714,.286,.143,.286,.000,.286,.600,1.000,.000,.500,,.500,.333,1.000,.143,1,.000,,0,0,,looneke01
467,Nazr Mohammed,38,OKC,C,5,0,19,.600,10.0,1.000,.400,.000,.200,.400,.000,.600,1.000,,1.000,.000,,.333,,.000,0,,,0,0,,mohamna01
468,Jarnell Stokes,22,2TM,C,7,0,18,.600,8.2,1.000,.400,.200,.000,.400,.000,.600,1.000,1.000,,.000,,.667,,.000,0,,,0,0,,stokeja01
468,Jarnell Stokes,22,MEM,C,2,0,4,,,,,,,,,,,,,,,,,,0,,,0,0,,stokeja01
468,Jarnell Stokes,22,MIA,C,5,0,14,.600,8.2,1.000,.400,.200,.000,.400,.000,.600,1.000,1.000,,.000,,.667,,.000,0,,,0,0,,stokeja01
469,Jimmer Fredette,26,2TM,SG,6,0,18,.400,18.0,.600,.200,.400,.000,.000,.400,.333,1.000,.000,,,.500,1.000,1.000,.000,0,.000,,0,0,,fredeji01
469,Jimmer Fredette,26,NOP,SG,4,0,13,.250,11.0,.750,.250,.500,.000,.000,.250,.333,1.000,.000,,,.000,1.000,,.000,0,.000,,0,0,,fredeji01
469,Jimmer Fredette,26,NYK,SG,2,0,5,1.000,25.0,.000,.000,.000,.000,.000,1.000,,,,,,1.000,,1.000,.000,0,.000,,0,0,,fredeji01
470,Joe Harris,24,CLE,SG,5,0,15,.250,25.0,.000,.000,.000,.000,.000,1.000,,,,,,.250,,1.000,.000,0,.250,1.000,0,0,,harrijo01
471,Jordan Adams,21,MEM,SG,2,0,15,.333,10.8,.833,.333,.000,.500,.000,.167,.400,.500,,.333,,.000,.500,,.000,0,.000,,0,0,,adamsjo01
472,Coty Clarke,23,BOS,SF,3,0,6,.500,17.0,.500,.000,.250,.000,.250,.500,.000,,.000,,.000,1.000,,1.000,.000,0,.500,1.000,0,0,,clarkco01
473,Sam Dekker,21,HOU,PF,3,0,6,,,,,,,,,,,,,,,,,,0,,,0,0,,dekkesa01
474,Thanasis Antetokounmpo,23,NYK,SF,2,0,6,.750,7.0,.750,.750,.000,.000,.000,.250,1.000,1.000,,,,.000,.333,,.500,2,.000,,0,0,,antetth01
475,J.J. O'Brien,23,UTA,SF,2,0,6,.000,9.0,1.000,.000,1.000,.000,.000,.000,.000,,.000,,,,,,.000,0,,,0,0,,obriejj01
476,Rakeem Christmas,24,IND,PF,1,0,6,1.000,0.5,1.000,1.000,.000,.000,.000,.000,1.000,1.000,,,,,1.000,,.000,0,,,0,0,,chrisra01